/*
Navicat MySQL Data Transfer

Source Server         : localhost
Source Server Version : 50158
Source Host           : localhost:3306
Source Database       : jeesite

Target Server Type    : MYSQL
Target Server Version : 50158
File Encoding         : 65001

Date: 2014-05-15 11:31:34
*/

SET FOREIGN_KEY_CHECKS=0;

-- ----------------------------
-- Table structure for `account`
-- ----------------------------
DROP TABLE IF EXISTS `account`;
CREATE TABLE `account` (
  `id` bigint(20) NOT NULL AUTO_INCREMENT,
  `balance` int(11) DEFAULT NULL,
  `cpid` int(11) DEFAULT NULL,
  `freeze_num` int(11) DEFAULT NULL,
  PRIMARY KEY (`id`),
  UNIQUE KEY `id` (`id`)
) ENGINE=InnoDB DEFAULT CHARSET=utf8;

-- ----------------------------
-- Records of account
-- ----------------------------

-- ----------------------------
-- Table structure for `act_ge_bytearray`
-- ----------------------------
DROP TABLE IF EXISTS `act_ge_bytearray`;
CREATE TABLE `act_ge_bytearray` (
  `ID_` varchar(64) COLLATE utf8_bin NOT NULL DEFAULT '',
  `REV_` int(11) DEFAULT NULL,
  `NAME_` varchar(255) COLLATE utf8_bin DEFAULT NULL,
  `DEPLOYMENT_ID_` varchar(64) COLLATE utf8_bin DEFAULT NULL,
  `BYTES_` longblob,
  `GENERATED_` tinyint(4) DEFAULT NULL,
  PRIMARY KEY (`ID_`),
  KEY `ACT_FK_BYTEARR_DEPL` (`DEPLOYMENT_ID_`),
  CONSTRAINT `ACT_FK_BYTEARR_DEPL` FOREIGN KEY (`DEPLOYMENT_ID_`) REFERENCES `act_re_deployment` (`ID_`)
) ENGINE=InnoDB DEFAULT CHARSET=utf8 COLLATE=utf8_bin;

-- ----------------------------
-- Records of act_ge_bytearray
-- ----------------------------
INSERT INTO `act_ge_bytearray` VALUES ('202', '1', 'leave.bpmn20.xml', '201', 0x3C3F786D6C2076657273696F6E3D22312E302220656E636F64696E673D225554462D38223F3E0A3C646566696E6974696F6E7320786D6C6E733D22687474703A2F2F7777772E6F6D672E6F72672F737065632F42504D4E2F32303130303532342F4D4F44454C2220786D6C6E733A7873693D22687474703A2F2F7777772E77332E6F72672F323030312F584D4C536368656D612D696E7374616E63652220786D6C6E733A61637469766974693D22687474703A2F2F61637469766974692E6F72672F62706D6E2220786D6C6E733A62706D6E64693D22687474703A2F2F7777772E6F6D672E6F72672F737065632F42504D4E2F32303130303532342F44492220786D6C6E733A6F6D6764633D22687474703A2F2F7777772E6F6D672E6F72672F737065632F44442F32303130303532342F44432220786D6C6E733A6F6D6764693D22687474703A2F2F7777772E6F6D672E6F72672F737065632F44442F32303130303532342F44492220747970654C616E67756167653D22687474703A2F2F7777772E77332E6F72672F323030312F584D4C536368656D61222065787072657373696F6E4C616E67756167653D22687474703A2F2F7777772E77332E6F72672F313939392F585061746822207461726765744E616D6573706163653D22687474703A2F2F7777772E6B6166656974752E6D652F64656D6F2F61637469766974692F6C65617665223E0A20203C70726F636573732069643D226C6561766522206E616D653D22E8AFB7E58187E6B581E7A88B2220697345786563757461626C653D2274727565223E0A202020203C646F63756D656E746174696F6E3EE8AFB7E58187E6B581E7A88BE6BC94E7A4BA3C2F646F63756D656E746174696F6E3E0A202020203C73746172744576656E742069643D2273746172746576656E743122206E616D653D225374617274222061637469766974693A696E69746961746F723D226170706C79557365724964223E3C2F73746172744576656E743E0A202020203C757365725461736B2069643D22646570744C6561646572417564697422206E616D653D22E983A8E997A8E9A286E5AFBCE5AEA1E689B9222061637469766974693A63616E64696461746547726F7570733D22646570744C6561646572223E3C2F757365725461736B3E0A202020203C6578636C7573697665476174657761792069643D226578636C7573697665676174657761793522206E616D653D224578636C75736976652047617465776179223E3C2F6578636C7573697665476174657761793E0A202020203C757365725461736B2069643D226D6F646966794170706C7922206E616D653D22E8B083E695B4E794B3E8AFB7222061637469766974693A61737369676E65653D22247B6170706C795573657249647D223E0A2020202020203C657874656E73696F6E456C656D656E74733E0A20202020202020203C61637469766974693A7461736B4C697374656E6572206576656E743D22636F6D706C657465222064656C656761746545787072657373696F6E3D22247B6C656176654D6F6469667950726F636573736F727D223E3C2F61637469766974693A7461736B4C697374656E65723E0A2020202020203C2F657874656E73696F6E456C656D656E74733E0A202020203C2F757365725461736B3E0A202020203C757365725461736B2069643D226872417564697422206E616D653D22E4BABAE4BA8BE5AEA1E689B9222061637469766974693A63616E64696461746547726F7570733D226872223E3C2F757365725461736B3E0A202020203C6578636C7573697665476174657761792069643D226578636C7573697665676174657761793622206E616D653D224578636C75736976652047617465776179223E3C2F6578636C7573697665476174657761793E0A202020203C757365725461736B2069643D227265706F72744261636B22206E616D653D22E99480E58187222061637469766974693A61737369676E65653D22247B6170706C795573657249647D223E0A2020202020203C657874656E73696F6E456C656D656E74733E0A20202020202020203C61637469766974693A7461736B4C697374656E6572206576656E743D22636F6D706C657465222064656C656761746545787072657373696F6E3D22247B6C656176655265706F727450726F636573736F727D223E3C2F61637469766974693A7461736B4C697374656E65723E0A2020202020203C2F657874656E73696F6E456C656D656E74733E0A202020203C2F757365725461736B3E0A202020203C656E644576656E742069643D22656E646576656E743122206E616D653D22456E64223E3C2F656E644576656E743E0A202020203C6578636C7573697665476174657761792069643D226578636C7573697665676174657761793722206E616D653D224578636C75736976652047617465776179223E3C2F6578636C7573697665476174657761793E0A202020203C73657175656E6365466C6F772069643D22666C6F77322220736F757263655265663D2273746172746576656E743122207461726765745265663D22646570744C65616465724175646974223E3C2F73657175656E6365466C6F773E0A202020203C73657175656E6365466C6F772069643D22666C6F77332220736F757263655265663D22646570744C6561646572417564697422207461726765745265663D226578636C75736976656761746577617935223E3C2F73657175656E6365466C6F773E0A202020203C73657175656E6365466C6F772069643D22666C6F773422206E616D653D22E4B88DE5908CE6848F2220736F757263655265663D226578636C7573697665676174657761793522207461726765745265663D226D6F646966794170706C79223E0A2020202020203C636F6E646974696F6E45787072657373696F6E207873693A747970653D2274466F726D616C45787072657373696F6E223E3C215B43444154415B247B21646570744C6561646572506173737D5D5D3E3C2F636F6E646974696F6E45787072657373696F6E3E0A202020203C2F73657175656E6365466C6F773E0A202020203C73657175656E6365466C6F772069643D22666C6F773522206E616D653D22E5908CE6848F2220736F757263655265663D226578636C7573697665676174657761793522207461726765745265663D2268724175646974223E0A2020202020203C636F6E646974696F6E45787072657373696F6E207873693A747970653D2274466F726D616C45787072657373696F6E223E3C215B43444154415B247B646570744C6561646572506173737D5D5D3E3C2F636F6E646974696F6E45787072657373696F6E3E0A202020203C2F73657175656E6365466C6F773E0A202020203C73657175656E6365466C6F772069643D22666C6F77362220736F757263655265663D226872417564697422207461726765745265663D226578636C75736976656761746577617936223E3C2F73657175656E6365466C6F773E0A202020203C73657175656E6365466C6F772069643D22666C6F773722206E616D653D22E5908CE6848F2220736F757263655265663D226578636C7573697665676174657761793622207461726765745265663D227265706F72744261636B223E0A2020202020203C636F6E646974696F6E45787072657373696F6E207873693A747970653D2274466F726D616C45787072657373696F6E223E3C215B43444154415B247B6872506173737D5D5D3E3C2F636F6E646974696F6E45787072657373696F6E3E0A202020203C2F73657175656E6365466C6F773E0A202020203C73657175656E6365466C6F772069643D22666C6F77382220736F757263655265663D227265706F72744261636B22207461726765745265663D22656E646576656E7431223E3C2F73657175656E6365466C6F773E0A202020203C73657175656E6365466C6F772069643D22666C6F773922206E616D653D22E4B88DE5908CE6848F2220736F757263655265663D226578636C7573697665676174657761793622207461726765745265663D226D6F646966794170706C79223E0A2020202020203C636F6E646974696F6E45787072657373696F6E207873693A747970653D2274466F726D616C45787072657373696F6E223E3C215B43444154415B247B216872506173737D5D5D3E3C2F636F6E646974696F6E45787072657373696F6E3E0A202020203C2F73657175656E6365466C6F773E0A202020203C73657175656E6365466C6F772069643D22666C6F77313022206E616D653D22E9878DE696B0E794B3E8AFB72220736F757263655265663D226578636C7573697665676174657761793722207461726765745265663D22646570744C65616465724175646974223E0A2020202020203C636F6E646974696F6E45787072657373696F6E207873693A747970653D2274466F726D616C45787072657373696F6E223E3C215B43444154415B247B72654170706C797D5D5D3E3C2F636F6E646974696F6E45787072657373696F6E3E0A202020203C2F73657175656E6365466C6F773E0A202020203C73657175656E6365466C6F772069643D22666C6F7731312220736F757263655265663D226D6F646966794170706C7922207461726765745265663D226578636C75736976656761746577617937223E3C2F73657175656E6365466C6F773E0A202020203C73657175656E6365466C6F772069643D22666C6F77313222206E616D653D22E7BB93E69D9FE6B581E7A88B2220736F757263655265663D226578636C7573697665676174657761793722207461726765745265663D22656E646576656E7431223E0A2020202020203C636F6E646974696F6E45787072657373696F6E207873693A747970653D2274466F726D616C45787072657373696F6E223E3C215B43444154415B247B2172654170706C797D5D5D3E3C2F636F6E646974696F6E45787072657373696F6E3E0A202020203C2F73657175656E6365466C6F773E0A20203C2F70726F636573733E0A20203C62706D6E64693A42504D4E4469616772616D2069643D2242504D4E4469616772616D5F6C65617665223E0A202020203C62706D6E64693A42504D4E506C616E652062706D6E456C656D656E743D226C65617665222069643D2242504D4E506C616E655F6C65617665223E0A2020202020203C62706D6E64693A42504D4E53686170652062706D6E456C656D656E743D2273746172746576656E7431222069643D2242504D4E53686170655F73746172746576656E7431223E0A20202020202020203C6F6D6764633A426F756E6473206865696768743D2233352E30222077696474683D2233352E302220783D2231302E302220793D2239302E30223E3C2F6F6D6764633A426F756E64733E0A2020202020203C2F62706D6E64693A42504D4E53686170653E0A2020202020203C62706D6E64693A42504D4E53686170652062706D6E456C656D656E743D22646570744C65616465724175646974222069643D2242504D4E53686170655F646570744C65616465724175646974223E0A20202020202020203C6F6D6764633A426F756E6473206865696768743D2235352E30222077696474683D223130352E302220783D2239302E302220793D2238302E30223E3C2F6F6D6764633A426F756E64733E0A2020202020203C2F62706D6E64693A42504D4E53686170653E0A2020202020203C62706D6E64693A42504D4E53686170652062706D6E456C656D656E743D226578636C75736976656761746577617935222069643D2242504D4E53686170655F6578636C75736976656761746577617935223E0A20202020202020203C6F6D6764633A426F756E6473206865696768743D2234302E30222077696474683D2234302E302220783D223235302E302220793D2238372E30223E3C2F6F6D6764633A426F756E64733E0A2020202020203C2F62706D6E64693A42504D4E53686170653E0A2020202020203C62706D6E64693A42504D4E53686170652062706D6E456C656D656E743D226D6F646966794170706C79222069643D2242504D4E53686170655F6D6F646966794170706C79223E0A20202020202020203C6F6D6764633A426F756E6473206865696768743D2235352E30222077696474683D223130352E302220783D223231382E302220793D223139302E30223E3C2F6F6D6764633A426F756E64733E0A2020202020203C2F62706D6E64693A42504D4E53686170653E0A2020202020203C62706D6E64693A42504D4E53686170652062706D6E456C656D656E743D2268724175646974222069643D2242504D4E53686170655F68724175646974223E0A20202020202020203C6F6D6764633A426F756E6473206865696768743D2235352E30222077696474683D223130352E302220783D223335382E302220793D2238302E30223E3C2F6F6D6764633A426F756E64733E0A2020202020203C2F62706D6E64693A42504D4E53686170653E0A2020202020203C62706D6E64693A42504D4E53686170652062706D6E456C656D656E743D226578636C75736976656761746577617936222069643D2242504D4E53686170655F6578636C75736976656761746577617936223E0A20202020202020203C6F6D6764633A426F756E6473206865696768743D2234302E30222077696474683D2234302E302220783D223439352E302220793D2238372E30223E3C2F6F6D6764633A426F756E64733E0A2020202020203C2F62706D6E64693A42504D4E53686170653E0A2020202020203C62706D6E64693A42504D4E53686170652062706D6E456C656D656E743D227265706F72744261636B222069643D2242504D4E53686170655F7265706F72744261636B223E0A20202020202020203C6F6D6764633A426F756E6473206865696768743D2235352E30222077696474683D223130352E302220783D223539302E302220793D2238302E30223E3C2F6F6D6764633A426F756E64733E0A2020202020203C2F62706D6E64693A42504D4E53686170653E0A2020202020203C62706D6E64693A42504D4E53686170652062706D6E456C656D656E743D22656E646576656E7431222069643D2242504D4E53686170655F656E646576656E7431223E0A20202020202020203C6F6D6764633A426F756E6473206865696768743D2233352E30222077696474683D2233352E302220783D223632352E302220793D223238332E30223E3C2F6F6D6764633A426F756E64733E0A2020202020203C2F62706D6E64693A42504D4E53686170653E0A2020202020203C62706D6E64693A42504D4E53686170652062706D6E456C656D656E743D226578636C75736976656761746577617937222069643D2242504D4E53686170655F6578636C75736976656761746577617937223E0A20202020202020203C6F6D6764633A426F756E6473206865696768743D2234302E30222077696474683D2234302E302220783D223235302E302220793D223238302E30223E3C2F6F6D6764633A426F756E64733E0A2020202020203C2F62706D6E64693A42504D4E53686170653E0A2020202020203C62706D6E64693A42504D4E456467652062706D6E456C656D656E743D22666C6F7732222069643D2242504D4E456467655F666C6F7732223E0A20202020202020203C6F6D6764693A776179706F696E7420783D2234352E302220793D223130372E30223E3C2F6F6D6764693A776179706F696E743E0A20202020202020203C6F6D6764693A776179706F696E7420783D2239302E302220793D223130372E30223E3C2F6F6D6764693A776179706F696E743E0A2020202020203C2F62706D6E64693A42504D4E456467653E0A2020202020203C62706D6E64693A42504D4E456467652062706D6E456C656D656E743D22666C6F7733222069643D2242504D4E456467655F666C6F7733223E0A20202020202020203C6F6D6764693A776179706F696E7420783D223139352E302220793D223130372E30223E3C2F6F6D6764693A776179706F696E743E0A20202020202020203C6F6D6764693A776179706F696E7420783D223235302E302220793D223130372E30223E3C2F6F6D6764693A776179706F696E743E0A2020202020203C2F62706D6E64693A42504D4E456467653E0A2020202020203C62706D6E64693A42504D4E456467652062706D6E456C656D656E743D22666C6F7734222069643D2242504D4E456467655F666C6F7734223E0A20202020202020203C6F6D6764693A776179706F696E7420783D223237302E302220793D223132372E30223E3C2F6F6D6764693A776179706F696E743E0A20202020202020203C6F6D6764693A776179706F696E7420783D223237302E302220793D223139302E30223E3C2F6F6D6764693A776179706F696E743E0A20202020202020203C62706D6E64693A42504D4E4C6162656C3E0A202020202020202020203C6F6D6764633A426F756E6473206865696768743D2231342E30222077696474683D2233362E302220783D2231302E302220793D22302E30223E3C2F6F6D6764633A426F756E64733E0A20202020202020203C2F62706D6E64693A42504D4E4C6162656C3E0A2020202020203C2F62706D6E64693A42504D4E456467653E0A2020202020203C62706D6E64693A42504D4E456467652062706D6E456C656D656E743D22666C6F7735222069643D2242504D4E456467655F666C6F7735223E0A20202020202020203C6F6D6764693A776179706F696E7420783D223239302E302220793D223130372E30223E3C2F6F6D6764693A776179706F696E743E0A20202020202020203C6F6D6764693A776179706F696E7420783D223335382E302220793D223130372E30223E3C2F6F6D6764693A776179706F696E743E0A20202020202020203C62706D6E64693A42504D4E4C6162656C3E0A202020202020202020203C6F6D6764633A426F756E6473206865696768743D2231342E30222077696474683D2232342E302220783D222D32342E302220793D222D31372E30223E3C2F6F6D6764633A426F756E64733E0A20202020202020203C2F62706D6E64693A42504D4E4C6162656C3E0A2020202020203C2F62706D6E64693A42504D4E456467653E0A2020202020203C62706D6E64693A42504D4E456467652062706D6E456C656D656E743D22666C6F7736222069643D2242504D4E456467655F666C6F7736223E0A20202020202020203C6F6D6764693A776179706F696E7420783D223436332E302220793D223130372E30223E3C2F6F6D6764693A776179706F696E743E0A20202020202020203C6F6D6764693A776179706F696E7420783D223439352E302220793D223130372E30223E3C2F6F6D6764693A776179706F696E743E0A2020202020203C2F62706D6E64693A42504D4E456467653E0A2020202020203C62706D6E64693A42504D4E456467652062706D6E456C656D656E743D22666C6F7737222069643D2242504D4E456467655F666C6F7737223E0A20202020202020203C6F6D6764693A776179706F696E7420783D223533352E302220793D223130372E30223E3C2F6F6D6764693A776179706F696E743E0A20202020202020203C6F6D6764693A776179706F696E7420783D223539302E302220793D223130372E30223E3C2F6F6D6764693A776179706F696E743E0A20202020202020203C62706D6E64693A42504D4E4C6162656C3E0A202020202020202020203C6F6D6764633A426F756E6473206865696768743D2231342E30222077696474683D2232342E302220783D222D32322E302220793D222D31372E30223E3C2F6F6D6764633A426F756E64733E0A20202020202020203C2F62706D6E64693A42504D4E4C6162656C3E0A2020202020203C2F62706D6E64693A42504D4E456467653E0A2020202020203C62706D6E64693A42504D4E456467652062706D6E456C656D656E743D22666C6F7738222069643D2242504D4E456467655F666C6F7738223E0A20202020202020203C6F6D6764693A776179706F696E7420783D223634322E302220793D223133352E30223E3C2F6F6D6764693A776179706F696E743E0A20202020202020203C6F6D6764693A776179706F696E7420783D223634322E302220793D223238332E30223E3C2F6F6D6764693A776179706F696E743E0A2020202020203C2F62706D6E64693A42504D4E456467653E0A2020202020203C62706D6E64693A42504D4E456467652062706D6E456C656D656E743D22666C6F7739222069643D2242504D4E456467655F666C6F7739223E0A20202020202020203C6F6D6764693A776179706F696E7420783D223531352E302220793D223132372E30223E3C2F6F6D6764693A776179706F696E743E0A20202020202020203C6F6D6764693A776179706F696E7420783D223531342E302220793D223231372E30223E3C2F6F6D6764693A776179706F696E743E0A20202020202020203C6F6D6764693A776179706F696E7420783D223332332E302220793D223231372E30223E3C2F6F6D6764693A776179706F696E743E0A20202020202020203C62706D6E64693A42504D4E4C6162656C3E0A202020202020202020203C6F6D6764633A426F756E6473206865696768743D2231342E30222077696474683D2233362E302220783D2231302E302220793D22302E30223E3C2F6F6D6764633A426F756E64733E0A20202020202020203C2F62706D6E64693A42504D4E4C6162656C3E0A2020202020203C2F62706D6E64693A42504D4E456467653E0A2020202020203C62706D6E64693A42504D4E456467652062706D6E456C656D656E743D22666C6F773130222069643D2242504D4E456467655F666C6F773130223E0A20202020202020203C6F6D6764693A776179706F696E7420783D223235302E302220793D223330302E30223E3C2F6F6D6764693A776179706F696E743E0A20202020202020203C6F6D6764693A776179706F696E7420783D223134322E302220793D223239392E30223E3C2F6F6D6764693A776179706F696E743E0A20202020202020203C6F6D6764693A776179706F696E7420783D223134322E302220793D223133352E30223E3C2F6F6D6764693A776179706F696E743E0A20202020202020203C62706D6E64693A42504D4E4C6162656C3E0A202020202020202020203C6F6D6764633A426F756E6473206865696768743D2231342E30222077696474683D2234382E302220783D2231302E302220793D22302E30223E3C2F6F6D6764633A426F756E64733E0A20202020202020203C2F62706D6E64693A42504D4E4C6162656C3E0A2020202020203C2F62706D6E64693A42504D4E456467653E0A2020202020203C62706D6E64693A42504D4E456467652062706D6E456C656D656E743D22666C6F773131222069643D2242504D4E456467655F666C6F773131223E0A20202020202020203C6F6D6764693A776179706F696E7420783D223237302E302220793D223234352E30223E3C2F6F6D6764693A776179706F696E743E0A20202020202020203C6F6D6764693A776179706F696E7420783D223237302E302220793D223238302E30223E3C2F6F6D6764693A776179706F696E743E0A2020202020203C2F62706D6E64693A42504D4E456467653E0A2020202020203C62706D6E64693A42504D4E456467652062706D6E456C656D656E743D22666C6F773132222069643D2242504D4E456467655F666C6F773132223E0A20202020202020203C6F6D6764693A776179706F696E7420783D223239302E302220793D223330302E30223E3C2F6F6D6764693A776179706F696E743E0A20202020202020203C6F6D6764693A776179706F696E7420783D223632352E302220793D223330302E30223E3C2F6F6D6764693A776179706F696E743E0A20202020202020203C62706D6E64693A42504D4E4C6162656C3E0A202020202020202020203C6F6D6764633A426F756E6473206865696768743D2231342E30222077696474683D2234382E302220783D2231302E302220793D22302E30223E3C2F6F6D6764633A426F756E64733E0A20202020202020203C2F62706D6E64693A42504D4E4C6162656C3E0A2020202020203C2F62706D6E64693A42504D4E456467653E0A202020203C2F62706D6E64693A42504D4E506C616E653E0A20203C2F62706D6E64693A42504D4E4469616772616D3E0A3C2F646566696E6974696F6E733E, '0');
INSERT INTO `act_ge_bytearray` VALUES ('203', '1', 'chargeApply.bpmn20.xml', '201', 0x3C3F786D6C2076657273696F6E3D22312E302220656E636F64696E673D225554462D38223F3E0A3C646566696E6974696F6E7320786D6C6E733D22687474703A2F2F7777772E6F6D672E6F72672F737065632F42504D4E2F32303130303532342F4D4F44454C2220786D6C6E733A7873693D22687474703A2F2F7777772E77332E6F72672F323030312F584D4C536368656D612D696E7374616E63652220786D6C6E733A61637469766974693D22687474703A2F2F61637469766974692E6F72672F62706D6E2220786D6C6E733A62706D6E64693D22687474703A2F2F7777772E6F6D672E6F72672F737065632F42504D4E2F32303130303532342F44492220786D6C6E733A6F6D6764633D22687474703A2F2F7777772E6F6D672E6F72672F737065632F44442F32303130303532342F44432220786D6C6E733A6F6D6764693D22687474703A2F2F7777772E6F6D672E6F72672F737065632F44442F32303130303532342F44492220747970654C616E67756167653D22687474703A2F2F7777772E77332E6F72672F323030312F584D4C536368656D61222065787072657373696F6E4C616E67756167653D22687474703A2F2F7777772E77332E6F72672F313939392F585061746822207461726765744E616D6573706163653D22687474703A2F2F7777772E61637469766974692E6F72672F74657374223E0A20203C70726F636573732069643D226368617267654170706C7922206E616D653D226368617267654170706C792220697345786563757461626C653D2274727565223E0A202020203C73746172744576656E742069643D2273746172746576656E743122206E616D653D225374617274223E3C2F73746172744576656E743E0A202020203C757365725461736B2069643D22757365727461736B3322206E616D653D22E983A8E997A8E7BB8FE79086E5AEA1E689B9222061637469766974693A63616E64696461746547726F7570733D22646570744C6561646572223E3C2F757365725461736B3E0A202020203C6578636C7573697665476174657761792069643D226861766544657075747922206E616D653D22E698AFE590A6E69C89E589AFE680BB223E3C2F6578636C7573697665476174657761793E0A202020203C757365725461736B2069643D22757365727461736B3522206E616D653D22E5AEA2E69C8DE7A1AEE8AEA4222061637469766974693A63616E64696461746547726F7570733D22637573746F6D53657276696365223E3C2F757365725461736B3E0A202020203C757365725461736B2069643D22757365727461736B3622206E616D653D22E4B89AE58AA1E589AFE680BBE5AEA1E689B9222061637469766974693A63616E64696461746547726F7570733D226465707574794C6561646572223E3C2F757365725461736B3E0A202020203C73657175656E6365466C6F772069643D22666C6F7731302220736F757263655265663D226861766544657075747922207461726765745265663D22757365727461736B36223E0A2020202020203C636F6E646974696F6E45787072657373696F6E207873693A747970653D2274466F726D616C45787072657373696F6E223E3C215B43444154415B247B646570744C6561646572506173733D3D747275652626686176614465707574793D3D7472756526266F7574446570744C696D69743D3D747275657D5D5D3E3C2F636F6E646974696F6E45787072657373696F6E3E0A202020203C2F73657175656E6365466C6F773E0A202020203C757365725461736B2069643D22757365727461736B3722206E616D653D22E680BBE7BB8FE79086E5AEA1E689B9222061637469766974693A63616E64696461746547726F7570733D226D616E61676572223E3C2F757365725461736B3E0A202020203C73657175656E6365466C6F772069643D22666C6F7731312220736F757263655265663D226861766544657075747922207461726765745265663D22757365727461736B37223E0A2020202020203C636F6E646974696F6E45787072657373696F6E207873693A747970653D2274466F726D616C45787072657373696F6E223E3C215B43444154415B247B646570744C6561646572506173733D3D74727565262621686176614465707574793D3D7472756526266F7574446570744C696D69743D3D747275657D5D5D3E3C2F636F6E646974696F6E45787072657373696F6E3E0A202020203C2F73657175656E6365466C6F773E0A202020203C6578636C7573697665476174657761792069643D226F75744465707574794C696D697422206E616D653D22E8B685E8BF87E589AFE680BBE9A29DE5BAA6E588A4E696AD223E3C2F6578636C7573697665476174657761793E0A202020203C73657175656E6365466C6F772069643D22666C6F7731362220736F757263655265663D22757365727461736B3622207461726765745265663D226F75744465707574794C696D6974223E3C2F73657175656E6365466C6F773E0A202020203C73657175656E6365466C6F772069643D22666C6F7731372220736F757263655265663D226F75744465707574794C696D697422207461726765745265663D22757365727461736B37223E0A2020202020203C636F6E646974696F6E45787072657373696F6E207873693A747970653D2274466F726D616C45787072657373696F6E223E3C215B43444154415B247B646570757479506173733D3D7472756526266F75744465707574794C696D69743D3D747275657D5D5D3E3C2F636F6E646974696F6E45787072657373696F6E3E0A202020203C2F73657175656E6365466C6F773E0A202020203C6578636C7573697665476174657761792069643D227061794D6574686F6422206E616D653D22E694AFE4BB98E696B9E5BC8FE588A4E696AD223E3C2F6578636C7573697665476174657761793E0A202020203C73657175656E6365466C6F772069643D22666C6F7731382220736F757263655265663D2273746172746576656E743122207461726765745265663D227061794D6574686F64223E3C2F73657175656E6365466C6F773E0A202020203C73657175656E6365466C6F772069643D22666C6F7731392220736F757263655265663D227061794D6574686F6422207461726765745265663D22757365727461736B33223E0A2020202020203C636F6E646974696F6E45787072657373696F6E207873693A747970653D2274466F726D616C45787072657373696F6E223E3C215B43444154415B247B61667465725061796D656E747D5D5D3E3C2F636F6E646974696F6E45787072657373696F6E3E0A202020203C2F73657175656E6365466C6F773E0A202020203C73657175656E6365466C6F772069643D22666C6F7732302220736F757263655265663D227061794D6574686F6422207461726765745265663D22757365727461736B35223E0A2020202020203C636F6E646974696F6E45787072657373696F6E207873693A747970653D2274466F726D616C45787072657373696F6E223E3C215B43444154415B247B2161667465725061796D656E747D5D5D3E3C2F636F6E646974696F6E45787072657373696F6E3E0A202020203C2F73657175656E6365466C6F773E0A202020203C73657175656E6365466C6F772069643D22666C6F7732362220736F757263655265663D226F75744465707574794C696D697422207461726765745265663D22757365727461736B35223E0A2020202020203C636F6E646974696F6E45787072657373696F6E207873693A747970653D2274466F726D616C45787072657373696F6E223E3C215B43444154415B247B646570757479506173733D3D747275652626216F75744465707574794C696D69743D3D747275657D5D5D3E3C2F636F6E646974696F6E45787072657373696F6E3E0A202020203C2F73657175656E6365466C6F773E0A202020203C656E644576656E742069643D22656E646576656E743922206E616D653D22E4B89AE58AA1E589AFE680BBE68B92E7BB9D223E3C2F656E644576656E743E0A202020203C73657175656E6365466C6F772069643D22666C6F7733312220736F757263655265663D226F75744465707574794C696D697422207461726765745265663D22656E646576656E7439223E0A2020202020203C636F6E646974696F6E45787072657373696F6E207873693A747970653D2274466F726D616C45787072657373696F6E223E3C215B43444154415B247B21646570757479506173733D3D747275657D5D5D3E3C2F636F6E646974696F6E45787072657373696F6E3E0A202020203C2F73657175656E6365466C6F773E0A202020203C73657175656E6365466C6F772069643D22666C6F7733322220736F757263655265663D22757365727461736B3322207461726765745265663D2268617665446570757479223E3C2F73657175656E6365466C6F773E0A202020203C656E644576656E742069643D22656E646576656E74313022206E616D653D22E983A8E997A8E7BB8FE79086E68B92E7BB9D223E3C2F656E644576656E743E0A202020203C73657175656E6365466C6F772069643D22666C6F7733332220736F757263655265663D226861766544657075747922207461726765745265663D22656E646576656E743130223E0A2020202020203C636F6E646974696F6E45787072657373696F6E207873693A747970653D2274466F726D616C45787072657373696F6E223E3C215B43444154415B247B21646570744C6561646572506173733D3D747275657D5D5D3E3C2F636F6E646974696F6E45787072657373696F6E3E0A202020203C2F73657175656E6365466C6F773E0A202020203C6578636C7573697665476174657761792069643D226578636C7573697665676174657761793122206E616D653D224578636C75736976652047617465776179223E3C2F6578636C7573697665476174657761793E0A202020203C73657175656E6365466C6F772069643D22666C6F7733342220736F757263655265663D22757365727461736B3722207461726765745265663D226578636C75736976656761746577617931223E3C2F73657175656E6365466C6F773E0A202020203C73657175656E6365466C6F772069643D22666C6F7733352220736F757263655265663D226578636C7573697665676174657761793122207461726765745265663D22757365727461736B35223E0A2020202020203C636F6E646974696F6E45787072657373696F6E207873693A747970653D2274466F726D616C45787072657373696F6E223E3C215B43444154415B247B6D616E61676572506173733D3D747275657D5D5D3E3C2F636F6E646974696F6E45787072657373696F6E3E0A202020203C2F73657175656E6365466C6F773E0A202020203C656E644576656E742069643D22656E646576656E74313122206E616D653D22E680BBE7BB8FE79086E68B92E7BB9D223E3C2F656E644576656E743E0A202020203C73657175656E6365466C6F772069643D22666C6F7733362220736F757263655265663D226578636C7573697665676174657761793122207461726765745265663D22656E646576656E743131223E0A2020202020203C636F6E646974696F6E45787072657373696F6E207873693A747970653D2274466F726D616C45787072657373696F6E223E3C215B43444154415B247B216D616E61676572506173733D3D747275657D5D5D3E3C2F636F6E646974696F6E45787072657373696F6E3E0A202020203C2F73657175656E6365466C6F773E0A202020203C73657175656E6365466C6F772069643D22666C6F7733372220736F757263655265663D226861766544657075747922207461726765745265663D22757365727461736B35223E0A2020202020203C636F6E646974696F6E45787072657373696F6E207873693A747970653D2274466F726D616C45787072657373696F6E223E3C215B43444154415B247B646570744C6561646572506173733D3D747275652626216F7574446570744C696D69743D3D747275657D5D5D3E3C2F636F6E646974696F6E45787072657373696F6E3E0A202020203C2F73657175656E6365466C6F773E0A202020203C6578636C7573697665476174657761792069643D226578636C7573697665676174657761793222206E616D653D224578636C75736976652047617465776179223E3C2F6578636C7573697665476174657761793E0A202020203C73657175656E6365466C6F772069643D22666C6F7733382220736F757263655265663D22757365727461736B3522207461726765745265663D226578636C75736976656761746577617932223E3C2F73657175656E6365466C6F773E0A202020203C656E644576656E742069643D22656E646576656E74313222206E616D653D22E5AEA2E69C8DE68B92E7BB9D223E3C2F656E644576656E743E0A202020203C73657175656E6365466C6F772069643D22666C6F7733392220736F757263655265663D226578636C7573697665676174657761793222207461726765745265663D22656E646576656E743132223E0A2020202020203C636F6E646974696F6E45787072657373696F6E207873693A747970653D2274466F726D616C45787072657373696F6E223E3C215B43444154415B247B216373506173733D3D747275657D5D5D3E3C2F636F6E646974696F6E45787072657373696F6E3E0A202020203C2F73657175656E6365466C6F773E0A202020203C656E644576656E742069643D22656E646576656E74313322206E616D653D22E58585E580BCE68890E58A9F223E3C2F656E644576656E743E0A202020203C73657175656E6365466C6F772069643D22666C6F7734302220736F757263655265663D226578636C7573697665676174657761793222207461726765745265663D22656E646576656E743133223E0A2020202020203C636F6E646974696F6E45787072657373696F6E207873693A747970653D2274466F726D616C45787072657373696F6E223E3C215B43444154415B247B6373506173733D3D747275657D5D5D3E3C2F636F6E646974696F6E45787072657373696F6E3E0A202020203C2F73657175656E6365466C6F773E0A20203C2F70726F636573733E0A20203C62706D6E64693A42504D4E4469616772616D2069643D2242504D4E4469616772616D5F6368617267654170706C79223E0A202020203C62706D6E64693A42504D4E506C616E652062706D6E456C656D656E743D226368617267654170706C79222069643D2242504D4E506C616E655F6368617267654170706C79223E0A2020202020203C62706D6E64693A42504D4E53686170652062706D6E456C656D656E743D2273746172746576656E7431222069643D2242504D4E53686170655F73746172746576656E7431223E0A20202020202020203C6F6D6764633A426F756E6473206865696768743D2233352E30222077696474683D2233352E302220783D2235302E302220793D2239302E30223E3C2F6F6D6764633A426F756E64733E0A2020202020203C2F62706D6E64693A42504D4E53686170653E0A2020202020203C62706D6E64693A42504D4E53686170652062706D6E456C656D656E743D22757365727461736B33222069643D2242504D4E53686170655F757365727461736B33223E0A20202020202020203C6F6D6764633A426F756E6473206865696768743D2235352E30222077696474683D223130352E302220783D223235352E302220793D2238302E30223E3C2F6F6D6764633A426F756E64733E0A2020202020203C2F62706D6E64693A42504D4E53686170653E0A2020202020203C62706D6E64693A42504D4E53686170652062706D6E456C656D656E743D22757365727461736B35222069643D2242504D4E53686170655F757365727461736B35223E0A20202020202020203C6F6D6764633A426F756E6473206865696768743D2235352E30222077696474683D223130352E302220783D223336342E302220793D223339302E30223E3C2F6F6D6764633A426F756E64733E0A2020202020203C2F62706D6E64693A42504D4E53686170653E0A2020202020203C62706D6E64693A42504D4E53686170652062706D6E456C656D656E743D22757365727461736B36222069643D2242504D4E53686170655F757365727461736B36223E0A20202020202020203C6F6D6764633A426F756E6473206865696768743D2235352E30222077696474683D223130352E302220783D223531382E302220793D223134372E30223E3C2F6F6D6764633A426F756E64733E0A2020202020203C2F62706D6E64693A42504D4E53686170653E0A2020202020203C62706D6E64693A42504D4E53686170652062706D6E456C656D656E743D22757365727461736B37222069643D2242504D4E53686170655F757365727461736B37223E0A20202020202020203C6F6D6764633A426F756E6473206865696768743D2235352E30222077696474683D223130352E302220783D223730302E302220793D2238302E30223E3C2F6F6D6764633A426F756E64733E0A2020202020203C2F62706D6E64693A42504D4E53686170653E0A2020202020203C62706D6E64693A42504D4E53686170652062706D6E456C656D656E743D227061794D6574686F64222069643D2242504D4E53686170655F7061794D6574686F64223E0A20202020202020203C6F6D6764633A426F756E6473206865696768743D2234302E30222077696474683D2234302E302220783D223133302E302220793D2238372E30223E3C2F6F6D6764633A426F756E64733E0A2020202020203C2F62706D6E64693A42504D4E53686170653E0A2020202020203C62706D6E64693A42504D4E53686170652062706D6E456C656D656E743D2268617665446570757479222069643D2242504D4E53686170655F68617665446570757479223E0A20202020202020203C6F6D6764633A426F756E6473206865696768743D2234302E30222077696474683D2234302E302220783D223435302E302220793D2238372E30223E3C2F6F6D6764633A426F756E64733E0A2020202020203C2F62706D6E64693A42504D4E53686170653E0A2020202020203C62706D6E64693A42504D4E53686170652062706D6E456C656D656E743D226F75744465707574794C696D6974222069643D2242504D4E53686170655F6F75744465707574794C696D6974223E0A20202020202020203C6F6D6764633A426F756E6473206865696768743D2234302E30222077696474683D2234302E302220783D223535302E302220793D223235302E30223E3C2F6F6D6764633A426F756E64733E0A2020202020203C2F62706D6E64693A42504D4E53686170653E0A2020202020203C62706D6E64693A42504D4E53686170652062706D6E456C656D656E743D22656E646576656E7439222069643D2242504D4E53686170655F656E646576656E7439223E0A20202020202020203C6F6D6764633A426F756E6473206865696768743D2233352E30222077696474683D2233352E302220783D223633352E302220793D223235332E30223E3C2F6F6D6764633A426F756E64733E0A2020202020203C2F62706D6E64693A42504D4E53686170653E0A2020202020203C62706D6E64693A42504D4E53686170652062706D6E456C656D656E743D22656E646576656E743130222069643D2242504D4E53686170655F656E646576656E743130223E0A20202020202020203C6F6D6764633A426F756E6473206865696768743D2233352E30222077696474683D2233352E302220783D223333382E302220793D223136372E30223E3C2F6F6D6764633A426F756E64733E0A2020202020203C2F62706D6E64693A42504D4E53686170653E0A2020202020203C62706D6E64693A42504D4E53686170652062706D6E456C656D656E743D226578636C75736976656761746577617931222069643D2242504D4E53686170655F6578636C75736976656761746577617931223E0A20202020202020203C6F6D6764633A426F756E6473206865696768743D2234302E30222077696474683D2234302E302220783D223733322E302220793D223339372E30223E3C2F6F6D6764633A426F756E64733E0A2020202020203C2F62706D6E64693A42504D4E53686170653E0A2020202020203C62706D6E64693A42504D4E53686170652062706D6E456C656D656E743D22656E646576656E743131222069643D2242504D4E53686170655F656E646576656E743131223E0A20202020202020203C6F6D6764633A426F756E6473206865696768743D2233352E30222077696474683D2233352E302220783D223634392E302220793D223333382E30223E3C2F6F6D6764633A426F756E64733E0A2020202020203C2F62706D6E64693A42504D4E53686170653E0A2020202020203C62706D6E64693A42504D4E53686170652062706D6E456C656D656E743D226578636C75736976656761746577617932222069643D2242504D4E53686170655F6578636C75736976656761746577617932223E0A20202020202020203C6F6D6764633A426F756E6473206865696768743D2234302E30222077696474683D2234302E302220783D223235352E302220793D223339372E30223E3C2F6F6D6764633A426F756E64733E0A2020202020203C2F62706D6E64693A42504D4E53686170653E0A2020202020203C62706D6E64693A42504D4E53686170652062706D6E456C656D656E743D22656E646576656E743132222069643D2242504D4E53686170655F656E646576656E743132223E0A20202020202020203C6F6D6764633A426F756E6473206865696768743D2233352E30222077696474683D2233352E302220783D223235382E302220793D223333382E30223E3C2F6F6D6764633A426F756E64733E0A2020202020203C2F62706D6E64693A42504D4E53686170653E0A2020202020203C62706D6E64693A42504D4E53686170652062706D6E456C656D656E743D22656E646576656E743133222069643D2242504D4E53686170655F656E646576656E743133223E0A20202020202020203C6F6D6764633A426F756E6473206865696768743D2233352E30222077696474683D2233352E302220783D223138372E302220793D223430302E30223E3C2F6F6D6764633A426F756E64733E0A2020202020203C2F62706D6E64693A42504D4E53686170653E0A2020202020203C62706D6E64693A42504D4E456467652062706D6E456C656D656E743D22666C6F773130222069643D2242504D4E456467655F666C6F773130223E0A20202020202020203C6F6D6764693A776179706F696E7420783D223437302E302220793D223132372E30223E3C2F6F6D6764693A776179706F696E743E0A20202020202020203C6F6D6764693A776179706F696E7420783D223537302E302220793D223134372E30223E3C2F6F6D6764693A776179706F696E743E0A2020202020203C2F62706D6E64693A42504D4E456467653E0A2020202020203C62706D6E64693A42504D4E456467652062706D6E456C656D656E743D22666C6F773131222069643D2242504D4E456467655F666C6F773131223E0A20202020202020203C6F6D6764693A776179706F696E7420783D223439302E302220793D223130372E30223E3C2F6F6D6764693A776179706F696E743E0A20202020202020203C6F6D6764693A776179706F696E7420783D223730302E302220793D223130372E30223E3C2F6F6D6764693A776179706F696E743E0A2020202020203C2F62706D6E64693A42504D4E456467653E0A2020202020203C62706D6E64693A42504D4E456467652062706D6E456C656D656E743D22666C6F773136222069643D2242504D4E456467655F666C6F773136223E0A20202020202020203C6F6D6764693A776179706F696E7420783D223537302E302220793D223230322E30223E3C2F6F6D6764693A776179706F696E743E0A20202020202020203C6F6D6764693A776179706F696E7420783D223537302E302220793D223235302E30223E3C2F6F6D6764693A776179706F696E743E0A2020202020203C2F62706D6E64693A42504D4E456467653E0A2020202020203C62706D6E64693A42504D4E456467652062706D6E456C656D656E743D22666C6F773137222069643D2242504D4E456467655F666C6F773137223E0A20202020202020203C6F6D6764693A776179706F696E7420783D223537302E302220793D223235302E30223E3C2F6F6D6764693A776179706F696E743E0A20202020202020203C6F6D6764693A776179706F696E7420783D223735322E302220793D223133352E30223E3C2F6F6D6764693A776179706F696E743E0A2020202020203C2F62706D6E64693A42504D4E456467653E0A2020202020203C62706D6E64693A42504D4E456467652062706D6E456C656D656E743D22666C6F773138222069643D2242504D4E456467655F666C6F773138223E0A20202020202020203C6F6D6764693A776179706F696E7420783D2238352E302220793D223130372E30223E3C2F6F6D6764693A776179706F696E743E0A20202020202020203C6F6D6764693A776179706F696E7420783D223133302E302220793D223130372E30223E3C2F6F6D6764693A776179706F696E743E0A2020202020203C2F62706D6E64693A42504D4E456467653E0A2020202020203C62706D6E64693A42504D4E456467652062706D6E456C656D656E743D22666C6F773139222069643D2242504D4E456467655F666C6F773139223E0A20202020202020203C6F6D6764693A776179706F696E7420783D223137302E302220793D223130372E30223E3C2F6F6D6764693A776179706F696E743E0A20202020202020203C6F6D6764693A776179706F696E7420783D223235352E302220793D223130372E30223E3C2F6F6D6764693A776179706F696E743E0A2020202020203C2F62706D6E64693A42504D4E456467653E0A2020202020203C62706D6E64693A42504D4E456467652062706D6E456C656D656E743D22666C6F773230222069643D2242504D4E456467655F666C6F773230223E0A20202020202020203C6F6D6764693A776179706F696E7420783D223135302E302220793D223132372E30223E3C2F6F6D6764693A776179706F696E743E0A20202020202020203C6F6D6764693A776179706F696E7420783D223431362E302220793D223339302E30223E3C2F6F6D6764693A776179706F696E743E0A2020202020203C2F62706D6E64693A42504D4E456467653E0A2020202020203C62706D6E64693A42504D4E456467652062706D6E456C656D656E743D22666C6F773236222069643D2242504D4E456467655F666C6F773236223E0A20202020202020203C6F6D6764693A776179706F696E7420783D223537302E302220793D223239302E30223E3C2F6F6D6764693A776179706F696E743E0A20202020202020203C6F6D6764693A776179706F696E7420783D223431362E302220793D223339302E30223E3C2F6F6D6764693A776179706F696E743E0A2020202020203C2F62706D6E64693A42504D4E456467653E0A2020202020203C62706D6E64693A42504D4E456467652062706D6E456C656D656E743D22666C6F773331222069643D2242504D4E456467655F666C6F773331223E0A20202020202020203C6F6D6764693A776179706F696E7420783D223539302E302220793D223237302E30223E3C2F6F6D6764693A776179706F696E743E0A20202020202020203C6F6D6764693A776179706F696E7420783D223633352E302220793D223237302E30223E3C2F6F6D6764693A776179706F696E743E0A2020202020203C2F62706D6E64693A42504D4E456467653E0A2020202020203C62706D6E64693A42504D4E456467652062706D6E456C656D656E743D22666C6F773332222069643D2242504D4E456467655F666C6F773332223E0A20202020202020203C6F6D6764693A776179706F696E7420783D223336302E302220793D223130372E30223E3C2F6F6D6764693A776179706F696E743E0A20202020202020203C6F6D6764693A776179706F696E7420783D223435302E302220793D223130372E30223E3C2F6F6D6764693A776179706F696E743E0A2020202020203C2F62706D6E64693A42504D4E456467653E0A2020202020203C62706D6E64693A42504D4E456467652062706D6E456C656D656E743D22666C6F773333222069643D2242504D4E456467655F666C6F773333223E0A20202020202020203C6F6D6764693A776179706F696E7420783D223437302E302220793D223132372E30223E3C2F6F6D6764693A776179706F696E743E0A20202020202020203C6F6D6764693A776179706F696E7420783D223335352E302220793D223136372E30223E3C2F6F6D6764693A776179706F696E743E0A2020202020203C2F62706D6E64693A42504D4E456467653E0A2020202020203C62706D6E64693A42504D4E456467652062706D6E456C656D656E743D22666C6F773334222069643D2242504D4E456467655F666C6F773334223E0A20202020202020203C6F6D6764693A776179706F696E7420783D223735322E302220793D223133352E30223E3C2F6F6D6764693A776179706F696E743E0A20202020202020203C6F6D6764693A776179706F696E7420783D223735322E302220793D223339372E30223E3C2F6F6D6764693A776179706F696E743E0A2020202020203C2F62706D6E64693A42504D4E456467653E0A2020202020203C62706D6E64693A42504D4E456467652062706D6E456C656D656E743D22666C6F773335222069643D2242504D4E456467655F666C6F773335223E0A20202020202020203C6F6D6764693A776179706F696E7420783D223733322E302220793D223431372E30223E3C2F6F6D6764693A776179706F696E743E0A20202020202020203C6F6D6764693A776179706F696E7420783D223436392E302220793D223431372E30223E3C2F6F6D6764693A776179706F696E743E0A2020202020203C2F62706D6E64693A42504D4E456467653E0A2020202020203C62706D6E64693A42504D4E456467652062706D6E456C656D656E743D22666C6F773336222069643D2242504D4E456467655F666C6F773336223E0A20202020202020203C6F6D6764693A776179706F696E7420783D223735322E302220793D223339372E30223E3C2F6F6D6764693A776179706F696E743E0A20202020202020203C6F6D6764693A776179706F696E7420783D223636362E302220793D223337332E30223E3C2F6F6D6764693A776179706F696E743E0A2020202020203C2F62706D6E64693A42504D4E456467653E0A2020202020203C62706D6E64693A42504D4E456467652062706D6E456C656D656E743D22666C6F773337222069643D2242504D4E456467655F666C6F773337223E0A20202020202020203C6F6D6764693A776179706F696E7420783D223437302E302220793D223132372E30223E3C2F6F6D6764693A776179706F696E743E0A20202020202020203C6F6D6764693A776179706F696E7420783D223431362E302220793D223339302E30223E3C2F6F6D6764693A776179706F696E743E0A2020202020203C2F62706D6E64693A42504D4E456467653E0A2020202020203C62706D6E64693A42504D4E456467652062706D6E456C656D656E743D22666C6F773338222069643D2242504D4E456467655F666C6F773338223E0A20202020202020203C6F6D6764693A776179706F696E7420783D223336342E302220793D223431372E30223E3C2F6F6D6764693A776179706F696E743E0A20202020202020203C6F6D6764693A776179706F696E7420783D223239352E302220793D223431372E30223E3C2F6F6D6764693A776179706F696E743E0A2020202020203C2F62706D6E64693A42504D4E456467653E0A2020202020203C62706D6E64693A42504D4E456467652062706D6E456C656D656E743D22666C6F773339222069643D2242504D4E456467655F666C6F773339223E0A20202020202020203C6F6D6764693A776179706F696E7420783D223237352E302220793D223339372E30223E3C2F6F6D6764693A776179706F696E743E0A20202020202020203C6F6D6764693A776179706F696E7420783D223237352E302220793D223337332E30223E3C2F6F6D6764693A776179706F696E743E0A2020202020203C2F62706D6E64693A42504D4E456467653E0A2020202020203C62706D6E64693A42504D4E456467652062706D6E456C656D656E743D22666C6F773430222069643D2242504D4E456467655F666C6F773430223E0A20202020202020203C6F6D6764693A776179706F696E7420783D223235352E302220793D223431372E30223E3C2F6F6D6764693A776179706F696E743E0A20202020202020203C6F6D6764693A776179706F696E7420783D223232322E302220793D223431372E30223E3C2F6F6D6764693A776179706F696E743E0A2020202020203C2F62706D6E64693A42504D4E456467653E0A202020203C2F62706D6E64693A42504D4E506C616E653E0A20203C2F62706D6E64693A42504D4E4469616772616D3E0A3C2F646566696E6974696F6E733E, '0');
INSERT INTO `act_ge_bytearray` VALUES ('204', '1', 'chargeApply.png', '201', 0x89504E470D0A1A0A0000000D4948445200000367000001DF08020000005B2F37030000526B49444154789CEDDD0D6C1CF59DFFF10448D840F3677BA58D412DD93E9CB2BAB678EFE835D6A96A0C55F19E742D2B1591BD9E1456AA0AAEE8A5D60951F7AAE0BB2BA975BA6BB70F44DB6B4957ADD2F3A972BA5281DB2B097521501F84C43CB8351017D310BA90849A4B024B62C7F3FF790786651FE66177E6F79B87F74B3F458EBD3B9EF9EDEE773E3BDEF9CE0A0D000000B0B242F50A0000002000488D000000B0466A04000080355223000000AC911A010000608DD4080000006BA446000000582335020000C01AA911000000D6488D000000B0466A04000080355223000000AC911A010000608DD4080000006BA446000000582335020000C01AA911000000D6488D000000B0466A04000080355223000000AC911A010000608DD4080000006BA446000000582335020000C01AA911000000D6488D000000B0466A04000080355223000000AC911A010000608DD4080000006BA446000000582335020000C01AA911000000D6488D000000B0466A04000080355223000000AC911A010000608DD4080000006BA446000000582335020000C01AA911000000D6488D000000B0466A04000080355223000000AC911A010000608DD4080000006BA446000000582335020000C01AA911000000D6488D000000B0466A04000080355223000000AC911A010000608DD4080000006BA446000000582335020000C01AA911000000D6488D000000B0466A04000080355223000000AC911A010000608DD4080000006BA446000000582335020000C01AA911000000D6488D000000B0466A04000080355223000000AC911A010000608DD4080000006BA446000000582335020000C01AA911000000D6488D000000B0466A04000080355223000000AC911A010000608DD4080000006BA446000000582335026FAA56AB636363D96CB6BFBF3F9148AC882AB1ED620632994CB1589C9F9F57FDB000F02FCAA62E226593D408BCAE5C2E8B97BDA87DBB76EDDAB377EFA1D9D9330B0BD11C62DBC50C8C8F8F6FD9B245CC892882AA1F1C007E44D98C5AD92435029A785F98CBE50606060E3F77F8CCC21946FD387AECA8288262722A958AEA070A805F5036A35936498D883A51FB52A9D41D3B7F7066E134A3DDB8F3AE3B376EDC383737A7FAE102A01E6533B26593D488A8136F976BB5EF3586F9D8B3F79E4D9B3EAEFAE102A01E6533B26593D488482B97CB0303572F2C561976C62D5FBE79FBF6AFA97ED000A844D98C72D9243522BAAAD56A229178EEC8DCC2E2AB0C3BE3E4A93FF6F65E3E3333A3FAA103A0066533E26593D488E82A168BB95C6E61F115635C99FE1B9B4D16EAEF15A9B17DFBBF0C0F0FAB7EE800A841D98C78D92435069B7E165B885B43792A93C98CEFFEAF376BDFD5037FD0B467CF6A4F2F68BF39AD3D7A5ADB7F7231BFFBDE5F1C79F9A133DAFF56B587AADABE57B47B5ED3BEBDEFF11B066F545E89948C470E4CA65229D50F5D48F0FA45E05036235E36498D012676369B366DBA63E7CEFEFE7E763C1D482693D3D30717164FE943BC153EA969A796B49717B597CE68AF68DA3FFCE3AD2BCE795BDFD599230BDAE1D3DAE1D7B4B9AA766851FBE9AF1FADBD6F3E15C171F2D4F1582CA6FAA10B035EBF0822CA66C4CB66805363B55A2D954A232323E2AD4FFF1BD2E9B4F8CED8D858E8ABB0BECBD9FFC881330B8BE25F763C1D88C7E3C78E1F59583CA90F51D15E39AB9D3EBBFCA3C5A5E57F7F7EF7FF5CFAFE0F7DF5B67F5FD4B4138BDACB0BDA4B0B9A98E57B1E7EAC56FE4E4673886D57FBC08500AF5F04146533E26533909B21C2A2488722B98BBC2832E2F8F8EE3D7BEFD5C79D77DDBD6DDBADD96C563CB3FBFAFAC2DA9CBD7E97A30F763C1DA895B013C610FF3DB5A81D7F553B73F6F51B88F9FCE677BFF7B57FFBEEE1E7973BB52E2C69676A65F1C1471E6DB86FA44668CA9F2ABC7E115C94CD8897CD806DC6D4D4947E9D47910E8D82DB6EEC7BE0C12D5BAE4FA552131313AA57DC4DCDBB1C763C9DA995B0FF33C672F93BAB1D7D457BE1A4B6A069674E9F4E6ED8B062C5B92B56C4AEFDDB2DF577DC7FE060C37D23354253FE94E0F58B40A36C46BC6C0669334647474504DCB3F75ECBBCD8508B458D1E1C1CAC56ABAAB7C005ED7639EC783A502B612F1B43FF538B78D3FCFC09EDC5D7B4FDD3BF5BB76EDDB9E7AD5E73D1C5D9CFBEA5FC3DFCC88186FB466A84A6FCC9C7EB174147D98C78D90CC66688C097CD668787871DE5C5FA71FB8E1DA21C07FD8A90E6BB1C763C4ED54AD8BC31C47F5F5DD25EAA2EBF693EFA9AB6F7E1990FF75E71F13BDF7551FCEDDFFBD14F5FD3B493A7B5574E2FDF71DFE4C30DF78DD4084DF9938CD72F4280B219F1B21980CD1091B1AFAF6F6C6CACE3C868FCC15A2C27B85784B4B3CB61C7E38878192F2EFED118FAAB5A54C09717B43F9E116F9D171E7C7CAEF72F3E72E527FFFAC5D3DA0B55EDC5AA76FCB4260AE0BE871E6EB86FA44668CA9F4CBC7E110E94CD8897CD006C46369BED3E321AE55804C720FEA9DAFE2E871D8F7D0D25ACFFCA4D8FFDF6E9FD8FCF4C4ECD3C7060E681834F3DF8D8EC2F1FFACDAF1F7FE6BE034FDD7FE0C9070E3E39F9E8538F3FFDFB1DFFB1F3BACDD7292F4394BFA0E0F58BD0A06C46BC6CFA7D33464747BBF9C374F3181FDF9DC964546F96334E7739EC786CAA95BF97EAC74D37DD68E70A079FB9F6DA863B466A84A6FCC9C1EB176142D98C78D9F4F5664C4D4DA552291723A33E6EB8E1C642A1A07AE3ECEA6C97C38EC78E5AF93BCE703A4253FE24E0F58B90A16C46BC6CFA7A334464ECACDA9A8FC3CF1D59BF3E1188BF5337EF72EEBCEBEE0D1B928766675B6EDAD163C77B7B7BEFD8B9931D8F1DCBE5EFEC3186D3119AF2E7355EBF081FCA66C4CBA67F37A3542A653219D723A33EB66EFD523E9F57BD89165AEE7262B19878F289D4DBBCE3D17739FADF02D8F1D8512B7F47194E4768CA9FA778FD2294289B112F9BFEDD0C51289DB6667474B8B1A7A747F5269A31D9E5E81A763CF5BB1C763C36D5CADF8B0CA72334E5CF3BBC7E115694CD88974D9F6E86A88FF178DCA3C8A88F8D1B374E4E4EAADED0D69A7739274E9E1231B7E1C3C5C68EA7799723885D9408C7EC784CD4CADF0B0CA72334E5CF23BC7E116294CD88974D9F6E46B158CCE5729EA6C6DBB66F1F1E1E96BC5D636363960D234D2E38269274F38EE7C0C1832D7739CD175D8CE68EC764CE6BE5AFC2703A4253FE9CE2F58B88A06C5236DBF1E9660C0E0E160A054F53E39EBDF78A122C73A39E7AEA297D97B076EDDAF1F1F196B7B1BCE058F38E67F5EAD5767639D1DCF198CF39E52FE2E5CF115EBF8808CA2665D3844F37239D4EB7AB9B6E8D43B3B3E28DBECC8DAA56ABE79C738EFE6A5CB56AD5073FF8C1863773362F38D6BCE3B1B9CB89E08EC77CCE6BE5EF0F0CA72334E5CF115EBF8808CA2665D3844F37C3A39E3BF5E3C4C953A2404BDEAE86CF36AD59B3E6739FFB9CDE03C8D105C7DAED782C773911DCF198CCB9F8EFD9B3CF339C8ED0943FA778FD2222289B94CD767CBA19E2295BFF49708F86781445F13579DF2F93D8E5D83F67FC9713BF3AF7DC731B96B072E5CA9D3B7F687309FA1FE8FDB3F9AA9C3D7B84E174ACF0D30BC72778FD223A9497A0208E15A4464F2593C927A6A725A446C9DB75D14517192FBC4C8DA8FB3333335AED423862C773F4D871CBD56E79C6A5AE651FB8964B10BF57FC46C99BAF84C99CD7CADF730CA72334E5CF295EBF8808CA2665B31D9F6E86A7CD1AF521FF738DF3F3F3FA8B5064E2CF7FFEF3E2DFB1B1B1FA1BD8D9F198EC726CEE7822B5CB319FF35AF93BDCC130BFA3F1D3366FD36D2DA4618126CBB15C60FDFA38FDD5ED16A8F0315585D72F22C2A3B26959AFEC7C27284532C465D3A79B91CBE5EA9BDC7A31F63DF0E0C68D1B656ED4B3CF3E1B8BC5D2E9742291181E1E6EF9B124F31D4FCB5DCECA952BEDEF78A2B6CB319FF35A5DF8BDA3D154957EDFF05FE366EDEEDEFC75F332EBBFD970CBFA2F5AE78E568B6AF745672334E5CF115EBF8808D7CBA6492531AF99C12D92212E9B3EDD8C7C3EBF75EB973C4D8D22956ED972BDE4ED2A954AC562D1BCE55BBB1D4FBB56C0DFFECE775BF6816B79C9B208EE724CE6DC95BAE0A8CA98DFB8E19B9615CDFC37DA29889DCD4068CA9F53BC7E111112CAA6798C0B7A910C71D9F4E9668827AB7897E3696A1C18182897CBAA37B4B5E61D4FBB5D8E7EC665BB06C20D972C6397D3A0560E9E7534EAEFA27F6D7CA7F98B76776F79CBE67BD5DFAC556D355BB7FA6F1AB777B4AAE693A0FAA1F3355EBF08B1CE8A869D626559A3025424435C36FDBB199E9E1073E2E42951A6F53E02FED4BCE3D9B2E5FA96BB1C7D34EF78442C169BC92EC7C47239589A733AF47B19F76DF86FC3D7EDEEFB7A916AB3CC86E5987FD14ECBE5D4FFB4B3CDD7EFA8FAA1F33B5EBF08AB8EEB46CBE2D6EEFB412F92212E9BFEDD0C4FFF48FDEFDFF88658B8EA4DB460B2E36977C13163C7C32EC78E5A4578C6FE685F7A9EA95F94C9625BDEACDD379B176EF2859DAF1B16EE68DB1BB642F5431700BC7E114ADD940ECB22D9F0FDE016C910974DFF6E46B55A4D24125E746D14E578FDFA44A55251BD89D65AEE78CC2F3826763CEC726CAA1585DF75398C85347FD1D98D5BDEA655546DFBA3FA1B18B7B1B986363759F543170C3FFEF18FBB7FFD5E7AE9A56239AA3705789D5B65D34EE10A6E910C71D9F4F5668C8D8D5DB77973340F341A9A83A3F9F5279E989E2632DA54AB0BB38E4653D1993516D2FC45CBBB372CA4E532DB2DC7FC3B2DBFAE5FA69D35B43909AA1F3ABF136F7A878787FBFAFABA7FFD964A25B11CB1343F7FA206D1D165F5E8A0D206B14886B86CFA7D333E7DCD35E3E3BB5D8C8CA228F7F6F68ABAAC7ACB1CB0DF40B87E88DBBFFBDDEFBEFFFEFB55AFBE7FD5EAC22147A3FE2EFAD7C6779ABF30BFBBE58FEA17D8EA5D72DB1FD5DFC0E91ADA9C04D50F9DAF4D4E4EA652A9D1D151FDBF1DBF7EEBDFF289A589658A25ABDB2C605997D5C34E510D41910C71D9F4FB66CCCFCF6FDCB8D1ADD362F433190FCDCEAADE2CC79CEE78F45DCE8F7FFC63F12F8728DAA9D585A71D8DFABBE85FD715A016B731BFBBF9BD1A6ED0EE36F6BFAE5F61CB55359F04D50F9D4F198718F5AB68183A7BFD36FC95402C93838E50AEB3A2D1B270B52C44E12892212E9B01D80C512B4570B473A12DCB42FCE96BAEB9F3AEBB556F50871C5DB2CCD8E58C8D8D65B359D5EBEE539DA5C6B7BE55B52852ED6AA5E5BDECDCC6E64FEBCB9F49B18E60F97357C321C6069DBD7E9B71D0116A79911A9BBF19F42219E2B2198CCD1005B4B7B777DF030F761C199F989E16D133B8915167F392650DBB1CB19B191E1E56B8DABE255EC64B4B4F391AF577D1BF6E5E48CBC51A41B3DDF7EB59DEA0DDAF68F77B5BAE7CBBE5D89904D50F9DBFB43BC4D8A0B3D76F330E3A42A1CE8A864915352F6B012D92212E9B81D98CF9F9795170B76DBBD5E9C7834E9C3CF5EFDFF886FE676ED51BE102CB4B96B5DCE5E472B962B1A8627D7DAD560E9E64381DA1297FAE303FC4D8A0B3D76F4B1C74841294CD8897CD206D8678632D52E3860D4991028DD30CCDC71D3B778ADB6FDDFA25518E55AFBE6B4C2E59D66E9723A62E9D4E4F4C4C485F595FAB95BF1986D3119AF2D7259B87181B74F0FA6D87838E908FB219F1B219BCCDA8542A434343F178FCD3D75C234261731B0BF19D5DBB7E72DDE6CDE2365BB65C6F7ED1D8806A79C932F35DCEFCFCBCD3DD5BE8D5CADF6F194E4768CA5F371C1D626CD0C1EBD704071D21136533E26533A89B21DE5B974AA55C2ED77C7557F11D1119C7C6C6444E52BD9A1EAADFF1D8DCE588002DF62EE19E164762B1D8ABAF1E5C5AFA0DC3D1084DF9EB4C6787181B74F0FA35C141474843D98C78D90CC9664493BEE339343B6B7F97333939492F1E43229178E6995F2C2D4D331C8DD094BF0E747388B15EA552E9E0F56B8E838E9080B219F1B21992CD882CB1B311AF6147BB1C7AF118D2E9F47F970B4BDA130CFBE3B7333F4F2693AA1F3A055C39C4682897CB5A47AF5F731C7484D7289B112F9BA4C628A2178FAE360F9F535E5082357E58BC2D97CBA97EE86473EB10A3219FCFBBB5A8661C748477289B112F9BA4C688A2178F56FBA06732F9DE57ABFB97B4C7193647267355A95452FDD0C9E3EE214683D7BB100E3AC22394CD88974D526344D18B4737B26C70497B8C6167FCE7D8BF66B369D50F9A3CAE1F623488C5BABECC661C748417289B512E9BA4C6E8A2178F564BCFFDFD1F999CFCB1A63DCA301F95CADE64F2BDF3F3FB543F6832787488D1108BC5BC586C330E3AC27594CD28974D5263A4D18B47ABED5653A90D3333254D9B62B41BA2F689FDC4C4C40F543F5C3278778851279E72923F1ACF4147B88BB219D9B2496A8C3A7AF168AFA7840DA3A37FAF690719CDA354FA4632999898F8BEEA07CA735E1F62D4954AA54C26E3DDF25BE2A023DC45D98C66D92435825E3CCB6A7121D7DF7F45B1F84F95CA3D9A7680313FFFABB1B1AF67B303994CBFF85AF543E439AF0F311A447493F05B5AE2A0235C44D98C60D924356219BD7874131313B9DCA77A7ADEB1022B56C4E36BB3D9AB450554FDB0784ECE214643269351784225071DE12ECA66BDD0974D52235E472F1E4493B4438C866432A9FC2C340E3A42094F3F461F9A9E887E466AC4EBE8C583A8917C88D1F8A5D24EA036C74147C82192E23FFFF33F8B27DBA73EF5294F7B4EAD08CB55FBFC8C29C69BE8C583E8907F88D1F8BDE25526F9979AE0A0233CA287C5F7BFFFFDFA9F6E2FBBECB275EBD6CDCDCD79F71B498D1230C5780B7AF120F4941C6234140A85C1C141F9BFD744BB838EDFF9CE776EBEF966556B85E0AA542A1FFBD8C7EA3FEDB769D3A6F3CF3FFF85175EF0F4F7921A25608AD1885E3C08315587180D4343439E5E84BA630D071DC55B47B10F7EFBDBDFCE7972704A3CC3CF3BEF3C23325E70C105175F7CF14F7FFA53AF7F2FA95102A6182DD08B07E1A3F610A3219D4E97CB65852B60A2FEA0E337BFF94D7D972F82237F7C8023E2F993CBE5DEF5AE77251209F114DAB0618378DA4BF8BDA446099862B4462F1E8489F2438C86783CEEF310A61F74BCF4D24BF5D428F6FD5FFCE21755AF1482676E6EEE031FF8C079E79D27AD6900A95102A6186DD18B0721E093438CBA4AA5D2D3D3A37A2DAC7DF6B39FADFF50DA25975C323535A57AA510247A538EEF7FFFFBAB56ADEAEFEF97F34B498D1230C5688B5E3C083AFF1C62D495CB65397FAAEBC6CD37DFDCD0B878F5EAD5575C7185EAF54260E8ED38F44F620C0E0E4A7BCB416A94802986197AF120A07C7588D190CFE787868654AF8505316F62EFDBD3D3934C26FFF22FFF72CD9A35175E78E17BDEF31EFEF2003BF4461C4A0E4E931A25608A61815E3C081CBF1D623404E8531FE2853F313131323222D6F97DEF7B9FD81FAF5FBF5EF54AC1EF4458142F3D4F9B329A20354AC014C31ABD781014FE3CC46850750CA67BC6E9D5AA5704FE552E97C59344E1210652A3044C316CA1170FFCCFB787180DB1582C70EFBEC40AEB2F7FF1D6516FA4124D62DBC50C64329962B1C8DF5E9A896949A7D36A9FDE2B488DDE638A6117BD78E05B3E3FC4A813EB964C2655AF8533E57259A425111977EDDAB567EFDE43B3B3671616A239C4B68B19181F1FDFB2658B9893A07CD2400EFD930CAAD782D42803530C0702F4A92C4487FF0F31EA4AA552269351BD1676CDCFCF8BD7FBC0C0C0E1E70E9F5938C3A81F478F1D15D9514C4EA55251FD40A9279E272235AA5E8B65A44609986238402F1EF84A200E311AC4AAFA3FDAEA44641441FC8E9D3F38B3709AD16EDC79D79D1B376E5475E6871F88E789D823F8E75002A95102A618CED08B073E1194438C864C26532A9554AF852DB95CAE16195F63988F3D7BEFD9B4E9E3AA1F2E352A954A7F7FBFAF2E8F496A9480298663F4E2815AC13AC46890765DB52E891C303070F5C262956167DCF2E59BB76FFF9AEA074D36FD9C7ABF350420354AC014A313F4E2812A813BC4A8132F96582CA67A2DAC89F54C2412CF1D995B587C9561679C3CF5C7DEDECB03F17EC02DE2352822A30FFF344F6A9480294687E8C503C9027A8851A7EF6855AF85B562B198CBE516165F31C695E9BFB1D99BA6FE5E911ADBB7FF4B74FA4B944AA5FEFE7E7FFEAD89D42801538CCED18B07D204F410A3A150280C0E0EAA5E0B6B994C667CF77FBD1919AF1EF883A63D7B567B7A41FBCD69EDD1D3DAFE938BF9DDF7FEE2C8CB0F9DD1FEB7AA3D54D5F6BDA2DDF39AF6ED7D8FDF3078A3F200A7643C7260F9C9A9FAA193413C8DC533C4B77F6522354AC014A32BF4E281D7027D88D130343494CFE755AF85B56432393D7D7061F1943EC46EF8A4A69D5AD25E5ED45E3AA3BDA269FFF08FB7AE38E76D7D57678E2C68874F6B875FD3E6AADAA145EDA7BF7EB476B8F15404C7C953C703F1F1832E8997A1CFDFF9901A25608AD1157AF1C053413FC468E8EFEF0FC4CB241E8F1F3B7E6461F1A43EC46EF895B3DAE9B3CB3F5A5C5AFEF7E777FFCFA5EFFFD0576FFBF7454D3BB1A8BDBCA0BDB4A0CD6BDA3D0F3F564B8D27A339C29D57449DCFE572FE7F1986FB51F009A618DDA2170FBC108E438C0691C6FCF951B006B5E477C218E2BFA716B5E3AF6A67CEBE7E03B115DFFCEEF7BEF66FDF3DFCFC7283EB8525ED4C2D4D3EF8C8A30DF78DD408715E118FB87E1D45D52B622DC48F827F30C57001BD78E0AED01C62D4552A959E9E1ED56B614B2DF9FD9F319653E359EDE82BDA0B27B5054D3B73FA7472C386152BCE5DB12276EDDF6EA9BFE3FE03071BEE1BA911D6BCE2C3A68C26C2FA28F80A530C77D08B07AE08D921469DD8E9A6D369D56B614B2DF9BD6C0CFD2FD4C75FD59E3FA1BDF89AB67FFA77EBD6AD3BF7BCD56B2EBA38FBD9B7A4C6871F39D070DF488D50E6157F36653411CA47C16F9862B8865E3CE852C80E311AF2F9FCD0D090EAB5B0A596FCE68D21FEFBEA92F65275F958E3D1D7B4BD0FCF7CB8F78A8BDFF9AE8BE26FFFDE8F7EFA9AA69D3CADBD727AF98EFB261F6EB86FA446F8F28A6F9B329A08DFA3E0434C31DC442F1E74269487180DE2DD94784FA57A2D6C11FBDDC5C53F1A43DF0D8BE0F8F282F6C733DAF327161E7C7CAEF72F3E72E527FFFAC5D3DA0B55EDC5AA76FCB42672E3BE871E6EB86FA446C8F28A9F9B329A08D9A3E04F4C315C462F1E3815D6438C06B17541F9335F43F2EBBF72D363BF7D7AFFE3339353330F1C9879E0E0530F3E36FBCB877EF3EBC79FB9EFC053F71F78F281834F4E3EFAD4E34FFF7EC77FECBC6EF375CAD31BA9B17B3E6FCA68224C8F826F31C57019BD78605FB80F311A62B15850F6C1B5D4F852FDB8E9A61BED5C18E633D75EDB70C7488DD0E415FF376534119A47C1CF9862B88F5E3CB023F4871875E285904C2655AF855DB5D4789CE1748420AF04A529A389103C0AFEC714C313F4E281EEE69B6F6EFEC442440E31EA827596D8726A3C7B8CE174043DAF885A9D4EA783FEE1A2A03F0A81C014C32BF4E20934F1C0954AA59191914C26D3FF06B15F11DF11BB964AA562672137DD7493A8E3E79F7F7EFDD3202287180D221F0768636BA9F128C3E908745E116FF28372ED2273817E148282298687827594053A11164552B4FC1C9B487E8542C1E45DC1430F3DA4DFF2C31FFEB058A616B1438C063199FAE607422D35BEC8703A829B57A6A6A644640CCAD95AE682FB280408530C6FD18B274026262644A4B373EA83219148B48B44975D76997E9B0B2FBCF0431FFAD09E3D7B227588D1904C260394926BA9F10586D311D0BC225EF2223206AB29A389803E0AC1C214C373F4E2F13FFD83F0CD47136FB9E5CBE3E3BBF7ECBDD718DBB6DD3A3030D070CB4C26D3F019D66F7DEB5B0DB759B366CDC30F3FAC6A035511D3128FC755AF8503B5D45861381D41CC2B636363E9743A4C9F3E0FE2A310384C313C472F1E9FAB542A0D8718B76EFDD2A1D9D9330B8BEDC6D163C76FDFB1A3A7A7A7FEA0A3F1472EB11F8AC5620DA9F1AFFEEAAF22F87105FD021BAAD7C20152634452633E9F17AFC7907DEE3C708F421031C590815E3CBE35373727029F91ED44BE37CF8B0DD971DBB65B8DFB8AA428429256FB24DF9A356B2EBFFCF23FFDD33F7DFBDBDF9E4C26C5AF103F8DE021E742A110ACEE77B5D4F80786D311ACBC3254A37A2DDC17AC4721A0986248422F1E1FAA56ABF547196FDBBEDD665EAC1FBB76FDC438B228D2A171E4F26D6F7BDB15575C313232323131119A0F4E3925F6CDF97C5EF55A38201EB8B3679F67381D41C92BE2259FCD6683F59CB42F288F42A031C590875E3C7E23F61F46641C1FDFDD4164D4C7FE470EC4E3717D391FFFF8C72378A2743B816B68524B8D47184E4720F28ADE9431289744EF40201E85A0638A2115BD78FCA3542A757994B17EDC79D7DDC6D2C27A24A303224C07EBF87A2D353EC7703AFC9F5742D394D184FF1F8510608A211BBD787C22954A199F65EC3232EAC3F88C634F4F0F4794B5DA6946622A54AF8533B5D478B883517FC7760B3159F88A566C2EDC7CB1E6DF6FFEA2E3CD57FDD09909535346133E7F14C281298602F4E2516E6C6CCC3885E5F073475C498D274E9E32CEAA0EE567ED9D2A97CB2291AB5E0B676AE1E9F71D8CFA3BB65C489B5CE878E1E6BFABE56F69FE8D265F74BCF9AA1FBAB642D694D1849F1F85D0608AA100BD7894137B117D27BA75EB975C898CFAB863E74E7DB1C16A52E8917C3E1FB8F4EC516AD4BF63799B76F1AEFEBF36E3A0F94ABA1E1F7D9B57C2D794D1846F1F8530618AA106BD781412936FEC6BDD3AD0688CF5EB13FA92795790CD660377E6412D333DDBC1A8BFA3C942EA429EAD25E85F34FCD7FCBE96DFAF5F87E625773603FECC2BA16CCA68C29F8F42C830C550865E3CAA148B457DAFD9DFDFEF6E6414E3861B6ED417CEA757C5D33B709F245BCE4C4B73F68771FBFA3BB6FBA6C97F8DEFBC19E9EA96D072812D57A37939CDCB6C5860FD4F9D6E7EFD02553F748DC2DA94D1840F1F85F0618AA112BD7894181C1CD47793DD9F3ADD3CF6ECBD575F78B0AE89E285582C16B8E7762D363DE368E877A9BF63C377DEC864CF34DCACE1477616DEEEC6CDBFDDE6D72D57B283E1ABBC12EEA68C267CF5288415530CC5E8C5235F3A9DD6F79177DE75B7EBA9F1D0ECACBEF04422A17A43559A9999492693AAD7C2B15A72FA9DD3F146E46AFDDF865B9A2CA1E9D0E0EFEAFF6D77B396BFDDCE6D1A96DCC186D72F50F543F7BAF9F979F1563C701F8D70857F1E8510638AA11EBD7824337AEEEC7FE480EBA9510C6327AD7A43550AE8DBA15A789AED60D4DFB17921ED635CE35D1ABEA8FFB7CB35A95F72BB5FD7F1F0C9B37D6E6EAEAFAF4FBFB06704F9E4510837A618BE402F1E998CFE38F62F39ED6818CB57BDA12A893742E2ED90EAB570AC169E0E7530EAEFD86E210DDF6FB84BAB4C79A8FE5F9BBFD1F45863E3ED9BBFE878F3553F74CB4D19237E8AA11F1E85D0638AE10BF4E29129994CEA3BD127A6A7BD488DC665A9556FA84A994CA6542AA95E0BC76AE1E9E90E46FD1DDB2DA4E1FB2DEFD2FC45F337EDDCC6E6D7C6025BDEDDD1E6AB7DE0CAE5727F7F7FA55251BB1A6A297F14A28029865FD08B471AA359E39EBDF7BA1E198F1E3BAE2F3CE22D1B45340FE293D9BBD4D8FCCD86BBB43A3468911A4DBE6933BF1ABF28D0A9B1582C8A7729F4A320354AC014C347E8C523472E97D37796B7EFD8E17A6A7C627A5A5FB87828556FA832E2391CD0D02C1EB8A5A5A7EC0F933F07EB8C9B35DFABE13BCD4B6EB871FD6D5AFE9696ABD76E9D9B6F60B934F37950F5908D8E8E8A5774E0CED6F702A95102A618FE422F1E09C46E46DF3B6ED972BDEBA9F1B6EDDBF58507F15C10B788A771401B0FD532D3930CA743555E191C1CE4544203A95102A618BE13D0934F03646666460F76F178FCC4C953EEA6C64D9B36E90B8FF2E94D854241ECCE55AF45276AA97186E174C8CF2BE2AD75269311CF34C9BFD7CF488D1230C5F0237AF1782D9148E8D96E7C7CB78B91D168D62844F9930643434301EDB15C4B8DBF65381D92F38ADE943188A75B798AD42801530C9FA2178FA74428D7B35D6F6FAF8B871B3F7DCD35FA6233998CEA4D5429B83DF362B1D8ABAF1E5C5AFA0DC3D190995722DE94D104A95102A6183E452F1E4FCDCFCF1B5D15DDBAAEE0BE071E340E3406EEFACBEE8AC7E3013DD49A48249E79E6174B4BD30C47435A5EA129A30952A3044C31FC8B5E3C9ECAE7F37AC28BC562DDB7E039343B6BC4D0807EA4CF2D954A454C85EAB5E89078ABF6DFE5C292F604C3FEF8EDCCCFE55C3D92A68CE6488D1230C5F0357AF1784A84723DE78994D3CD75624E9C3CD5DBDB6B2C2AE27B35B16B17D94BF55A74A8F691E2CF29CF61C11A3F2CDE96CBE5BC7E6868CA6889D42801530CBFA3178F7744288FC7E346DAEBECB2D4879F3B6244C6582CC6870A027D2E97784A2493EF7DB5BA7F497B9C6173643257797D620A4D19ED20354AC0142300E8C5E31D11F28C0F238ACCE7B4EFF7BE071E34FE302D04F4C4617789E7AA78C6AA5E8BCE8D2C1B5CD21E63D819FF39F6AFD9ACB7879669CA6813A95102A618C110E8E3373E572A958C238EFA59D577DE75B79D438CD76DDEBCA20E9151974AA5027D3250B55AEDEFFFC8E4E48F35ED5186F9A854F62693EF9D9FDFE7DD63415346FB488D1230C5080C7AF17867666626994CD64740911DB76DBBF589E9E9E6B078FB8E1D030303F53716A1933F4C1B62B158D0FF92289E0FA9D486999992A64D31DA0D111945BC9E98F881478F827E3A204D19ED23354AC0142330E8C5E329B18B1A1919118967452B1B376E6CF7A36C361BF1D35FEA4D4D4D85E302DC93939322388E8EFEBDA61D64348F52E91BC9646262E2FB1ECDBF7E2260A00F5ACB476A9480294690D08BC76B22FFE572B996E9B0597F7F3FAD861B84E933B8E27DDAF070AEBFFF8A62F19F2A957B34ED00637EFE5763635FCF660732997EF1B54733AFBFF710C1D1A3E58715A95102A61801432F1E09445C10E947C44731D50D49319148E81FB4E2F8624BC3C3C3A3A3A3AAD7C24D131313B9DCA77A7ADE61F3BD44B8C5E36BB3D9AB4570F46EC2CBE5B2786F4C89EBC00A52A3F79862040FBD78E05B2252F341348F48E889A85CB1584CA7D314B7CE901A25608A114861FA3B20C2249148F087458F843E138C8C8C4421197B27F4CF103F608A1154F4E281DFCCCFCFC7E371D56B115AE1CE04222F8AD4A87A2D822DDCCF109F608A1160F4E281AF4C4E4EF6F5F5A95E8BD00A6B26D0BB4350CABA17D66788AF30C508307AF1C0570A85C2E0E0A0EAB508AD506602BD2F44B95C56BD226110CA6788DF30C508367AF1C03F868686B8408E77C2970968CAE8AEF03D437C882946E0D18B073E21DEC0D0C0D23B21CB043465745DC89E21FEC414230CE8C5033F88C7E3BC7BF14E9832014D19BD10A667886F31C508097AF140AD4AA5D2D3D3A37A2DC22C349980A68C1E09CD33C4CF98628407BD78A050B95C165140F55A84593832014D19BD138E6788CF31C508157AF14015DEB4782D049980A68C9E0AC133C4FF9862840ABD78A04A369B1D1B1B53BD166116E84C303F3F4F5346AF05FA1912144C31C2865E3C5082162A5E0B6E26A8542AFDFDFD3465F45A709F2101C2142384E8C503F962B118E737782AA09940BC8315EF6379472141409F21C1C214239CE8C50399F4DE7BAAD722E4829809F48B4CD294518E203E430287294668D18B07D2F06493207099A0542A89F7AEFCD1439AC03D438288294698715A2BE4104F33F16453BD162117AC4C50281432990C7FEE902958CF9080628A1172F4E28104221F944A25D56B117201CA04E25DC4E0E0A0EAB5889C003D43828B2946C8D18B07122412093EBBE6B54064025170C43B550E3C2B11886748D031C5083F7AF1C053E209168FC755AF45F8F93F138867422693E18F1BAAF8FF1912024C3122815E3CF08E7E9EACEAB5083F9F67029A322AE7F367483830C5880A7AF1C0238542810FB149E0E74C4053463FF0F333243498624408ED51E0051119457054BD16E1E7DB4C4053469FF0ED33244C9862440BBD78E03A9118446E50BD16E1E7CF4C405346FFF0E73324649862440EBD78E0AE783C4E6890C0879980A68CBEE2C36748F830C5881C7AF1C045954AA5A7A747F55A4482DF32014D19FDC66FCF9050628A1145F4E2815B4AA552269351BD1691E09F4C4053467FF2CF3324C498624414BD78E00A3E292B8D4F3281281AE9749A4FB9F8904F9E21E1C61423BAE8C583EE65B3D9B1B131D56B11097EC804E2DDA6281A7CBEC59FFCF00C093DA61891462F1E7429954AD1A54F0EE599403CD02232F270FB96F267481430C5883AFEC2888E55ABD5783CCEE16A39D46682898909111969CAE867A446099862805E3CE8D0D4D4542A9552BD1651A130138C8D8DA5D3693E06ED73A446099862805E3CE8109F7090495526C8E7F3E251E688B2FF911A25608A8165F4E2410786878769BF228D924C305423FFF7A203A446099862E075F4E28153994CA6542AA95E8BA8909C09AAD56A369BCDE7F3327F29BA416A94802906DE442F1E38D2D3D353A95454AF4554C8CC047A53467A2A050BA95102A618780B3EA9069B44B088C7E3AAD72242A465029A320614A95102A61868442F1ED8313939D9D7D7A77A2D22444E26A0296370911A25608A8116E8C5034B854261707050F55A4488844C4053C64023354AC014032DD08B0796446414C151F55A4488D79980A68C41476A948029065AA3170FCC89A7C7E4E4A4EAB5083991E4441488C562A9544A7CD1D3D323FEBDE0820B5C7F61D2943104488D1230C5405BF4E28189783CCE73C36B3FFBD9CF5634B9F2CA2BDD6D784453C67020354AC0140366E8C583962A954A4F4F8FEAB5083FF1D23BFFFCF3EB23E3E5975F2E66DEADBC4E53C63021354AC0140316E8C58366A5522993C9A85E8B48F8CA57BE72DE79E719A9F10B5FF8825B2D0E44F414EF0969CA181AA446099862C01ABD78D080A7844CEBD6ADD323E3E6CD9B1389842BC7FEE7E6E6F8646AC8901A25608A015BE8C5837AD96C966354D2DC77DF7DAB56AD1299209D4EBBF289C6A9A929CE750B1F52A3044C31600BBD78502F954AD1085AA6ABAEBA4A4F8DDD2FAA5C2EF7F7F77329C8F021354AC0140376D18B073AF116221E8F738E944C22E4894CD0FDABAF582C6632194E7E0F2552A3044C31E000BD78A0D5FEBE299E06AAD72272BACF04A3A3A3B95C8EB81F56A446099862C0197AF180D3EAE5136FD544E0EBE60DDBE0E0202730851BA95102A618708CD01071227C8C8E8EAA5E8B08116171D3A64D77ECDC29DEB075101CC57BBC4C26C3E51F438FD42801530C7482C62B51262288BBD72681093D32EE7FE4C0998545F1AFD3E0A837650CD0E32532AE58DB919111F134EB7F433A9D16DF29168B9CC46382D42801530C74885E3C91D5D3D3C3CE5B8EFAC8A80F47C131584D19F5D6F1CD57506C904AA50A85021F9269466A948029063A442F9E681279251E8FAB5E8B48688E8C8E8263809A328A322256D5322FD64B2412013A802A07A95102A618E81CBD7822687272523CE8AAD722FCDA45469BC131284D19C59BCF5C2ED77C34F1965BBE3C3EBE7BCFDE7B8DB16DDBAD0303030DB7A48B503D52A3044C31D0157AF1444D3E9F1F1A1A52BD1621671E192D8363509A328A50DB708871EBD62F1D9A9D35D9EAA3C78EDFBE63474F4F4FFD41471ACEEB488D1230C540B7E8C513298383839C8DEB293B91D1243806A529A378C329029F11FED2E9B4795E6CC88EDBB6DD6ADC37168B05E5B39B9E22354AC014032EA0174F7404E8EC8A20B21F195B06C7A0346514A1B6FE28E36DDBB7DBDCDEFAB16BD74F445E348E38FAFFCFF15E23354AC01403EEA0174F44C4E371FFFFE933A09C46C6FAE0F8C20B2F04A829A378936944C6F1F1DD1D444663DBC513525F8E9804D59BA518A95102A618700DBD78424FFFABA2EAB508A7CE22A3CD93637CA5542A757994B17EDC79D7DDC6D2F2F9BCEA8D5389D42801530CB8865E3CA1A777D453BD1621D41C194518DAB021D9EEA37E478F1DEFEDEDBD63E7CE2006C7542A657C96B1CBC8A80FE3338E3D3D3DFEFF40A777488D1230C5809BE8C5136E7C0EC10B2D23A3FE89BDF5EB13CDC1518F8C7A4E0A5C701C1B1B334E6139FCDC115752E38993A78CB3AAA37C823FA95102A6187019BD78422C9BCD8ABDBEEAB5081593C8A86B088EF5913188C151AC9ED164C795C8A80F3109FA62A3DC829ED42801530CB88F5E3C6125DE0FD01BCF45CD91B1FEB05973706C8E8CCD07EDFC1C1CC55A19ABEDD68146638859D2971CD90FC9901A25608A014FD08B277CC4DB00115054AF4578985C30D0382FB83E381E3878B06564BCF3AEBB9B97A030388AD7FEDCDC5CCB1F158B457DB5C5EAB91B19C5B8E1861BF58547F64314A446099862C02B7C062E64A6A6A652A994EAB50809CB0B063607C7D5AB57DB898C6A83E3534F3DA5AFDBDAB56BC7C7C71B7E3A3838A8FFB4FB53A79BC79EBDF7EA0B8FEC152F498D1230C58087E8C513261C3F768BCD0B063607479B91516170AC56ABE79C738EBE86AB56ADFAE0073F587FDC319D4EEB3F325FF3CEC6A1D9597DE1916D0E456A948029063C442F9E30191E1E1E1D1D55BD1681E7E88281ED82A3656454181C1B3E97B966CD9ACF7DEE73FAA79C8D9E3B9DB5A5B41CC62F95B9BDFE11D90D97892906BC452F9ED0106F00CAE5B2EAB5083C1119F7ECBDD7660CFAE5C4AFCE3DF7DC86C8B872E5CA9D3B7F68FFEFB6FD3526872DA53102A5FD4B4E3B1AC6F2553FC86A4476C365628A01CFD18B271CC42E994BFD766F6A6A4A04C7A3C78E5B66A096674CEB5AF6716CB9049117259FF67ED1451719EB99A911EBA0BF6F4C2693FAF79F989EF622351A1D8B646EAF7F4476C365628A0119E8C5137422F447B9139EBBEC044793C86833382A898C466F1D11103FFFF9CF8B7FEB1B7C1A873CED1F6DB53FC4F6EA0B8FEC1395D42801530C48C2B9148126727F644F4DF58279706C191957AE5C693F382A898CC2B3CF3E1B8BC5D2E9742291181E1E6EF80B432E97D3D7FCF61D3B5C4F8D4F4C4FEB0B8FEC99FEA446099862401E7AF104573E9F8FF2B5DABCD02E38B66BE5FDEDEF7CB7651FC796971C54121975A552A9582CB66CD9282A80BEDA5BB65CEF7A6ABC6DFB767DE1917D774A6A94802906A4A2174F400D0E0E160A05D56B1136CDC1B15D64D4CF986ED700BCE192830A23A3B9999919E38FC8274E9E7237358A99D4171ED90A436A94802906A4A2174F40F5F5F54D4E4EAA5E8B106A0E8E5BB65CDF3232EAA339380E0C0C1809CCCF9151974824F4D51E1FDFED6264349A350A913DF18ED42801530CC8462F9E20124925B23B63AF9904C776170C348263B022A356EBFAA9AF796F6FAF8B871B3F7DCD35FA6233998CEA4D5486D42801530C28402F9E60118F5764AFB72147CBE0687EC140111C031719B5DA9B46A3ABA25BD715DCF7C083C68146FFCF8077488D1230C5801AF4E2099052A914E5433872DC7FFFFD0DC1D1FC022A4F4C4F072E32EAF2F9BC7124B5FB163C8766678D183A3838A87AE35422354AC01403CAD08B272838F9DD6BF3F3F37AECB3D900BC7E042B32EAFAFAFAF49C27025F37D78911B9D93879882EF4A4460998624025E2482088705FDFAB19EE3222A3E6E4CA31C18D8C5AED330FC6473345DAEBECB2D4879F3B6244C6582CC63976A44609986240317AF1F85F2A950A5C2E090A919F1A629FA34B0E063132EA44C8AB3F4FDC69DFEF7D0F3C68FC615AC8E7F3AA37483D52A3044C31A018BD787C4E3C4062A7AE7A2DC2A93932EA6C5E7230B89151572A95EABB08F5F6F6B63BFBA7E110E3759B37D7F71E2232EA488D1230C5807AF4E2F133914B227B89364FE991B1E53554341B971C0C7A64D489577D3299AC8F80223B6EDB76EB13D3D3CD61F1F61D3B060606EA6F2C42276F380DA446099862C017E8C5E35B9CB4E405F3C8A833B9E4603822A34EBCEA47464662B1D88A56366EDCD8EE47E26919F1D35F1A901A25608A01BFA0178F3F0D0F0F8F8E8EAA5E8B50D10FDF9A4746E396CD971C0C53643488FC97CBE55AA6C3666206B852513352A3044C31E0231CD6F2A1743A5D2E9755AF457888C027428FFDC3EAF5C131AC91D120DE348A2220E2A348D50D4931914864329942A1C0F1C576488D1230C580BFD08BC76F6883E722A791D1B897088E876667C31D19D12552A3044C31E03BF4E2F10F916FE2F1B8EAB508898989890E22A34E84C544224164840952A3044C31E03BF4E2F10F3DE8A85E8B302897CBE259CDF95EF00EA95102A618F0237AF1F8443E9F1F1A1A52BD16812722632693E14C2F788AD42801530CF814BD78FC607070B05028A85E8B602332420E52A3044C31E05FF4E251AEAFAF8F1627DD28168BE9749AE7302420354AC01403BE462F1EB5E2F138877B3B2622632E9753BD16880A52A3044C31E077F4E25145BFDA9BEAB5082A22232423354AC0140301402F1E254AA552269351BD168194CFE7898C908CD42801530C0400BD7894E0286F6746464638F11CF2911A25608A8160A0178F7CD96C766C6C4CF55A04CC488DEAB54014911A25608A81C0A0178F64C9649298EE0891110A911A25608A8120A1178F34629263B198EAB508925C2E47648442A4460998622060E8C523C7D4D4542A9552BD1681C1095B508ED42801530C040F676948403AB78FC8083F20354AC0140381C47EDA6B434343F97C5EF55AF85DB55A15D99AA722FC80D42801530C0412BD78BC26A6B75C2EAB5E0B5F134FC24C26C369E6F00952A3044C311054F4E2F1544F4F4FA55251BD16FEA547468235FC83D42801530C0418BD783C22A6341E8FAB5E0BFF12F3436484DF901A25608A8160A3178F17262626C4ACAA5E0B9F1291514C0E91117E436A94802906028FB37D5D97CFE7B9265E4B7A649C9A9A52BD22402352A3044C311006F4E271D7E0E060A15050BD16BE4364849F911A25608A8190A0178F8BFAFAFA26272755AF85BFCCCDCD89692132C2B7488D1230C54048D08BC745F1789C738CEA89C8D8DFDFCF09FBF03352A3044C31101EF4E2718598C06432A97A2D7C448F8CE25FD52B029821354AC01403A1422F9EEE954AA54C26A37A2DFC42646822230281D42801530C840DBD78BAC4A94586A9A9A9BEBE3E22230281D42801530C8410BD78BA21A68EABE469B5C828DE7E70DC1A41416A94802906C28903661D4B26937C3694C888C021354AC01403A1452F9E0E54ABD5582CA67A2D142B97CB4446040EA95102A618082D7AF174606A6A2A954AA95E0B954464CC64324446040EA95102A61808337AF13815F18F84EA919153A91044A44609986220E4E8C5E3C8D0D0503E9F57BD166AE82D87888C082852A3044C31107EF4E2B12F9D4E97CB65D56BA140B158243222D0488D1230C5402444FC0FAFF6F5F4F4542A15D56B219B888CB95C4EF55A005D21354AC0140351412F1E4BF3F3F3F1785CF55AC846644438901A25608A8108A1178FB972B99C4EA755AF8554E2BD049111E1406A9480290622845E3CE6F2F9FCD0D090EAB59067646484C3CF080D52A3044C31102DF4E23131383858281454AF85242335AAD702700DA95102A618881C7AF1B423F2F4E4E4A4EAB59061787898C8889021354AC0140351442F9E9662B15814E62497CB8D8E8EAA5E0BC065A44609986220A2E8C5D360666626994CAA5E0BCF714614C28AD42801530C4417BD78EAE9574651BD16DE223222C4488D1230C540A411230CE1CED0D56A5564621E6B8418A95102A61888347AF11844A82A954AAAD7C2137A640CEBD6013A52A3044C311075F4E2D12593C9504E821E19A379716D440AA95102A61800BD7896A3552C1653BD16EE138F693A9D2632220A488D1230C5009645BC17CFD4D494C8CDAAD7C26522328AC7948F1F2022488D1230C5005E17E55E3CC56231649763D623A348C3AA57049084D42801530CE04DE13E8FD8C4D0D0503E9F57BD16AE21322282488D1230C5802DD56AB5542A8D8C8C643299FE37A4D369F19D62B158A95454AFA06BA2D98B274C1FFED33FA54A640CBDE814259B488D1230C58005BDF9F30A2B623F5D281442F0B9C068F6E2E9E9E909C75E564446111DC4BFAA57041E8A5A51B289D42801530CB42592535F5F9F6569AE97482442D0152F6ABD78C4F6C6E371D56BE1022263E845B628D9416A948029065A10EFCE73B95CF31BF75B6EF9F2F8F8EE3D7BEF35C6B66DB70E0C0C34DC3293C904BD8B4DA47AF194CBE5743AAD7A2DBA35353545640C318A922552A3044C31D0A852A934BC9BDFBAF54B876667CF2C2CB61B478F1DBF7DC78E9E9E9EFAF7F741FF6059747AF1E4F3F9A1A121D56BD1152263B85194EC20354AC014036F21F6BBA2B61A75369D4E9B97E686322DDEE51BF78DC5622278A9DEA0AE44A417CFE0E060A15050BD169DD32363E88F24451645C92652A3044C31F0A66AB55AFF86FEB6EDDB6D96E6FAB16BD74F446936DEDC07FD1C8B28F4E2110F7A7077A544C670A328D9476A94802906DE94CD668DEA3C3EBEBB83EAAC8FFD8F1C88C7E3FA72C41E5DF566752BF4BD78C40E35A07F882F97CB22521019438CA2641FA95102A618785DA954EAF20D7DFDB8F3AEBB8DA505BD7D74B87BF1CCCCCC249349D56BD109111933994C40F32EECA02839426A948029065E974AA58C8F0D75599DF5617C9CA8A7A727E8BBF610F7E2D15BDFA95E0BC7888C5140517284D42801530C2C1B1B1B333E2D7EF8B923AE14E813274F19273006FD145D2DBCBD7882F8C14DF1742532861E45C92952A3044C31B0ACBFBF5FAFA45BB77EC995EAAC8F3B76EED4171B8E26D2A1ECC523E257B07A20178BC56C361BB24701CD284A4E911A25608A81E53FBF1A1FF771EB3DBD31D6AF4FE84B0EC7E702C3D78B27994C06E82FEF2232E67239D56B01CF51943A406A9480290696F7C4C6A985EE5667316EB8E1467DE181FB33683B41FC936E3BD56A35168BA95E0BBB888CD14151EA00A95102A618586EF2ECD6598ACD63CFDE7BF585F7F5F5A9DE50D784A617CFD4D4542A9552BD16B68C8C8C1019A383A2D40152A3044C31A0A5D369BD86DE79D7DDAE17E843B3B3FAC2138984EA0D754D687AF104E5E8DD488DEAB5803C14A50E901A25608A8137DB5BEC7FE480EB055A0CE3F349AA37D44DE1E8C5333434E4FFC67544C608A2287520649BE34F4C31A019AD28EC5FDDD5D13096AF7A435D16825E3CE974BA5C2EAB5E0B3322D712192388A2D481906D8E3F31C5C0F259B47A017D627ADA8B026D5C0156F586BA2FE8BD78C4BED3CFD7E4CDE572FE3F140A2F50943A10B2CDF127A61878B32FDA9EBDF7BA5E9D8F1E3BAE2F3C7CDDD174C1EDC523F2A2488DAAD7A2ADD09C72840E50943A406A948029069677CF7A0DBD7DC70ED70BF413D3D3FAC28372AE6E0702DA8BA75C2EA7D369D56BD11A9131E2284A1D20354AC01403CBA147AFA15BB65CEF7A81BE6DFB767DE1013D20675310534E3E9FF7E145D5F4F3D3033799701745A903A446099862409B999931FE5E73E2E429770BF4A64D9BF485873B0704B117CFE0E060A15050BD166F21A63193C9F8FC041D484051EA00A95102A61858964824F4323A3EBEDBC5EA6CF44513027DAEB11D81EBC5934AA5A6A6A654AFC59B888CA84751728AD42801530C2C1B1E1ED6CB686F6FAF8BEFEC3F7DCD35FA62451A50BD893204AB174F2C16F3CFD9DF62D2FAFBFB898C3050949C22354AC01403CBC43EDB6860E6D625BCF63DF0A0F19EDE57C7B43C15945E3C333333C96452F55ABC4E8F8C62EA54AF087C84A2E414A95102A618785D3E9FD78B692C16EBBEDBC5A1D959A3E20F0E0EAADE38A902D18BA7542AF9E4588B1E19C3B70B47F7284A8E901A25608A8137F5F5F5E92555D4D66E2EC970E2E4A9DEDE5E63517EEE23ED11FFF7E2F1C965FAC47383C808135E14A50B2EB8E0AEBBEE52BD65EE23354AC014036F9A9B9B8BC7E3468DEEEC0AB0879F3B6254E7582C16ACD38A5DE4F35E3C994CA6542AA95D07F17C139980C808135E14A51FFDE847175E78E1DAB56B376DDAF4E52F7F796C6C4CF556BA83D42801530CBC850879C6E77E447975DA6277DF030F1A7F0312A27C39389FF7E24926936A4FF71669A0BFBF5FFCAB701D10085E14A5AF7CE52B2B57AE5C5147E4C8AD5BB7AADED6AE901A25608A8146A552C97873AF9FC078E75D77DB79377FDDE6CDF55538CA9151E7DB5E3C22D18ABDAFC2152032C2112F8AD2BA75EB56BCD5073EF0011FF6BDB78FD42801530CB4A09F605B5F4F4599DEB6EDD627A6A79BEBB278EB3F3030507F6351DF7D7B8C4D327FF6E2999A9A52782D35F1DB45982632C211D78BD27DF7DDB76AD52AE3067FF7777F279E967EFE54892552A3044C31D09A083A232323B1586C452B1B376E6CF7A36C361BC1D35F4CF8B0174FA15050750EA9888C62367886A003AE17A5ABAEBA4ABFC1473FFAD1356BD628FFA46F97488D1230C58019516A73B95CCB42DC8C967BEDF8AD17CFD0D09092CF0FE891D16F475E112C2E1625B1A8B56BD78A9BA5D3E9AF7FFDEBA9542AD09FAB21354AC01403D6AAD5AAC83DA2528BAADA5094138944269329140A1C3D32E7AB5E3C621F29FF2A2CFA315722235CE15651DAB56BD725975CA2370813CB146FA8C4AB23A0CF5252A3044C31D00951AC55AF42F0F8A7178FFC269A22A41219E14FE255595FD0C47335994C06F1E296A446099862C0B1871E7A4894271280533EE9C523F2A2488D327FA3D8016732195F7DB21330215E23E2A53A3C3C1CAC272DA95102A61870ECB2CB2E13E5E98B5FFCA2EA15091E3FF4E211194EEC1165FE3A222382687474B4BFBFDF879DB3DA21354AC01403CE7CEB5BDFD23F3C74C9259770558F0E28EFC593CFE7A535A52B168B444604D7E4E46480DAF1901A25608A010744D6317A5BAC5EBDFA8A2BAE50BD4681A4B617CFE0E060A15090F08BF48F8B11191168A2E889A771369BF5FF6772488D1230C58003994CA6FE5CC5CB2EBB2C28EFC2FD46612F9E542A25E12071C3190640A08917AC78E1F8BCB318A95102A618B04BBCD56E6E87F6EE77BF9B83499D51D58B27168B79FD90150A05222342666E6EAEAFAF6F646444F58AB4456A94802906ECFAC10F7EA027C50F7FF8C3466AFCB33FFB33E527050797D18B4724F27DFBF679F78BC6C6C6C483F58E77BCA3542A2593491797BC67CF9E86E3CD62B7AAEAC23380D7C4D35B64477FB6A725354AC0140376DD7FFFFD6F7BDBDB1289443C1E17E5A9A7E65DEF7A17A9B163462F9EDEDEDE55AB568D8E8E7AF48B7EF6B39FE9293F168BBDEF7DEF9B9B9B13BBBD279F7CB2FB258BA5D5B7611AA9E97EB1806F4D4E4E8AB75E3EBCFC20A95102A61870606A6A4A040EED8DF224BEE634EA2E89BC75C51557E8916EEDDAB51EFDED582CF6DC73CF6DF8748108FD5DFE3ABD73E7BA75EBF493B2898C8808F1B2CD64327E3BD98BD42801530C7482F2E416B1FBF9E4273FA9C7B80F7DE8436363631EFD22B170232F5E7EF9E57D7D7DDD277EE3B30AFFEFFFFDBF8F7DEC634446444AB15894736E994D9465099862A013942757DC74D34DF587002FBDF452EF4EACFEC637BE61FCA22F7CE10BDD9F88A31F68ACF7CE77BED33F7B504082999919F106CCBBCF96384259968029063A41797285C858E974FA1DEF78C785175E28E18FD4E79C738EF8159B376F4E2412DDFF96FA93A2F4BF775F7BEDB5994CC695B5058242BC94C47B30F142567E8A0C655902A618E804E5C9457373739FF8C427DEF39EF7E887EBBCFB23F5073EF001111CC5EEADFB0FF21B071A57AF5EFDE77FFEE79FFAD4A74412154BF67F2764C00BE57239954A897F15AE03655902A618E804E5C975627FB37EFDFA582CB671E3468F7EC5673EF399356BD6B87211EA8F7EF4A3975E7A694F4FCFC5175F2C7696F97C5E3F4D0A88AC4AA5225E5CC3C3C3AA4E91A12C4BC014039DA03C7941EC6CBEFAD5AF8A60E75133A32F7EF18B7FF2277F323333D3FDA2366CD870D14517DD78E38D8445A0DEE8E8685F5F9F2BAF32A728CB1230C54027284FDE999F9F177B1D2F969C4EA75DF90B9A48B7994C46ED1FE300DF9A9A9A4AA55272AEB6AA37F08FC562E237EA1F2F16FF5E70C1054A626B14B0E7033A416A342142957E99E9FEFEFE4422B122AAC4B68B1910F952EC3EF9BC23224514815C2E279EFC5E3FF38D06FEF5AEBCF24A1F36210F07F67C402756901ADB2897CB222D89C8B86BD7AE3D7BF71E9A9D3DB3B010CD21B65DCCC0F8F8F8962D5BC49CC839F402F8877E01CFC9C949EF7E8588A7E79F7F7E7D64BCFCF2CB7B7A7A789FE611F67C4027488DCD4499CEE572030303879F3B7C66E10CA37E1C3D765464473139CABB93003289277C5F5F9FA70DF0BFF295AF9C77DE79466A74A51B2BDA61CF077482D4D84044C6542A75C7CE1F9C5938CD6837EEBCEBCE8D1B3772020DA246A446911DBD7BE6AF5BB74E8F8C6E7563453BECF9804E901A1BE472B95A647C8D613EF6ECBD67D3A68FAB7EB800D9262727C51B4B8FBAB1DE77DF7DAB56AD1265D9956EAC30C19E0FE804A9B15EB95C1E18B87A61B1CAB0336EF9F2CDDBB77F4DF58306C8363F3F9FCD66C53B4C2F3E7478D55557E9A9D1F525A31E7B3EA013A44643B55A4D2412CF1D995B587C9561679C3CF5C7DEDECBE90C82682A168B7D7D7DAE9F2253A9544459E665E535F67C4027488D06B10FC8E5720B8BAF18E3CAF4DFD8EC4D537FAF488DEDDBFF850FEC23B244B6EBEFEF1F1D1D7577B19465099862C031FD64613A3BE83299CCF8EEFF7A33325E3DF0074D7BF6ACF6F482F69BD3DAA3A7B5FD2717F3BBEFFDC591971F3AA3FD6F557BA8AAED7B45BBE735EDDBFB1EBF61F046E5014EC978E4C0F267BC543F748032D56A55BC714AA7D36E7515A02CCB416A049C115569D3A64D77ECDC29DE2B53A1846432393D7D7061F1943EC4DBFD939A766A497B79517BE98CF68AA6FDC33FDEBAE29CB7F55D9D39B2A01D3EAD1D7E4D9BAB6A8716B59FFEFAD1DAE1C653111C274F1D8FC562AA1F3A40B172B92C0A48F79759A22C4B436A84FBC49BC852A934323292C964FADF20DE538AEF148BC540F7ABD36BD3FE470E9C595814FF52A184783C7EECF89185C593FA1041F095B3DAE9B3CB3F5A5C5AFEF7E777FFCFA5EFFFD0576FFBF7454D3BB1A8BDBCA0BDB4A08959BBE7E1C76AA9F16434077F4D03B45A51157B87A1A1A18EDBE5509665A26CC14D222C8AA468F969B6542A55281402D752ABBE36E9830AA5D53E4BB4B078C218E2BFA716B5E3AF6A67CEBE7E03313FDFFCEEF7BEF66FDF3DFCFCF21B868525ED4C2D4D3EF8C8A30DF78DD4203502867C3E2FF60B1D9CCB4259968CB205774C4C4CF4F5F5D93C074297482402D458ABB93651A174B5E4F77FC6584E8D67B5A3AF682F9CD41634EDCCE9D3C90D1B56AC3877C58AD8B57FBBA5FE8EFB0F1C6CB86FA406A911A82722A37E40C1FE5D28CBF251B6D02DFD2AF5CD47136FB9E5CBE3E3BBF7ECBDD718DBB6DD3A3030D0704B0997B7EF5EBBDA4485D25E4F8D2F1B43FF0BF5F157B5E74F682FBEA6ED9FFEDDBA75EBCE3D6FF59A8B2ECE7EF62DA9F1E1470E34DC375283D40834107B93C1C1419B3B05CAB212942D7445BFC6687D0ADCBAF54B8766675BBE8CF571F4D8F1DB77ECE8E9E9A93FE8383535A57A53DA32AF4D54A85AF29B3786F8EFAB4BDA4BD5E5638D475FD3F63E3CF3E1DE2B2E7EE7BB2E8ABFFD7B3FFAE96B9A76F2B4F6CAE9E53BEE9B7CB8E1BE911AA446A0A552A9944C262726264C6E43595685B285CECDCDCD89C06784BF743A6D9E171BB2E3B66DB71AF78DC562AE377D75859DDA14F10A251EBEC5C53F1A430F432238BEBCA0FDF18CF6FC8985071F9FEBFD8B8F5CF9C9BF7EF1B4F642557BB1AA1D3FAD89DCB8EFA1871BEE1BA9416A04DAA9542AA29CB6EB694A595688B2850E55ABD5FAA38CB76DDF6E332FD68F5DBB7E22F2A271C4D16FA757DBAF4D51AE500DC9AFFFCA4D8FFDF6E9FD8FCF4C4ECD3C7060E681834F3DF8D8EC2F1FFACDAF1F7FE6BE034FDD7FE0C9070E3E39F9E8538F3FFDFB1DFFB1F3BACDD7294F6FA446C09F464747C55EA6E11419CAB25A942D74289BCD1A91717C7C770791D17849C7E3717D39E2B5AD7AB3DEE4B43645B642D552E34BF5E3A69B6E343F114AF7996BAF6DB863A406A911B0343939298263B158D4FF4B59568EB2854E944AA52E8F32D68F3BEFBADB585A3E9F57BD71CB3AAB4DD1AC50B5D4789CE174901A013BF48BBEE8D77DA12C2B47D9422752A994F159C62E23A33E8CCF38F6F4F428EFE3D85C9B44AEDDB021D9EE539B478F1DEFEDEDBD63E7CE6856A8E5D478F618C3E9203502F651967D82B205C7C6C6C68C53580E3F77C495D478E2E429E3ACEAA1A121855BD7B236E91FBE5CBF3ED15CA1F4DAA4AF79342B542D351E65381DA446C026CAB27F50B6E09878D5E9AFC6AD5BBFE44A64D487786DEB8B8DC7E3AA36CDA436E91A2A547D6D8A6C85AAA5C617194E07A911B083B2EC2B942D38235E6CC64BD1AD038DC6102F7E7DC9E69DBABCDBB486DA547F04B4B94235D7A6E6E3AF51A850B5D4F802C3E92035029628CB7E43D98233C562517F1D8A579DBB91518C1B6E78FDDCDB766DBAC6C6C6E6E6E6BCD82E932B5319A778D757A803070FB6AC4DE24D70F312EC5428EF36CD6BB5D45861381DED5263709F0980BB949765342335C299C1C141FDA5D8FDA9D3CD63CFDE7BF585F7F5F5D5FF52F1DAFEEC673FABFFE8924B2E717D9F6A7965AAE60AB57AF56A3BB5C9B24279BD6912901A5D498D217826002E5258966182D40867D2E9B4FE6A6CF752EC661C9A9DD5179E48248CDF5828148C8FB0882F7A7A7ADC6D066EF3CA54CD15CA666D32A9505E6F9A1CB5D4F80786D3519F1AC3F14C00DCA2B02CC31CA911CE183D773A6B9A65398C17BCF85D333333EF7BDFFBEAAB405F5F5F7DA0EC9EA32B53B5AB5096B5A9B94249D83469C4CA9F3DFB3CC3E990F6240782455559861DA44638637C0CD9FE25A71D0D63F9C699DA9E12B569CFDE7B6DAEDB2F277E75EEB9E7362C61E5CA953B77FED0E612C4EFEAAF91B069329D3D7B84E174AC90F524078245495956BD6B0D0C52239C492693FACBF289E9692F52A3F1773AF1BBE6E6E63EF1894FBCE73DEF316AC1DAB56B53A9948B9B333535252AD4D163C72D57ACE5A979BA960DC35A2E41D426F11BE56C9A342B9653E3730CA743DA931C081655651976901AE18C7174C4FE7B41FB43BC80F585D7B76C2C97CBEBD7AF7FF7BBDFADFFE8FCF3CF77F7E231762A94496DB259A15AD626AF374D8E5A6A3CECE970F157B45C54F337E56C943187E17826006E515896618ED4086772B99CFE82BC7DC70ED753E313D3D3FAC21B8EB5883DE8C8C8C865975D26BE2FFE75FD456E5EA15AD6A6952B57DAAF5026B5C9EB4D93A016B07EEFEE30D913E89A6FD67CAFE61BB4FC8EF17D93FF7A3156BCF51CEA103C130017292CCB30416A8433A3A3A3FAAB71CB96EB5D4F8DB76DDFAE2F3C9BCD36FFEAB9B9B962B1582A95BCD8AE7615AA5DCFD86F7FE7BB2D1B86B5BCB695656DF274D3BCE645C0AA0F79767E6A64C496B1AFE5D2CC575B7E6AD405FA9900B84B6D59464BA44638333333A3BF14C58BF3C4C953EEA6465120F4858B1DA7FC4D6BAE50ED6A937E6A5EBB4EB30DD7B60A7D6DAA05AC673D1A2B9A34FCB4FE8BFA9FB6FBBADD779CDEC0954D53FDD0017E4759F61BCA161C4B2412FA4B717C7CB78B91D168D628A8EA83D05CA1B66CB9BE656DD24773851A181830C274446AD372C05A9AF362342FB9E13B6F49936FFCD4F86FF35D5A64D0BA6F9AFF6A2FB64EF54307040065D957285B706C7878587F298A377C2E1E6EFCF435D7E88BCD64320AB7CEA442B5BB329551A1A2599B6A01EB19D787BED8FA8537FF22E33BCD37AEBFCD1BA1B0F166260BF768A31A7E85EA870E0806CAB27F50B6E0D8FCFCBCD155D1ADEB0AEE7BE04163EFAEFC25DDB242995F994A54A8C8D6A65AC0FA9D77A32EF6B5F851FD174DC7117F57FF45F30DEA97D9FCB584ED52FDD001814159F609CA163A91CFE78DF779DDB7E039343B6BC4D0C1C141D51BB7ACB942995FA8E089E9E9C8D6A65ABA9A7577BC35D8B5FD66C3779AFF6DF9CD861FB5FBDA8BED6AD846D50F1D102494653FA06CA1437D7D7DFADE5A04BE6EAE13235ED5C6479B7D75F95DFB9D66EB47046B532D5D1DF262341F1A6CF85DC67FF52F9AFF6DFE66BBA5992CC1BBAD53FDD001014359568EB2850ECDCDCD191F1C1169AFB3CB521F7EEE88111963B1D8C4C484EACD7A0BA7152A9AB5A996AE9EF662342FB9E13BC67FF52F1AFE6B7CFD4640B4BE59F3373DDA347DE1AA1F3A207828CB6A51B6D03911F28C5DB2C87C4EFB7EEF7BE041E30FD3423E9F57BD412D38BAB655346B93A7A9B1D5D1418BD4D8321ADA498D26DF243502FE41595688B285AE944AA5FA1E07BDBDBDED3E9BDC7088F1BACD9BEBA3803F23A3CEE6B5AD225B9BC4C3B7B4F49417A379C9F5DF31BED69F42F55F58DEB7E1C6367FA3EB5BA7FAA103828AB2AC0A650BDD9A9999492693F5115064C76DDB6E7D627ABA392CDEBE63C7C0C040FD8D45E8F4DB1FA69B595EDB2ACAB5A996AB9E64381DA446A01B946525285B70C1FCFCFCC8C8482C166BF927C58D1B37B6FB51369BF5CFE92FE64CAE6D15F1DA544B8D330CA783D4087489B22C1F650BAE11F92F97CBB54C87CDC44B7A727252F52A3BD3F2DA56D4A65A6AFC2DC3E9203502DDA32C4B46D982CBAAD5EAD8D898888FA954AA21292612894C2653281482727CB1597D85A236E962B1D8ABAF1E5C5AFA0DC3D1203502AEA02CCB44D9029CD12BD4A1D9596A934EBC1978E6995F2C2D4D331C0D5223E016CAB234942DC03151954454A236E9D2E9F47F970B4BDA130CFBE3B7333F4F2693AA1F3A203C28CB72901A01746574747478F873CA7358B0C60F8BB7E57239D50F1D0038436A04D095B9B9B964F2BDAF56F72F698F336C8E4CE6AA52A9A4FAA1030067488D00BA35B26C70497B8C6167FCE7D8BF66B369D50F1A0038466A04D0AD6AB5DADFFF91C9C91F6BDAA30CF351A9EC4D26DF3B3FBF4FF58306008E911A01B86066662695DA303353D2B42946BB2122A388D713133F50FD70014027488D00DC3139392982E3E8E8DF6BDA4146F32895BE914C262626BEAFFA8102800E911A01B8A65AAD0E0FE7FAFBAF2816FFA952B947D30E30E6E77F3536F6F56C762093E9175FAB7E8800A073A446002E9B9898C8E53ED5D3F30E9B97970CB7787C6D367BB5088EAA1F1600E816A911000000D6488D000000B0466A04000080355223000000AC911A010000608DD4080000006BA446000000582335020000C01AA911000000D6488D000000B0466A04000080355223000000AC911A010000608DD4080000006BA446000000582335020000C01AA911000000D6488D000000B0466A04000080355223000000AC911A010000608DD4080000006BA446000000582335020000C01AA911000000D6488D000000B0466A04000080355223000000AC911A010000608DD4080000006BA446000000582335020000C01AA911000000D6488D000000B0F6FF01D8E44A3596E3D7E80000000049454E44AE426082, '0');
INSERT INTO `act_ge_bytearray` VALUES ('205', '1', 'leave.png', '201', 0x89504E470D0A1A0A0000000D494844520000043C00000191080200000006B23423000031AC49444154789CEDDD7F6C9CE77D18703A8E6D2688610DEB626548ED6BF78789668988A580F4D72CA758C4015B426041CCE50F8540904441BBD4188696D9E06858E309C39AA95D6AA85BA2121BBC7128E410A893698D9DB289ED6AB623CBB19530B615D3B19D32B195D0B3649F254A7AF78AE75CCFF7F339F2EE9EF7C7E78307C2E978F7F27D9FF7FB7EBFCF9747DE8D250000001936167B07000000BAD1B400000099A669010000324DD3020000649AA6050000C8344D0B000090699A16000020D3342D000040A6695A0000804CD3B400000099A669010000324DD3020000649AA6050000C8344D0B000090699A16000020D3342D000040A6695A0000804CD3B400000099A669010000324DD3020000649AA6050000C8344D0B000090699A16000020D3342D000040A6695A0000804CD3B400000099A669010000324DD3020000649AA6050000C8344D0B000090699A16000020D3342D000040A6695A0000804CD3B400000099A669010000324DD3020000649AA6050000C8344D0B000090699A16000020D3342D000040A6695A0000804CD3B400000099A669010000324DD3020000649AA6050000C8344D0B000090699A16000020D3342D000040A6695A0000804CD3B400000099A669010000324DD3020000649AA6050000C8344D0B000090699A16000020D3342D000040A6695A0000804CD3B400000099A669010000324DD3020000649AA6050000C8344D0B000090699A16000020D3342D000040A6695A0000804CD3B400000099A669010000324DD3020000649AA6050000C8344D0B000090699A16000020D3342D000040A6695A0000804CD3B400000099A669010000324DD3020000649AA6050000C8344D0B000090699A16000020D3342D3D54ABD5858585999999DDBB77572A95B1B24A8F3D9D81E9E9E9F9F9F9B5B5B5D8A7850C718DD4B846F245DCD6885B202F342DDD1C3D7A344DE86955BBEBAEBBEEBDEFBEA74F9D3ABFBE5ECE911E7B3A03478E1CD9BB776F3A2769798B7D72C804D7886B248FC4ADB8057247D3D2DEDADADAECECEC9E3D7B9E7BFEB9F3EBE78DC6F1E24B2FA6E52D9D9CD5D5D5D8278A685C23AE913C12B7E216C8294D4B1B69559B9C9CFCCAE12F9F5F3F67741AF77CED9E9D3B77AEACACC43E5D44E01A718DE491B815B7407E695ADA989D9DDDA86AAF1BDDC7BDF77DE3E69BFF61ECD34504AE11D7481E895B710BE497A6A5D9D1A347F7ECF9E0FA85AA11327EE777FFD51D77FC5EEC93C648B9465C2379246EC52D906B9A9637A956AB954AE5F91756D62FBC66848C33677FBE63C7FB969797639F3A46C435E21AC923712B6E81BCD3B4BCC9FCFCFCECECECFA8557EBE396A97F12F8C6918DCF2AD5B8E38E7F37373717FBD43122AE11D7481E895B710BE49DA6E54DA6A7A78FDCFDBFFEA6AA7D70CF5F27C9B31793A7D693EF9D4B1E3B973C72E6C2C1BBBFF9E72FBCFCD0F9E4FF569387AAC9FDAF26DF783DF9C3FB1FFFD4BE4F47AF3151C6778E1F9B9C9C8C7DEA86ABF68E433EC420718D14F11A2943788BDBE2C52D50369A96379998983879F2D1F50B676B636C6CEC4C929CBD94BC7C21F9D9F9E4D524F997FFFAF3636F79C7AE0F4EBFB09E3C772E79EEF564A59A3C7D21F9D3BF7A6CE30772674B38CE9C3D3D3E3E1EFBD40D51BA98BBF9E69BBF72F8F0EEDDBB8BBDB00BE11A29D8355292F016B7058B5BA08406D0B454ABD5C5C5C5FDFBF74F4F4FEFFE85A9A9A9F49E8585857C55C16DDBB6BD74FA85F50B676A23AD55AF5E4CCE5DBCFCA50B972EFFFB675FFF3F7FF7EFFDFD7FF385DFBF9024AF5C485E5E4F7EB69EA447F88D87BFBB51D8CE9473A4C71EF7C40D4F6D49F7C8778E9F5FBF90FE5BEC855D08D74891AE91F284B7B82D52DC02E5B4A57C94F62A6973323E3E9EB62B698B72E4C8DDF7DEF7CDDAB8E76B5FBFFDF6CFCFCCCCA4A562D7AE5D79F990DD8DE2F44A7DA4FF3D7B2139FD5A72FEE21B0F482BFA7FFAD21FFFDE7FFCD2733FBEFCD95BEB9792F31B05EFC1EF3CD6F4DC528DA216B6C6255D6D6464611771C25D2385B946B213DE23981C715B98B8054A6B93F9E8C48913696D4B7B95B439A917BC4EE3FE071EDCBBF7E39393934B4B4B03DDF9C1DB284EFFAF3E2E17B68BC98BAF263F3993AC27C9F973E7266EBA696CECCAB1B1F18FFCF3BD8D4F7CE4F8A34DCF2DD52864616B5DD20D6F61D7FDEF807B3E66807B12B2ABAE91025C23430DEF0CC6B3B82D46DC0265B6997C74E0C081B403B9F7BE6FF66C579A6A615A23F7EDDB57AD56077E1883B2519C5EAE8FB18D5F2138FD5AF2E357929FBE9E3C72F287D75F7FFD956FBDFA6DD7FDD2CCC7DE54D81EFECEF1A6E7966A14AFB0755AD20DA96FE932814D5F6AFC6F9469778D14E01A19767867309EC56D01E21628B9FEF251DA6FCCCCCCCCCDCDF5D5AE348E3FBAF3CEB41CAEAEAE0EE978B668A338ADD547FADFD72E253FAB5EFE69DC8BAF27F73DBCFCDE1DEFFFA5BFF3CEEBB6FDAD3FFE6F7FFA7A929C3997BC7AEEF213EF3FF670D3734B350A56D8BA2FE986D1B7D426B0ED8F9C3B7D69043F9CEEB4ABAE915C5F232308EF0CC6B3B8CD7BDC02F4918FD28E65D7AE5D0B0B0B9BEE58EABF2D966E676565656807B5796982BE70E1E7F551CBD7696D7B793DF9F9F9E4C7AFAC3FF8F8CA8E7FF0EBB7FCA37FFCD373C94FAAC94FABC9E973495ADAEE7FE8E1A6E7966A14A9B0852CE906DEB704FE64BAF561A39F79D748AEAF91D1847706E359DCE63A6E0192BE9A96999999AD772CF57298F62D19FC3DB1A6E2B4FB969BBFFBFDA71E797CF9D889E5078E2F3FF0E8930F7EF7D45F3CF4BDBF7AFC996F1D7FF2DBC77FF0C0A33F38F6D8938F3FF5A33BFFCBE18FDEFAD1E8054661DBA2F025DD60FB969E3F99AE3F2CE26B2CF57D708DE4F41A19597867309EC56D7EE316A026341F1D3870602BBF15D63A8E1CB97B7A7A7AA8C7B6091B85ED678DE3377FF3D31D7F83A1C13FFBC8479A9E58AA518CC2D6EF926E807D4BEB7AAEED9DA3FCC97427AE919C5E23A30CEF0CC6B3B8CD69DC02D405E5A313274E4C4E4E0EB063A98D4F7DEAD3870E1D1AF611F665A3B09D36FA1D05286C9B5BD20DAA6F095FE4B5DAF437DDF4AE468FB73C8EB8D7C888C33B83F12C6EF318B7008D82F251DAB16CAEDA751FCF3DFFC28D375632F54B62970BDBC5978C7E47DE0B5BEB92EE9EAF7DFDA69B269E3E75AA6DE8BEF8D2E91D3B767CE5F0E141F52DF5F55CEB02AEEDDC469C70D748EEAE91D1877706E359DCE62E6E019AF4CE478B8B8BD3D3D303EF586AE3B39FFDED83070F8EE038036D14B6178D7E47AE0B5BDB25DDF8F8787A506953DDBAB0AB2DE96A8BB041F52D5D26B0FEA5A6355FEB8DD1708DE4EB1A8912DE198C67719BAFB80568D53B1FA585AADF8F64E9EBC596EDDBB78FE038036D14B69F1AFD8EFC16B62E4BBA9AA6855DE3926E807DCB2616795DEE1C2AD7488EAE9158E19DC17816B7398A5B80B67AE4A3B43E6DDBB66D481D4B6DECDCB9F3D8B163A339DA9E360ADB4F8C7E474E0B5BEB92EE953367D32EBAE9775AEA0BBBD6255D2A5D02A6BDF716FB964EBF33D3F6976A9A76A0D3D387C43592976B24627867309EC56D5EE216A0931EF9687E7E7E767676A84DCB17EEB8636E6E6E34475BB3B0B0D0E95362360ADBAAD1EFC85A61EB728AEB3AFD69727A4FDAA8B72EEC8E3FFA68DB25DD3D5FFB7AEB1606F8B99351B846B27C8D08EF4EC46D96E316608B7AE4A37DFBF61D3A7468A84DCBBDF77D332D81A339DAD4934F3E59ABC7D75E7BED9123479ABEAAB015A0B0753FC535DDDF4CA9EDC2EEEAABAF0E59D2657F61D7936B24CBD788F0EE44DC66396E01B6AE473E9A9A9AEA54B706359E3E75EAC61B2BA339DA54B55A7DCB5BDE52AB6D575D75D57BDEF39EC69FCC6D14B6BF36FA1D992A6CDD4F7112F6F6AF6D1776814BBA2C2FEC42B846B27C8D08EF4EC46D96E31660EB7AE4A321BDD971E378E5CCD9B4408EE6686B9A7EABFB6D6F7BDB273EF189DA3B2FA7FFBD78F1C746BF236B85ADCB290EFFC08A2E0BBB9E4BBACC2EEC02B946B27C8D08EF4EC46D96E316608B7AE4A3B40634FE15E690469A16D3E2D7E5C77EA374F1E20B46BF632C4B67B0BB744917FE6E787FB1F497575E7965D316AEB8E28AC387FF24700BB5DF7ECCCBE4048A1E6F791C6323B946847717D163208F634CD30264468F7C343131F1C4C99323685A4673B435D75D775DBD8C4D6F488BEEF2F272F2C64FE39E37FA1D592B6C5D4EF1891327D285DD8B2F9DEE19966DDF4CA9A6ED075CB4DD42FA7DD3EF187B3EFAE61AC9F23522BC3B11B7598E5B802DEA918F86FA212DB531E2BF69595B5BAB95B4B41FFBE4273F99FEBBB0B050FFEA46617B6E13A3FB13EB5FEDF0F3BFA08D747A7AD34642F6AA717F02BF75CF1D1BD919ECA9FB294EC216765D9674810BBB0C2EE9020DE91A19D4D5B4F5C70C3CFE47798D08EF4EA2C76D781CB6DD99887B3882B805D8BA1EF9687676B6F1C3C58631EE7FE0C19D3B778EE66853CF3EFBECF8F8F8D4D454A552999B9B6BFA85EC8DB2F1A3BE464BF3F0A3A6FFD61FD6E9E99D6EB76EA7E746BAAC42DA6EA7E796C327616467B0A7EEA7B8A6FBC2AEED92EE8A2BAE085FD8657049176EE0D7C826C2A9E785D636B663C5FF28AF11E1DD49F4B8ED72EAEBF1D925F0BA0473AC3D1F60DC026C5D8F7C74F0E0C1CF7EF6B787DAB4A44DD1DEBD1F1FC9C1BE617171717E7EBEEDDBF90FA43CF4B5126A7A70D3535AFF1BB81A0BDCB141ADDEB256D8BA9CE2BA4E0BBB4E1FB1F787FFF94B6D3FE0A2756197CD255D5F867D8D045E147DC570C4F81FF13522BC3B891BB721C1DC98E75B4337A40A8C7EFF477E1A01DAEB918FD2EC5FA95486DAB4ECD9B3E7E8D1A3A339DA9E36CAC3B37D8DC6A7D46ED7EF69BDD1E9E9AD1B69FBAC7E77AFEDE31BFA9CFE76B5FB378A7DEA36A37561D76949577B33A54E1FCCD7B8B0CBF2926E203617215B8FDBA6E86D143DFEB3798D08EF462388DBAD44786340367D35EE9EE734B70385D43B1F0DF56FF15F3973362D93B5B7A4CC82CBE5E1D24ABFA3F6ACFA739BFEDB74BBED739B6EB75996056FA7EDAAAE71239D1EDC7DFB3D6720F6A9DBA4D685DDDEBD1F6FBBA4AB8DD6855DDA75A7619CF7255DB84D0749BF17D4E61E1325FE337B8D08EFBA11C46DF780EC149CF5FBBB3C38CA9E478C5B80B67AE7A3A1FE86D8EF7FF18BE9C647709C8136CAC333E1A3F3F2E899C64D75D96CD397EAFFEDF4F44EDF31E4895DBE4BE3163631725DD8BA2CECDA7E6045E3C2AE304BBA705B8993C058EA74C9F40CFE58F19FE56B4478D70CFBFCF60CE9B651DDF4A5883B99B5B80568D53B1F55ABD54AA5328C4F6B49CBE18D375656575747709C81366AC60FB738EA1B69BDD1E9C12D2BB01FB6FE1BFEDD3B2FECDEF498C03D0CFCA6B14FDD96B45DD875F988BDDAC2AE484BBA7003B9467A5E3E3DBF4B533CC78DFF8C5F23C23B197EDC86C46A97B06C2A044D0F8EB5E771E316A049503E5A5858F8E8ADB716FE6596E48DC276AAAFD152814ED537D27AA3EDD3DBDED3FA6FE0161AFFDBF6767D3F03F7307012629FBAAD6A5DD875FF58F1274E9E2CD2922EDC1643A567207509ECEE22C67FF6AF11E13D8253DCE9BCB79686B661D92562A3EC7916E216A051683EFAD0873F7CE4C8DD03EC58D2A2B863C78EB42E0EF5F0FAB5511E9EEE6B343EA576BB7E4FEB8DEE4F6F7D4AD3BFBD166D4F777F58A7EFD27D0F032721F6A91B80F00FE66B1CC558D285DB62A8F47B35F5FBC828F19F8B6BA4E4E13D8253DC3356BBE7EDC6078C3838B31CB70075A1F9686D6D6DE7CE9D83FA8BFCDA9BD83C7DEAD4508F6D1336CAC3537D8DC6A7D46E37149E368FE9F4F4FA733B6D3CF09E4EDFB7EDEDC61DEEB9ABDD2721F6A91B8C7E17768559D285DB5C84F47B29758AEDCE0D49CCF8CFCB3552E6F01EDE990D0FEC2E11DE29FF47DCEDECC42D404D1FF968797939ED5BBA7F4C726021FCD0873F7CCFD7BE3EBCA3DAB4CD352D4D8BA7904EA3ED97DAB61F7D752981DFB7B152367D9792372D493F0BBB222DE9C20D6915D53356C3AFA9D1C77F8EAE91D28677DCA6A567326F7D40A7A78C7EE7639F3A8037F4978FD202B663C78EFB1F7870D31DCB13274FA69D4F363B9664A3B05DBAF4645FA3F129B5DBAD1B69BBD97A9FD3F691AD9B0DDC42E0F76DFB5DBA6FADFB24C43E758314B2B02BD8922EDCE62224FC220AF96A60A08E2CFEF3758D9433BC877766C3E3B035DB377DA9AFFC3FB29D8F7DEA00DED0773E5A5B5B4B0BDEEDB77FBEDFDF8D7EE5CCD9DFFFE2176BBF63368C2319888DF2F003A3DF51BCC2D67D6157BC255D38D74801AE911286B7B82D40DC0225B7997C54AD56D3A6E5A69B26D226A4FE0E33DDC7570E1F4E1FFFD9CFFE765A0E077E0C03B451D8968D7E47210B5BA7855D219774E15C23C5B846CA16DEE2B618710B94D9E6F3D1EAEAEA6DB7DDB66DDBB60F7DF8C3694FD2FA069AE93D77DDF53F3E7AEBADE963F6EEFDF8CACACAE0767B58360ADBF78D7E47510B5BEBC2AEA84BBA70AE91C25C23A50A6F715B98B8054A6BABF9A85AAD2E2E2ECECECEEED8B163ECCDD27BD28E656161616D6D6D20FB3A02E3E3E3AFBDF6E8A54BDF33FA1A052E6C8D0BBB022FE9C2B9468A748D9427BCC56D91E2162827F9E84D2A95CA33CFFCF9A54B278DBE46B10B5B6D61F7F4A953055ED285738D14EC1A2949788BDB82C52D5042F2D19B4C4D4DFDEFA3872E254F18E1E3FBCB7F36313111FBD40D57BA984B173D055ED285738D14EF1AF9D0873E54F8F016B7C58B5BA06C342D6F72E0C081B9B94F442F15F91A7F32FF85D9D9D9D8A76EE8CA708C215C23C5BB46CAF0D374715BBCB805CAA6F8B5AA2F2B2B2B1313BFF25AF5914BC9E346E0989EFEC0E2E262EC5337746558D885708D14EF1A29436C8BDBE2C52D5036C5AF55FDDA7FD9BE4BC9778D90F13F17FEC3CCCC54EC93360A6558D805728D14EC1A29496C8BDB82C52D5036A5A8557DA956ABBB77FFFAB163FF3D491E33BA8FD5D5FB26267E656DEDFED8276D144AB2B00BE11A29D8355292D816B7058B5BA06C4A51ABFAB5BCBC3C3979D3F2F262929C303A8DB4AAA52B80A5A52FC73E5D235292855D20D74891AE91F2C4B6B82D52DC026553965AD5AF63C78EA5B5EDC0817F91248F1AAD6371F18B131395A5A5FF1AFB448D4E791676815C2385B9464A15DBE2B630710B944D896A55BFAAD5EADCDCECEEDDEF9F9FFFB7ABABDF4892E3C6DADA5F2E2CFCFB99993DD3D3BBD3DBB14FD148956A6117C835528C6BA46CB12D6E8B11B740D994AB566DC2D2D2D2ECEC3FDDBEFD6F8F3136B66DDBB533331F4C6B5BECD312C158C91676E15C238DF2788D8C9532B6C56DA33CC62D503665AC5539E5FDF2E31A2BE5C28E3210DB71C9ED0021D4AA7C78E8A187D285C5DADA5AEC1D292F0B3B8A4A6CC765FE0142C895F970C30D37A485EDB77EEBB762EF487959585054623B2EF30F1042AECC813FF8833FA8FDDAF1BBDEF5AE13274EC4DE9D92B2B0A0A8C4765CE61F20845C99756B6B6BE3E3E3B5A6E5EAABAF7EFFFBDF1F7B8F4ACAC282A212DB71997F80107265D64D4F4F37BEC7CB0D37DC303F3F1F7BA7CAC8C282A212DB71997F80107265A6ADADADB5BE37E5BBDFFDEE6AB51A7BD74AC7C282A212DB71997F80107265A67DF9CB5FAE352AEF7DEF7BEB4DCBAFFDDAAF2D2D2DC5DEB5D2B1B0A0A8C4765CE61F20845C9969DFFEF6B7DFF18E77542A956DDBB6A5856DFB8677BEF39D9A96D1B3B0A0A8C4765CE61F20845C9975274E9C585959497E51D8D2DBDE402C0A0B0B8A4A6CC765FE0142C895B9A1B0C565FE292AB11D97F907082157E686C21697F9A7A8C4765CE61F20845C991B0A5B5CE69FA212DB71997F801072656E286C71997F8A4A6CC765FE0142C895B9A1B0C565FE292AB11D97F907082157E686C21697F9A7A8C4765CE61F20845C991B0A5B5CE69FA212DB71997F801072656E286C71997F8A4A6CC765FE0142C895B9A1B0C565FE292AB11D97F907082157E686C21697F9A7A8C4765CE61F20845C991B0A5B5CE69FA212DB71997F801072656E286C71997F8A4A6CC765FE0142C895B9A1B0C565FE292AB11D97F907082157E686C21697F9A7A8C4765CE61F20845C991B0A5B5C51E6DF49670484595CE61F20845C991B0A5B5CDDE77FAC979087F57CCCD00F9252125A71997F801072656E286C71F53BFF6D1FDF65234D5F6AFCAF53CF5009B0B8CC3F4008B9323714B6B806D8B4B47D09A5D397BCD8C2B089ABB8CC3F4008B9323714B6B8FA9AFF4E0F0E7CA5A5F561CE3EC323BAE232FF0021E4CADC50D8E20A9FFFA6174F5A37D2E59596C62D788D85D1105D71997F801072656E286C7105CE7F5307D2F62F557ADEE99516464974C565FE0142C895B9A1B0C51532FF6D7B95D6DB214D8B575A1819D11597F907082157E686C21657F7F96FEA2BDAB62549437FD2FDD7C302BF290C84308BCBFC0384902B7343618B6B647F88DFE917CC04004322B4E232FF0021E4CADC50D8E28AD5B474B91306425CC565FE0142C895B9A1B0C535BCA625F03DC4FADD070824AEE232FF0021E4CADC50D8E232FF1495D88ECBFC0384902B7343618BCBFC5354623B2EF30F1042AECC0D852D2EF34F5189EDB8CC3F4008B9323714B6B8CC3F4525B6E332FF0021E4CADC50D8E232FF1495D88ECBFC0384902B7343618BCBFC5354623B2EF30F1042AECC0D852D2EF34F5189EDB8CC3F4008B9323714B6B8CC3F4525B6E332FF0021E4CADC50D8E232FF1495D88ECBFC0384902B7343618BCBFC5354623B2EF30F1042AECC0D856DF4161616D2691F1F1F9F9C9C4C6F6CDFBE3DFDF7ED6F7FFBF2F272EC5D8381915BE232FF0021E4CADC50D846EFAB5FFDEA588B5B6EB965717131F6AEC1C0C82D71997F801072656E286CA357AD56AFB9E69AC68EE57DEF7BDFF6EDDBD7D6D662EF1A0C8CDC1297F907082157E686C216C5E73EF7B9B7BEF5ADF5A6E5339FF9CCDCDC5CEC9D8241925BE232FF0021E4CADC50D862B9FEFAEB6B1DCBADB7DE5AA954AAD56AEC3D8241925BE232FF0021E4CADC50D862F9D6B7BE75D55557A5F33F3535E5AF59281EB9252EF30F1042AECC0D852DA20F7CE003B5A625F68EC0E0C92D71997F801072656E286C11ADAEAEA6F3EF9D8E2924B9252EF30F1042AECC0D852D2EF34F5189EDB8CC3F4008B93237CA59D8AAD5EAC2C2C2CCCCCCEEDDBB2B954AEBA7A694447AECE90C4C4F4FCFCFCF7BC365066BAC94B9253BCC3F4008B932374A58D88E1E3D9A2ED6D38EE5AEBBEEBAF7BEFB9E3E75EAFCFA7A39477AECE90C1C397264EFDEBDE99CA4AD4BEC9343719430B7648AF907082157E646A90ADBDADADAECECEC9E3D7B9E7BFEB9F3EBE78DC6F1E24B2FA6AD4B3A39ABABABB14F144550AADC9241E61F20845C991BE5296C69C7323939F995C35F3EBF7ECEE834EEF9DA3D3B77EE5C5959897DBAC8BDF2E4966C32FF0021E4CADC284F619B9D9DDDE8585E37BA8F7BEFFBC6CD37FFC3D8A78BDC2B4F6EC926F30F1042AECC8D9214B6A3478FEED9F3C1F50B552364FCCEEFFEAB3BEEF8BDD8278D7C2B496EC92CF30F1042AECC8D3214B66AB55AA9549E7F6165FDC26B46C83873F6E73B76BCCF07C8B01565C82D5966FE0142C895B95186C2363F3F3F3B3BBB7EE1D5FAB865EA9F04BE2970E3B34A35EEB8E3DFCDCDCDC53E75E45819724B96997F801072656E94A1B04D4F4F1FB9FB7FFD4DC7F2C13D7F9D24CF5E4C9E5A4FBE772E79EC5CF2C8990B07EFFEE69FBFF0F243E793FF5B4D1EAA26F7BF9A7CE3F5E40FEF7FFC53FB3E1DBD7F8832BE73FCD8E4E464EC53478E9521B76499F907082157E646190ADBC4C4C4C9938FAE5F385B1BE9219F4992B39792972F243F3B9FBC9A24FFF25F7F7EEC2DEFD8F5C1E917D693E7CE25CFBD9EAC5493A72F247FFA578F6DBCD872B684E3CCD9D3E3E3E3B14F1D395686DC9265E61F20845C991B65286CDBB66D7BE9F40BEB17CED4467AC8AF5E4CCE5DBCFCA50B972EFFFB675FFF3F7FF7EFFDFD7FF385DFBF9024AF5C485E5E4F7EB69EAC25C9371EFEEE46D372A69CA30CB1C1F0889FB8CC3F4008B93237CA50D8361A8F57EA23FDEFD90BC9E9D792F317DF78C0DADADA7FFAD21FFFDE7FFCD2733FBEFCB98AEB9792F31BCDCC83DF79ACE9B9A51A65880D8647FCC465FE0142C895B95186C2B6D178FCBFFAB8DCB45C4C5E7C35F9C999643D49CE9F3B3771D34D6363578E8D8D7FE49FEF6D7CE223C71F6D7A6EA946196283E1113F71997F801072656E94A1B06D341E2FD747EDD7C34EBF96FCF895E4A7AF278F9CFCE1F5D75F7FE55BAF7EDB75BF34F3B137352D0F7FE778D3734B35CA101B0C8FF889CBFC0384902B73A30C856DA3F158AB8FF4BFAF5D4A7E56BDFC4ACB8BAF27F73DBCFCDE1DEFFFA5BFF3CEEBB6FDAD3FFE6F7FFA7A929C3997BC7AEEF213EF3FF670D3734B35CA101B0CC9EAEAEAF6EDDB63EF45A9B97E0142C895B95186C2961EE3850B3FAF8FDA21A77DCBCBEBC9CFCF273F7E65FDC1C75776FC835FBFE51FFDE39F9E4B7E524D7E5A4D4E9F4BD2B6E5FE871E6E7A6EA94619628321595959A9542AB1F7A2D45CBF0021E4CADC2843616B6A3C76DF72F377BFFFD4238F2F1F3BB1FCC0F1E5071E7DF2C1EF9EFA8B87BEF7578F3FF3ADE34F7EFBF80F1E78F407C71E7BF2F1A77E74E77F39FCD15B3F1ABD79D0B4903B478F1E9D9A9A8ABD17A5E6FA05082157E646190ADB46D3F2B3C6F19BBFF9E9B100FFEC231F697A62A94619628321D9BF21F65E949AEB1720845C991B65286C1B4DCB69A3DF5186D86048A6A6A68E1E3D1A7B2F4ACDF50B1042AECC8D3214B6CB4DCBC5978C7E4719628361585D5DAD542AD56A35F68E949AEB1720845C991B65286C1B4DCB8B46BFA30CB1C1301C3C78F0B6DB6E8BBD1765E7FA05082157E646190ADB46D3F253A3DF5186D860E0AAD56AA552595D5D8DBD2365E7FA05082157E646190ADB46D3F213A3DF5186D860E0666767E7E7E763EF05A5C8ED005B2757E646190ADB46D3B26AF43B3AC5C6C2C2C2CACACA68CF21F970F0E0C17DFBF6C5DE0B2E2B436E07D83AB93237CA50D8342D03695AD6D6D63EF6B18FD5DE0CFA5DEF7A97BE8546D56A75767656C7921D65C8ED005B2757E646190ADB46D3F2D746BFA331360E1D3A343E3E5EEB58D21BDBB76FF7470BD4A4DDECC183072B958ADF0ACB9432E47680AD932B73A30C852D3DC68B177F6CF43B6AB1B1BCBCFCABBFFAAB8D9FB9B96BD7AE74851AFBAC12D9D2D2D2810307A6A7A7D360B8EDB6DB34B1595386DC0EB07572656E94A1B06D342D2F18FD8E74DE76EFDE3D06EDA4B1313737B7B8B8B8B6B616FB12A78DB112E47680AD932B73A30C856DEC72D3F2BCD1EFA8C5C6CACACA6FFCC66FFCF22FFF727DB57AEDB5D74E4E4EC63EAB445686D4916B4E104008B93237CA50D8369A96E7063B1AB7D9F6E7D05D1E1CB8D92E770EE388DA7EDFFA1C1E3D7AF4C61B6F7CF7BBDF5D3BBA6BAEB9C6E79DE745CFD74C421ED6F331F18E8FF69C14801072656E94A1B06D2CF17F34F051DF6CEBF66BF7B4EB647ED4F4DF4EDB0CDC60A7ED0CEA001BA731ED52F6EFDF7FC30D374C4E4EA6FF9E387122D609658BDA5EF55D5241D3971AFF5B860492534E0D4008B93237CA50D886B7ACEFD4BD34DD686C395A9B932E3FBDEEF91D877D5CAD93B9B2B2323F3FBFB8B838FAF3C8A074695ADABE84D2E94BAD8F243B9C11801072656E94A1B06D2CF19F1DDEA86DBFA1D378B6FE1D5B9A90679B1E1078BBF1CED66D0EEFB8629F3A06AFD369ED72BAC7BABEB4224EB2C97901082157E646190ADBE595FDA595C18E371A865FDCEE74A3FEC8A67B9A36D5FD76D3D35BB730A45186D8289BA6174F9ABE94747DA5A5710BAD8F216B9C17801072656E94A1B06D2CF19F19F8A86FB6ED32AEF1319DFEEDF2F4C68D343EABFBC3067E80B14F1D83D4D481349DDFB6CD4CDBA6A5ED66C91AE70520845C991B65286C1BCBFA1F0E7CD437DBBAFDDA3DAD0F687C64F73B431EDCF65B0FF600639F3A06A66DAFD27A3BA4696935D43D67739C17801072656E94A1B06DACEC4F0D7CD4375BBBD1F0BA47F33D9D5F2179D376426E77DAC8900E30F6A963009AFA8AB66D49D2D09FB436246D234178649C13041042AECC8D3214B68D95FDD3031FF5CDD66EB4FEDBE9F1ADF777EE6ADA7FAF9EDB1CD401C63E750C5EA7D3DAE574B736366DEF27539C14801072656E94A1B06DACEC9F1AF8F8455FF154FDDFA67BEA0F6B7C7CE3C39A1E1072BB5D6333F843AB7FAFD8A78EC11B60D3D2E54EA273460042C895B95186C236BCA6A5B5BBE8DE6F846FB37B83D4F3F19A163AE9AB69A9F7C64D0F68EA9CBB6C96589C11801072656E94A1B0A5C778E9D293431A4D1BAF2FE31A6F77D2736BADF7373EA0D346067868B14F1DB049AE5F801072656E94A1B06DACEC7F60F43BCA101B5054AE5F801072656E94A1B06D342DCB46BFA30CB10145E5FA05082157E646190ADB46D3F27DA3DF5186D880A272FD0284902B73A30C856D7C7CFCB5D71EBD74E97B465FA30CB10145E5FA05082157E646190A5BA55279E6993FBF74E9A4D1D728436C4051B97E0142C895B95186C2363535F5BF8F1EBA943C61848FEF2FFFD9C4C444EC53076C5219723BC0D6C995B95186C276E0C081B9B94F446F03F235FE64FE0BB3B3B3B14F1DB04965C8ED005B2757E646190ADBCACACAC4C4AFBC567DE452F2B81138A6A73FB0B8B818FBD4019B5486DC0EB07572656E94A4B0EDBF6CDFA5E4BB46C8F89F0BFF6166662AF6490336AF24B91D608BE4CADC284961AB56ABBB77FFFAB163FF3D491E33BA8FD5D5FB26267E656DEDFED8270DD8BC92E476802D922B73A33C856D79797972F2A6E5E5C5243961741A69C79276774B4B5F8E7DBA802D294F6E07D80AB932374A55D88E1D3B96F62D070EFC8B2479D4681D8B8B5F9C98A82C2DFDD7D8270AD8AA52E576804D932B73A36C85AD5AADCECDCDEEDEFDFEF9F97FBBBAFA8D24396EACADFDE5C2C2BF9F99D9333DBD3BBD1DFB14010350B6DC0EB03972656E94B3B02D2D2DCDCEFED3EDDBFFF6186363DBB65D3B33F3C1B46F897D5A8081192B656E07E8975C991B0A5B5C3E0B051806B91D20845C991B0A5B5CE61F1806B90520845C991B0A5B5CE61F1806B90520845C991B0A5B5CE61F1806B90520845C991B0A5B5CE61F1806B90520845C991B0A5B5CE61F1806B90520845C991B0A5B5CE61F1806B90520845C991B0A5B5CE61F1806B90520845C991B0A5B5CE61F1806B90520845C991B0A5B5CE61F1806B90520845C991B0A5B5CE61F1806B90520845C991B0A5B5CE61F1806B90520845C991B0A5B5CE61F1806B90520845C991B0A5B5CE61F1806B90520845C991B0A5B5CE61F1806B90520845C991B0A5B5CE61F1806B90520845C991B0A5B5CE61F1806B90520845C991B0A5B5CE61F1806B90520845C991B0A5B5CE61F1806B90520845C991B0A5B5CE61F1806B90520845C991B0A5B5CE61F1806B90520845C991B0A5B5CE61F1806B90520845C991B0A5B5CE61F1806B90520845C991B0A5B5CE61F1806B90520845C991B0A5B5CE61F1806B90520845C991B0A5B5CE61F1806B90520845C991B0A5B5CE61F1806B90520845C991BFD16B6B106219BDACA9D452DBA0B0B0BE9A18D8F8F4F4E4EA637B66FDF9EFEFBF6B7BF7D797939F6AE010551D4FC09305872656EF42C6C636F16F8989E8FEF72FF58077D1C55B67DF5AB5F6D3DBA5B6EB965717131F6AE010551A49C09303C72656EF455D8C21FDCF665937EBB91A216DD6AB57ACD35D734CEC0FBDEF7BEEDDBB7AFADADC5DE3520C7BC8A0BD0AF62AE350BA97B63D0A5D368EC371A37527FB5A4CB37EA74BBCBF7EDFFC832ED739FFBDC5BDFFAD6FAD17DE6339F999B9B8BBD5340BE791517A05F455B621658CF7E20B0D968EA55421A9BA6DBADCD49F17A9546D75F7F7DED906FBDF5D64AA552AD5663EF11906F5EC505E85791D79A0513D2B4F47C99A5F5FED6D75B7A6EA7F159DD1F560CDFFAD6B7AEBAEAAAF4B8A6A6A6FC1C141808AFE202F4A568EBCB020B695A7ADEEEF4D590E7B6BD5D92975C3EF0810FD49A96D83B021487577101C215738959485B7FA5A5F531C9209A9662BFCC52B3BABA9A1E9ABF910506C8ABB800E18AB9C42CA4BEFA81EE0FEEF94A4B48F3D3F61B15B569490A7D68402C5EC50508641D961B837AA5A5CBBFADDFC82B2D356B6B6BB3B3B3FE4616182CAFE202042AE612B390B6FE4A4BEBCB239D5E30E9F94D9B7EBB6C733B991769AF72F3CD377FE5F0E1DDBB77EB5B80C12A64DA041838B932377AFEC657774D8F4C3ABF8A12F24DDB763B857CA5A5D6B13CF29DE3E7D72FA4FFEA5B802DAA56AB8B8B8BFBF7EF9F9E9EDEFD0B535353E93DF3F3F3ABABABB17710208B8AB6C42CB0F1F171EF2D33628D1D4B6DE85B804D4B7B95B451E9F933A6C9C9C943870E49F8008D342DB951A95456565662EF4589B4762CFA16607396969676EDDAD5B35D6994E67C6F290650A769C98DC9C9C913274EC4DE8BB2E8D4B1E85B80BE54ABD5D9D9D9D6D7527EE7777EF7C891BBEFBDEF9BF571FBED9FDFB3674FD323A7A7A7A51A8044D39223E92A79696929F65E9442F78E45DF02045A5D5D6D7A81E5B39FFDEDA74F9DEA925B5E7CE9F41FDD79E7F6EDDB1B5F72F1132B004D4B6ECCCECECECFCFC7DE8BE20BE958F42D404F2B2B2B69BF51EF3DA6A6A6BAB72B4DADCBEDB77FBEFEDCF1F1F163C78EC53E208098342DB991762C69DF127B2F0A2EBC63D1B7005D54ABD5C6D758BE70C71D8159A571DC75D7FF48DB95FAEB2DDE580C28334D4B6E2C2F2F4F4C4CC4DE8B22EBB763D1B7009DCCCCCCD43B962347EEDE44C752CF30DBB66DAB6D274D35B10F0B201A4D4B9EF85BFCE1D95CC7A26F015A2D2E2E6EF13596C671CFD7BE5EDFDAC18307631F1C401C9A963C49CBD56DB7DD167B2F0AA8B56349570937DD34D1E917D05F7CE9F48E1D3BBE72F8B0BE056835393959FF3B962D762CB551FFFB96EDDBB7FBFC16A09C342D7992D62ABFD63C706D3B96DAEF91DF7863A5B56FA9752CB50584BE0568B2B0B050FFEBF9E79E7F61204DCB2B67CED6DF4FCC8FAE8072D2B4E4CCD2D2925F6B1EA02E1D4B4D53DFD2D8B1E85B80566912A8BFBBF1403A96DA48534D6DB3DBB66D8B7D880011685AF267FFFEFD7ED23610AD1D4BE38F335BFB96D68EA5F587A9FA1628B3F4DAAF278741BDCC521F692EAA6DD967760125A469C9A5B9B9B9A9A9292BE3ADE8F497F78DEFD5D3D8B71C7FF4D1B61DCB3D5FFB7AEB16F42D50600B0B0B2B2B2B6DBF343F3F5F4B0E6912186CC7928E4F7DEAD3B58DA72560B4470C109FA625AF8E1E3D5AA954F6EFDFEF4F5C36A1FB7B85B5ED5BAEBEFAEA908E45DF02C5F6E4934FD632C0B5D75E7BE4C891A6AFEEDBB7AFF6D5ADBF6958EBB8F7BE6FD636BE6BD7AE28C70E1091A625C7D23571DAB4A4ADCBD4D4547AC32F0C040A7977E3B67D4B60C7A26F8102AB56AB6F79CB5B6A79E0AAABAE7ACF7BDED3F8AA4B9A8D6B5FEA9E1F36379E3E75AAB6F134EDC79B008038342DB99756D0A3478FA64D4BFDAF3FE922FCF358BAF42D3D3B167D0B1458D35FBEBDED6D6FFBC4273E517B27E2FA9B1D6FEE439F7A8EFA378D3D0700A326F1512E69C772EF7DDF0C5C1FFCC5D25F5E79E5954D1DCB15575C71F8F09F84FF3AC7EE0D836CBC80ACAAF7339D3EE5698BA3BEFDD8A91460D4243ECAE5C4891369DFF2E24BA77B2E0EDABE57584DDBCF6F69BB85B45D49BF63EC8326A39A969EDD57A281EBD42E0FAB7DA92998C3F69437B9EEBAEBEA1338BD21BDD2979797D32F4D4C4CD4EE7FE2E4C961342DF537648F3D0700A326F1513A217D4B978E25B06FD1B1D053F7A6A5E70FF55B9FD27D3BAD5FB5F6DD84FA9B1AA7FDC9273FF9C9F4DF858585FA57EB2FAB86BFA21B3ED2AC52DBB88F6A014A48C5A28CBAF72D6D3B962BAEB822BC6FD1B1D0536317D1B621E9F4F8B6F777696C5ABF5DCF6DD2C5B3CF3E3B3E3E3E353555A954E6E6E69AFE686D7676B636F37F74E79D036F5A9E3879B2B6F1C9C9C958870F108B8A454975EA5B3A7D82E41FFEE72FB5FDFC96D6BE45C7424F812D44A756A47B03D3F33BF6DC0EDD2D2E2ECECFCFB7FDA89603070ED42676EFDE8F0FBC69F9C21D77D4363E333333F28306884CC5A2BC5AFB964E1D4BEDBDC23A7DEE6463DFA2632144DB9EA16DD3D2F376A73BDB76295BDC6D7A5A5E5EAE4D759A2B5E397376B04D4B9AAF6A1B4F5BA6D8070A306A6A18A5D6DAB7ECDDFBF1B61D4B6DB4F62D7BF6ECA92F4D742CF4A5E7AB1F3D6F77DA42974D757A008352A9546A737BE4C8DD03EC58EA1FD232B6F1D6EDB18F1260D4542CCAAE4BDFD2F6F3581AFB161D0B9B16D230746A453A35339DBE455FCF628BE6E6E66AB3BD63C78E01BED8F2A10F7FB8B6D9E9E9E9D887081081BA05EDFB962E9F2059EB5B742C6C5A53FBD1F3D58F901746EA9B4ADAFDAA58D3FD9A96E1595B5BAB7F9ACA17EEB863201DCBFD0F3C588F0179062827750B2E6BED5BBA7FA0F513274FEA581894EEAF8174E946421ED6DAAE746F90D8BA83070FD65FADDDFA7B1F3F7DEA54BD0BDAB76F5FEC83038843C58237847FEE64E3D0B1B069AD2F8024ED5E24E974A3EDFDDD5B974EFF65E076EDDA553BBF69BF11F259B49DC62B67CED6DF1D24DDD4EAEA6AEC23038843DD82BFD16FDFA26361735AFFC2A4F5D58FD6C7B43EBD534BA369896E6565A5FEC76F69B3D1FD95DB4EE3B9E75FA8772CE3E3E34B4B4BB10F0B201A750BDE24BC6FD1B13028DD7F3DACFBFD9D9EDEB6E7196B678B3B4F27698F519FE4B4E5E8F7E326EF7FE0C1FA6F85A50E1E3C18FB80006252AEA05948DFA263017A5A5C5C6C7C93F41D3B76747A7B8FA617583E7AEBAD8D8DA58E0540D3026D74EF5B742C40A0E5E5E5898989C60E246D5D6EBFFDF34F9C3CD9DAABFCD19D77EED9B3A7F1C169CFE3B7C200124D0B74D2A96FD1B1007D595B5BDBBF7FFFF8F878DB5FCFDBB97367A72FCDCCCCF8CB7B801A4D0B74D4DAB7E85880CD49DB8FD9D9D9B6CD49AB34CF1C3B762CF62E036488A605BA69EC5B742CC01655ABD5858585B47B999C9C6C6A542A95CAF4F4F4A14387BCBA02D04AD3023DD4FA96A74F9DD2B1000044A16981DED25EA552A9E8580000A2D0B400000099A669010000324DD3020000649AA6050000C8344D0B000090699A16000020D3342D000040A6695A0000804CD3B400000099A669010000324DD3020000649AA6050000C8344D0B000090699A16000020D3342D000040A6695A0000804CD3B400000099A669010000324DD3020000649AA6050000C8344D0B000090699A16000020D3342D000040A6695A0000804CD3B400000099A669010000324DD3020000649AA6050000C8344D0B000090699A16000020D3342D000040A6695A0000804CD3B400000099A669010000324DD3020000649AA6050000C8344D0B000090699A16000020D3342D000040A6695A0000804CD3B400000099A669010000324DD3020000649AA6050000C8344D0B000090699A16000020D3342D000040A6695A0000804CD3B400000099A669010000324DD3020000649AA6050000C8344D0B000090699A16000020D3342D000040A6695A0000804CD3B400000099A669010000324DD3020000649AA6050000C8344D0B000090699A16000020D3342D000040A6695A0000804CD3B400000099A669010000324DD3020000649AA6050000C8344D0B000090699A16000020D3342D000040A6695A0000804CD3B400000099A669010000324DD3020000649AA6050000C8344D0B000090699A16000020D3342D000040A6695A0000804CD3B400000099F6FF016D2647BCCE5D0C400000000049454E44AE426082, '0');

-- ----------------------------
-- Table structure for `act_ge_property`
-- ----------------------------
DROP TABLE IF EXISTS `act_ge_property`;
CREATE TABLE `act_ge_property` (
  `NAME_` varchar(64) COLLATE utf8_bin NOT NULL DEFAULT '',
  `VALUE_` varchar(300) COLLATE utf8_bin DEFAULT NULL,
  `REV_` int(11) DEFAULT NULL,
  PRIMARY KEY (`NAME_`)
) ENGINE=InnoDB DEFAULT CHARSET=utf8 COLLATE=utf8_bin;

-- ----------------------------
-- Records of act_ge_property
-- ----------------------------
INSERT INTO `act_ge_property` VALUES ('next.dbid', '301', '4');
INSERT INTO `act_ge_property` VALUES ('schema.history', 'create(5.12)', '1');
INSERT INTO `act_ge_property` VALUES ('schema.version', '5.12', '1');

-- ----------------------------
-- Table structure for `act_hi_actinst`
-- ----------------------------
DROP TABLE IF EXISTS `act_hi_actinst`;
CREATE TABLE `act_hi_actinst` (
  `ID_` varchar(64) COLLATE utf8_bin NOT NULL,
  `PROC_DEF_ID_` varchar(64) COLLATE utf8_bin NOT NULL,
  `PROC_INST_ID_` varchar(64) COLLATE utf8_bin NOT NULL,
  `EXECUTION_ID_` varchar(64) COLLATE utf8_bin NOT NULL,
  `ACT_ID_` varchar(255) COLLATE utf8_bin NOT NULL,
  `TASK_ID_` varchar(64) COLLATE utf8_bin DEFAULT NULL,
  `CALL_PROC_INST_ID_` varchar(64) COLLATE utf8_bin DEFAULT NULL,
  `ACT_NAME_` varchar(255) COLLATE utf8_bin DEFAULT NULL,
  `ACT_TYPE_` varchar(255) COLLATE utf8_bin NOT NULL,
  `ASSIGNEE_` varchar(64) COLLATE utf8_bin DEFAULT NULL,
  `START_TIME_` datetime NOT NULL,
  `END_TIME_` datetime DEFAULT NULL,
  `DURATION_` bigint(20) DEFAULT NULL,
  PRIMARY KEY (`ID_`),
  KEY `ACT_IDX_HI_ACT_INST_START` (`START_TIME_`),
  KEY `ACT_IDX_HI_ACT_INST_END` (`END_TIME_`),
  KEY `ACT_IDX_HI_ACT_INST_PROCINST` (`PROC_INST_ID_`,`ACT_ID_`),
  KEY `ACT_IDX_HI_ACT_INST_EXEC` (`EXECUTION_ID_`,`ACT_ID_`)
) ENGINE=InnoDB DEFAULT CHARSET=utf8 COLLATE=utf8_bin;

-- ----------------------------
-- Records of act_hi_actinst
-- ----------------------------

-- ----------------------------
-- Table structure for `act_hi_attachment`
-- ----------------------------
DROP TABLE IF EXISTS `act_hi_attachment`;
CREATE TABLE `act_hi_attachment` (
  `ID_` varchar(64) COLLATE utf8_bin NOT NULL,
  `REV_` int(11) DEFAULT NULL,
  `USER_ID_` varchar(255) COLLATE utf8_bin DEFAULT NULL,
  `NAME_` varchar(255) COLLATE utf8_bin DEFAULT NULL,
  `DESCRIPTION_` varchar(4000) COLLATE utf8_bin DEFAULT NULL,
  `TYPE_` varchar(255) COLLATE utf8_bin DEFAULT NULL,
  `TASK_ID_` varchar(64) COLLATE utf8_bin DEFAULT NULL,
  `PROC_INST_ID_` varchar(64) COLLATE utf8_bin DEFAULT NULL,
  `URL_` varchar(4000) COLLATE utf8_bin DEFAULT NULL,
  `CONTENT_ID_` varchar(64) COLLATE utf8_bin DEFAULT NULL,
  PRIMARY KEY (`ID_`)
) ENGINE=InnoDB DEFAULT CHARSET=utf8 COLLATE=utf8_bin;

-- ----------------------------
-- Records of act_hi_attachment
-- ----------------------------

-- ----------------------------
-- Table structure for `act_hi_comment`
-- ----------------------------
DROP TABLE IF EXISTS `act_hi_comment`;
CREATE TABLE `act_hi_comment` (
  `ID_` varchar(64) COLLATE utf8_bin NOT NULL,
  `TYPE_` varchar(255) COLLATE utf8_bin DEFAULT NULL,
  `TIME_` datetime NOT NULL,
  `USER_ID_` varchar(255) COLLATE utf8_bin DEFAULT NULL,
  `TASK_ID_` varchar(64) COLLATE utf8_bin DEFAULT NULL,
  `PROC_INST_ID_` varchar(64) COLLATE utf8_bin DEFAULT NULL,
  `ACTION_` varchar(255) COLLATE utf8_bin DEFAULT NULL,
  `MESSAGE_` varchar(4000) COLLATE utf8_bin DEFAULT NULL,
  `FULL_MSG_` longblob,
  PRIMARY KEY (`ID_`)
) ENGINE=InnoDB DEFAULT CHARSET=utf8 COLLATE=utf8_bin;

-- ----------------------------
-- Records of act_hi_comment
-- ----------------------------

-- ----------------------------
-- Table structure for `act_hi_detail`
-- ----------------------------
DROP TABLE IF EXISTS `act_hi_detail`;
CREATE TABLE `act_hi_detail` (
  `ID_` varchar(64) COLLATE utf8_bin NOT NULL,
  `TYPE_` varchar(255) COLLATE utf8_bin NOT NULL,
  `PROC_INST_ID_` varchar(64) COLLATE utf8_bin DEFAULT NULL,
  `EXECUTION_ID_` varchar(64) COLLATE utf8_bin DEFAULT NULL,
  `TASK_ID_` varchar(64) COLLATE utf8_bin DEFAULT NULL,
  `ACT_INST_ID_` varchar(64) COLLATE utf8_bin DEFAULT NULL,
  `NAME_` varchar(255) COLLATE utf8_bin NOT NULL,
  `VAR_TYPE_` varchar(255) COLLATE utf8_bin DEFAULT NULL,
  `REV_` int(11) DEFAULT NULL,
  `TIME_` datetime NOT NULL,
  `BYTEARRAY_ID_` varchar(64) COLLATE utf8_bin DEFAULT NULL,
  `DOUBLE_` double DEFAULT NULL,
  `LONG_` bigint(20) DEFAULT NULL,
  `TEXT_` varchar(4000) COLLATE utf8_bin DEFAULT NULL,
  `TEXT2_` varchar(4000) COLLATE utf8_bin DEFAULT NULL,
  PRIMARY KEY (`ID_`),
  KEY `ACT_IDX_HI_DETAIL_PROC_INST` (`PROC_INST_ID_`),
  KEY `ACT_IDX_HI_DETAIL_ACT_INST` (`ACT_INST_ID_`),
  KEY `ACT_IDX_HI_DETAIL_TIME` (`TIME_`),
  KEY `ACT_IDX_HI_DETAIL_NAME` (`NAME_`),
  KEY `ACT_IDX_HI_DETAIL_TASK_ID` (`TASK_ID_`)
) ENGINE=InnoDB DEFAULT CHARSET=utf8 COLLATE=utf8_bin;

-- ----------------------------
-- Records of act_hi_detail
-- ----------------------------

-- ----------------------------
-- Table structure for `act_hi_procinst`
-- ----------------------------
DROP TABLE IF EXISTS `act_hi_procinst`;
CREATE TABLE `act_hi_procinst` (
  `ID_` varchar(64) COLLATE utf8_bin NOT NULL,
  `PROC_INST_ID_` varchar(64) COLLATE utf8_bin NOT NULL,
  `BUSINESS_KEY_` varchar(255) COLLATE utf8_bin DEFAULT NULL,
  `PROC_DEF_ID_` varchar(64) COLLATE utf8_bin NOT NULL,
  `START_TIME_` datetime NOT NULL,
  `END_TIME_` datetime DEFAULT NULL,
  `DURATION_` bigint(20) DEFAULT NULL,
  `START_USER_ID_` varchar(255) COLLATE utf8_bin DEFAULT NULL,
  `START_ACT_ID_` varchar(255) COLLATE utf8_bin DEFAULT NULL,
  `END_ACT_ID_` varchar(255) COLLATE utf8_bin DEFAULT NULL,
  `SUPER_PROCESS_INSTANCE_ID_` varchar(64) COLLATE utf8_bin DEFAULT NULL,
  `DELETE_REASON_` varchar(4000) COLLATE utf8_bin DEFAULT NULL,
  PRIMARY KEY (`ID_`),
  UNIQUE KEY `PROC_INST_ID_` (`PROC_INST_ID_`),
  UNIQUE KEY `ACT_UNIQ_HI_BUS_KEY` (`PROC_DEF_ID_`,`BUSINESS_KEY_`),
  KEY `ACT_IDX_HI_PRO_INST_END` (`END_TIME_`),
  KEY `ACT_IDX_HI_PRO_I_BUSKEY` (`BUSINESS_KEY_`)
) ENGINE=InnoDB DEFAULT CHARSET=utf8 COLLATE=utf8_bin;

-- ----------------------------
-- Records of act_hi_procinst
-- ----------------------------

-- ----------------------------
-- Table structure for `act_hi_taskinst`
-- ----------------------------
DROP TABLE IF EXISTS `act_hi_taskinst`;
CREATE TABLE `act_hi_taskinst` (
  `ID_` varchar(64) COLLATE utf8_bin NOT NULL,
  `PROC_DEF_ID_` varchar(64) COLLATE utf8_bin DEFAULT NULL,
  `TASK_DEF_KEY_` varchar(255) COLLATE utf8_bin DEFAULT NULL,
  `PROC_INST_ID_` varchar(64) COLLATE utf8_bin DEFAULT NULL,
  `EXECUTION_ID_` varchar(64) COLLATE utf8_bin DEFAULT NULL,
  `NAME_` varchar(255) COLLATE utf8_bin DEFAULT NULL,
  `PARENT_TASK_ID_` varchar(64) COLLATE utf8_bin DEFAULT NULL,
  `DESCRIPTION_` varchar(4000) COLLATE utf8_bin DEFAULT NULL,
  `OWNER_` varchar(255) COLLATE utf8_bin DEFAULT NULL,
  `ASSIGNEE_` varchar(255) COLLATE utf8_bin DEFAULT NULL,
  `START_TIME_` datetime NOT NULL,
  `CLAIM_TIME_` datetime DEFAULT NULL,
  `END_TIME_` datetime DEFAULT NULL,
  `DURATION_` bigint(20) DEFAULT NULL,
  `DELETE_REASON_` varchar(4000) COLLATE utf8_bin DEFAULT NULL,
  `PRIORITY_` int(11) DEFAULT NULL,
  `DUE_DATE_` datetime DEFAULT NULL,
  `FORM_KEY_` varchar(255) COLLATE utf8_bin DEFAULT NULL,
  PRIMARY KEY (`ID_`)
) ENGINE=InnoDB DEFAULT CHARSET=utf8 COLLATE=utf8_bin;

-- ----------------------------
-- Records of act_hi_taskinst
-- ----------------------------

-- ----------------------------
-- Table structure for `act_hi_varinst`
-- ----------------------------
DROP TABLE IF EXISTS `act_hi_varinst`;
CREATE TABLE `act_hi_varinst` (
  `ID_` varchar(64) COLLATE utf8_bin NOT NULL,
  `PROC_INST_ID_` varchar(64) COLLATE utf8_bin DEFAULT NULL,
  `EXECUTION_ID_` varchar(64) COLLATE utf8_bin DEFAULT NULL,
  `TASK_ID_` varchar(64) COLLATE utf8_bin DEFAULT NULL,
  `NAME_` varchar(255) COLLATE utf8_bin NOT NULL,
  `VAR_TYPE_` varchar(100) COLLATE utf8_bin DEFAULT NULL,
  `REV_` int(11) DEFAULT NULL,
  `BYTEARRAY_ID_` varchar(64) COLLATE utf8_bin DEFAULT NULL,
  `DOUBLE_` double DEFAULT NULL,
  `LONG_` bigint(20) DEFAULT NULL,
  `TEXT_` varchar(4000) COLLATE utf8_bin DEFAULT NULL,
  `TEXT2_` varchar(4000) COLLATE utf8_bin DEFAULT NULL,
  PRIMARY KEY (`ID_`),
  KEY `ACT_IDX_HI_PROCVAR_PROC_INST` (`PROC_INST_ID_`),
  KEY `ACT_IDX_HI_PROCVAR_NAME_TYPE` (`NAME_`,`VAR_TYPE_`)
) ENGINE=InnoDB DEFAULT CHARSET=utf8 COLLATE=utf8_bin;

-- ----------------------------
-- Records of act_hi_varinst
-- ----------------------------

-- ----------------------------
-- Table structure for `act_id_group`
-- ----------------------------
DROP TABLE IF EXISTS `act_id_group`;
CREATE TABLE `act_id_group` (
  `ID_` varchar(64) COLLATE utf8_bin NOT NULL DEFAULT '',
  `REV_` int(11) DEFAULT NULL,
  `NAME_` varchar(255) COLLATE utf8_bin DEFAULT NULL,
  `TYPE_` varchar(255) COLLATE utf8_bin DEFAULT NULL,
  PRIMARY KEY (`ID_`)
) ENGINE=InnoDB DEFAULT CHARSET=utf8 COLLATE=utf8_bin;

-- ----------------------------
-- Records of act_id_group
-- ----------------------------
INSERT INTO `act_id_group` VALUES ('c', '1', '', 'assignment');
INSERT INTO `act_id_group` VALUES ('d', '1', '', 'assignment');
INSERT INTO `act_id_group` VALUES ('deptLeader', '1', '', 'assignment');
INSERT INTO `act_id_group` VALUES ('e', '1', '', 'assignment');
INSERT INTO `act_id_group` VALUES ('f', '1', '', 'assignment');
INSERT INTO `act_id_group` VALUES ('g', '1', '', 'assignment');
INSERT INTO `act_id_group` VALUES ('hr', '1', '', 'assignment');

-- ----------------------------
-- Table structure for `act_id_info`
-- ----------------------------
DROP TABLE IF EXISTS `act_id_info`;
CREATE TABLE `act_id_info` (
  `ID_` varchar(64) COLLATE utf8_bin NOT NULL DEFAULT '',
  `REV_` int(11) DEFAULT NULL,
  `USER_ID_` varchar(64) COLLATE utf8_bin DEFAULT NULL,
  `TYPE_` varchar(64) COLLATE utf8_bin DEFAULT NULL,
  `KEY_` varchar(255) COLLATE utf8_bin DEFAULT NULL,
  `VALUE_` varchar(255) COLLATE utf8_bin DEFAULT NULL,
  `PASSWORD_` longblob,
  `PARENT_ID_` varchar(255) COLLATE utf8_bin DEFAULT NULL,
  PRIMARY KEY (`ID_`)
) ENGINE=InnoDB DEFAULT CHARSET=utf8 COLLATE=utf8_bin;

-- ----------------------------
-- Records of act_id_info
-- ----------------------------

-- ----------------------------
-- Table structure for `act_id_membership`
-- ----------------------------
DROP TABLE IF EXISTS `act_id_membership`;
CREATE TABLE `act_id_membership` (
  `USER_ID_` varchar(64) COLLATE utf8_bin NOT NULL DEFAULT '',
  `GROUP_ID_` varchar(64) COLLATE utf8_bin NOT NULL DEFAULT '',
  PRIMARY KEY (`USER_ID_`,`GROUP_ID_`),
  KEY `ACT_FK_MEMB_GROUP` (`GROUP_ID_`),
  CONSTRAINT `ACT_FK_MEMB_GROUP` FOREIGN KEY (`GROUP_ID_`) REFERENCES `act_id_group` (`ID_`),
  CONSTRAINT `ACT_FK_MEMB_USER` FOREIGN KEY (`USER_ID_`) REFERENCES `act_id_user` (`ID_`)
) ENGINE=InnoDB DEFAULT CHARSET=utf8 COLLATE=utf8_bin;

-- ----------------------------
-- Records of act_id_membership
-- ----------------------------
INSERT INTO `act_id_membership` VALUES ('11', 'c');
INSERT INTO `act_id_membership` VALUES ('4', 'c');
INSERT INTO `act_id_membership` VALUES ('12', 'd');
INSERT INTO `act_id_membership` VALUES ('5', 'd');
INSERT INTO `act_id_membership` VALUES ('1', 'deptLeader');
INSERT INTO `act_id_membership` VALUES ('2', 'deptLeader');
INSERT INTO `act_id_membership` VALUES ('9', 'deptLeader');
INSERT INTO `act_id_membership` VALUES ('13', 'e');
INSERT INTO `act_id_membership` VALUES ('6', 'e');
INSERT INTO `act_id_membership` VALUES ('14', 'f');
INSERT INTO `act_id_membership` VALUES ('7', 'g');
INSERT INTO `act_id_membership` VALUES ('10', 'hr');
INSERT INTO `act_id_membership` VALUES ('3', 'hr');
INSERT INTO `act_id_membership` VALUES ('7', 'hr');
INSERT INTO `act_id_membership` VALUES ('8', 'hr');

-- ----------------------------
-- Table structure for `act_id_user`
-- ----------------------------
DROP TABLE IF EXISTS `act_id_user`;
CREATE TABLE `act_id_user` (
  `ID_` varchar(64) COLLATE utf8_bin NOT NULL DEFAULT '',
  `REV_` int(11) DEFAULT NULL,
  `FIRST_` varchar(255) COLLATE utf8_bin DEFAULT NULL,
  `LAST_` varchar(255) COLLATE utf8_bin DEFAULT NULL,
  `EMAIL_` varchar(255) COLLATE utf8_bin DEFAULT NULL,
  `PWD_` varchar(255) COLLATE utf8_bin DEFAULT NULL,
  `PICTURE_ID_` varchar(64) COLLATE utf8_bin DEFAULT NULL,
  PRIMARY KEY (`ID_`)
) ENGINE=InnoDB DEFAULT CHARSET=utf8 COLLATE=utf8_bin;

-- ----------------------------
-- Records of act_id_user
-- ----------------------------
INSERT INTO `act_id_user` VALUES ('1', '1', 'Thinkgem', '', 'thinkgem@163.com', '', null);
INSERT INTO `act_id_user` VALUES ('10', '1', '', '', 'thinkgem@163.com', '', null);
INSERT INTO `act_id_user` VALUES ('11', '1', '', '', 'thinkgem@163.com', '', null);
INSERT INTO `act_id_user` VALUES ('12', '1', '', '', 'thinkgem@163.com', '', null);
INSERT INTO `act_id_user` VALUES ('13', '1', '', '', 'thinkgem@163.com', '', null);
INSERT INTO `act_id_user` VALUES ('14', '1', '', '', 'thinkgem@163.com', '', null);
INSERT INTO `act_id_user` VALUES ('2', '1', '', '', 'thinkgem@163.com', '', null);
INSERT INTO `act_id_user` VALUES ('3', '1', '', '', 'thinkgem@163.com', '', null);
INSERT INTO `act_id_user` VALUES ('4', '1', '', '', 'thinkgem@163.com', '', null);
INSERT INTO `act_id_user` VALUES ('5', '1', '', '', 'thinkgem@163.com', '', null);
INSERT INTO `act_id_user` VALUES ('6', '1', '', '', 'thinkgem@163.com', '', null);
INSERT INTO `act_id_user` VALUES ('7', '1', '', '', 'thinkgem@163.com', '', null);
INSERT INTO `act_id_user` VALUES ('8', '1', '', '', 'thinkgem@163.com', '', null);
INSERT INTO `act_id_user` VALUES ('9', '1', '', '', 'thinkgem@163.com', '', null);

-- ----------------------------
-- Table structure for `act_re_deployment`
-- ----------------------------
DROP TABLE IF EXISTS `act_re_deployment`;
CREATE TABLE `act_re_deployment` (
  `ID_` varchar(64) COLLATE utf8_bin NOT NULL DEFAULT '',
  `NAME_` varchar(255) COLLATE utf8_bin DEFAULT NULL,
  `CATEGORY_` varchar(255) COLLATE utf8_bin DEFAULT NULL,
  `DEPLOY_TIME_` timestamp NOT NULL DEFAULT CURRENT_TIMESTAMP ON UPDATE CURRENT_TIMESTAMP,
  PRIMARY KEY (`ID_`)
) ENGINE=InnoDB DEFAULT CHARSET=utf8 COLLATE=utf8_bin;

-- ----------------------------
-- Records of act_re_deployment
-- ----------------------------
INSERT INTO `act_re_deployment` VALUES ('201', 'SpringAutoDeployment', null, '2013-12-09 13:47:31');

-- ----------------------------
-- Table structure for `act_re_model`
-- ----------------------------
DROP TABLE IF EXISTS `act_re_model`;
CREATE TABLE `act_re_model` (
  `ID_` varchar(64) COLLATE utf8_bin NOT NULL,
  `REV_` int(11) DEFAULT NULL,
  `NAME_` varchar(255) COLLATE utf8_bin DEFAULT NULL,
  `KEY_` varchar(255) COLLATE utf8_bin DEFAULT NULL,
  `CATEGORY_` varchar(255) COLLATE utf8_bin DEFAULT NULL,
  `CREATE_TIME_` timestamp NULL DEFAULT NULL,
  `LAST_UPDATE_TIME_` timestamp NULL DEFAULT NULL,
  `VERSION_` int(11) DEFAULT NULL,
  `META_INFO_` varchar(4000) COLLATE utf8_bin DEFAULT NULL,
  `DEPLOYMENT_ID_` varchar(64) COLLATE utf8_bin DEFAULT NULL,
  `EDITOR_SOURCE_VALUE_ID_` varchar(64) COLLATE utf8_bin DEFAULT NULL,
  `EDITOR_SOURCE_EXTRA_VALUE_ID_` varchar(64) COLLATE utf8_bin DEFAULT NULL,
  PRIMARY KEY (`ID_`),
  KEY `ACT_FK_MODEL_SOURCE` (`EDITOR_SOURCE_VALUE_ID_`),
  KEY `ACT_FK_MODEL_SOURCE_EXTRA` (`EDITOR_SOURCE_EXTRA_VALUE_ID_`),
  KEY `ACT_FK_MODEL_DEPLOYMENT` (`DEPLOYMENT_ID_`),
  CONSTRAINT `ACT_FK_MODEL_DEPLOYMENT` FOREIGN KEY (`DEPLOYMENT_ID_`) REFERENCES `act_re_deployment` (`ID_`),
  CONSTRAINT `ACT_FK_MODEL_SOURCE` FOREIGN KEY (`EDITOR_SOURCE_VALUE_ID_`) REFERENCES `act_ge_bytearray` (`ID_`),
  CONSTRAINT `ACT_FK_MODEL_SOURCE_EXTRA` FOREIGN KEY (`EDITOR_SOURCE_EXTRA_VALUE_ID_`) REFERENCES `act_ge_bytearray` (`ID_`)
) ENGINE=InnoDB DEFAULT CHARSET=utf8 COLLATE=utf8_bin;

-- ----------------------------
-- Records of act_re_model
-- ----------------------------

-- ----------------------------
-- Table structure for `act_re_procdef`
-- ----------------------------
DROP TABLE IF EXISTS `act_re_procdef`;
CREATE TABLE `act_re_procdef` (
  `ID_` varchar(64) COLLATE utf8_bin NOT NULL,
  `REV_` int(11) DEFAULT NULL,
  `CATEGORY_` varchar(255) COLLATE utf8_bin DEFAULT NULL,
  `NAME_` varchar(255) COLLATE utf8_bin DEFAULT NULL,
  `KEY_` varchar(255) COLLATE utf8_bin NOT NULL,
  `VERSION_` int(11) NOT NULL,
  `DEPLOYMENT_ID_` varchar(64) COLLATE utf8_bin DEFAULT NULL,
  `RESOURCE_NAME_` varchar(4000) COLLATE utf8_bin DEFAULT NULL,
  `DGRM_RESOURCE_NAME_` varchar(4000) COLLATE utf8_bin DEFAULT NULL,
  `DESCRIPTION_` varchar(4000) COLLATE utf8_bin DEFAULT NULL,
  `HAS_START_FORM_KEY_` tinyint(4) DEFAULT NULL,
  `SUSPENSION_STATE_` int(11) DEFAULT NULL,
  PRIMARY KEY (`ID_`),
  UNIQUE KEY `ACT_UNIQ_PROCDEF` (`KEY_`,`VERSION_`)
) ENGINE=InnoDB DEFAULT CHARSET=utf8 COLLATE=utf8_bin;

-- ----------------------------
-- Records of act_re_procdef
-- ----------------------------
INSERT INTO `act_re_procdef` VALUES ('chargeApply:1:207', '1', 'http://www.activiti.org/test', 'chargeApply', 'chargeApply', '1', '201', 'chargeApply.bpmn20.xml', 'chargeApply.png', null, '0', '1');
INSERT INTO `act_re_procdef` VALUES ('leave:2:206', '1', 'http://www.kafeitu.me/demo/activiti/leave', '', 'leave', '2', '201', 'leave.bpmn20.xml', 'leave.png', '', '0', '1');

-- ----------------------------
-- Table structure for `act_ru_event_subscr`
-- ----------------------------
DROP TABLE IF EXISTS `act_ru_event_subscr`;
CREATE TABLE `act_ru_event_subscr` (
  `ID_` varchar(64) COLLATE utf8_bin NOT NULL,
  `REV_` int(11) DEFAULT NULL,
  `EVENT_TYPE_` varchar(255) COLLATE utf8_bin NOT NULL,
  `EVENT_NAME_` varchar(255) COLLATE utf8_bin DEFAULT NULL,
  `EXECUTION_ID_` varchar(64) COLLATE utf8_bin DEFAULT NULL,
  `PROC_INST_ID_` varchar(64) COLLATE utf8_bin DEFAULT NULL,
  `ACTIVITY_ID_` varchar(64) COLLATE utf8_bin DEFAULT NULL,
  `CONFIGURATION_` varchar(255) COLLATE utf8_bin DEFAULT NULL,
  `CREATED_` timestamp NOT NULL DEFAULT CURRENT_TIMESTAMP ON UPDATE CURRENT_TIMESTAMP,
  PRIMARY KEY (`ID_`),
  KEY `ACT_IDX_EVENT_SUBSCR_CONFIG_` (`CONFIGURATION_`),
  KEY `ACT_FK_EVENT_EXEC` (`EXECUTION_ID_`),
  CONSTRAINT `ACT_FK_EVENT_EXEC` FOREIGN KEY (`EXECUTION_ID_`) REFERENCES `act_ru_execution` (`ID_`)
) ENGINE=InnoDB DEFAULT CHARSET=utf8 COLLATE=utf8_bin;

-- ----------------------------
-- Records of act_ru_event_subscr
-- ----------------------------

-- ----------------------------
-- Table structure for `act_ru_execution`
-- ----------------------------
DROP TABLE IF EXISTS `act_ru_execution`;
CREATE TABLE `act_ru_execution` (
  `ID_` varchar(64) COLLATE utf8_bin NOT NULL DEFAULT '',
  `REV_` int(11) DEFAULT NULL,
  `PROC_INST_ID_` varchar(64) COLLATE utf8_bin DEFAULT NULL,
  `BUSINESS_KEY_` varchar(255) COLLATE utf8_bin DEFAULT NULL,
  `PARENT_ID_` varchar(64) COLLATE utf8_bin DEFAULT NULL,
  `PROC_DEF_ID_` varchar(64) COLLATE utf8_bin DEFAULT NULL,
  `SUPER_EXEC_` varchar(64) COLLATE utf8_bin DEFAULT NULL,
  `ACT_ID_` varchar(255) COLLATE utf8_bin DEFAULT NULL,
  `IS_ACTIVE_` tinyint(4) DEFAULT NULL,
  `IS_CONCURRENT_` tinyint(4) DEFAULT NULL,
  `IS_SCOPE_` tinyint(4) DEFAULT NULL,
  `IS_EVENT_SCOPE_` tinyint(4) DEFAULT NULL,
  `SUSPENSION_STATE_` int(11) DEFAULT NULL,
  `CACHED_ENT_STATE_` int(11) DEFAULT NULL,
  PRIMARY KEY (`ID_`),
  UNIQUE KEY `ACT_UNIQ_RU_BUS_KEY` (`PROC_DEF_ID_`,`BUSINESS_KEY_`),
  KEY `ACT_IDX_EXEC_BUSKEY` (`BUSINESS_KEY_`),
  KEY `ACT_FK_EXE_PROCINST` (`PROC_INST_ID_`),
  KEY `ACT_FK_EXE_PARENT` (`PARENT_ID_`),
  KEY `ACT_FK_EXE_SUPER` (`SUPER_EXEC_`),
  CONSTRAINT `ACT_FK_EXE_PARENT` FOREIGN KEY (`PARENT_ID_`) REFERENCES `act_ru_execution` (`ID_`),
  CONSTRAINT `ACT_FK_EXE_PROCDEF` FOREIGN KEY (`PROC_DEF_ID_`) REFERENCES `act_re_procdef` (`ID_`),
  CONSTRAINT `ACT_FK_EXE_PROCINST` FOREIGN KEY (`PROC_INST_ID_`) REFERENCES `act_ru_execution` (`ID_`) ON DELETE CASCADE ON UPDATE CASCADE,
  CONSTRAINT `ACT_FK_EXE_SUPER` FOREIGN KEY (`SUPER_EXEC_`) REFERENCES `act_ru_execution` (`ID_`)
) ENGINE=InnoDB DEFAULT CHARSET=utf8 COLLATE=utf8_bin;

-- ----------------------------
-- Records of act_ru_execution
-- ----------------------------

-- ----------------------------
-- Table structure for `act_ru_identitylink`
-- ----------------------------
DROP TABLE IF EXISTS `act_ru_identitylink`;
CREATE TABLE `act_ru_identitylink` (
  `ID_` varchar(64) COLLATE utf8_bin NOT NULL DEFAULT '',
  `REV_` int(11) DEFAULT NULL,
  `GROUP_ID_` varchar(255) COLLATE utf8_bin DEFAULT NULL,
  `TYPE_` varchar(255) COLLATE utf8_bin DEFAULT NULL,
  `USER_ID_` varchar(255) COLLATE utf8_bin DEFAULT NULL,
  `TASK_ID_` varchar(64) COLLATE utf8_bin DEFAULT NULL,
  `PROC_INST_ID_` varchar(64) COLLATE utf8_bin DEFAULT NULL,
  `PROC_DEF_ID_` varchar(64) COLLATE utf8_bin DEFAULT NULL,
  PRIMARY KEY (`ID_`),
  KEY `ACT_IDX_IDENT_LNK_USER` (`USER_ID_`),
  KEY `ACT_IDX_IDENT_LNK_GROUP` (`GROUP_ID_`),
  KEY `ACT_IDX_ATHRZ_PROCEDEF` (`PROC_DEF_ID_`),
  KEY `ACT_FK_TSKASS_TASK` (`TASK_ID_`),
  KEY `ACT_FK_IDL_PROCINST` (`PROC_INST_ID_`),
  CONSTRAINT `ACT_FK_ATHRZ_PROCEDEF` FOREIGN KEY (`PROC_DEF_ID_`) REFERENCES `act_re_procdef` (`ID_`),
  CONSTRAINT `ACT_FK_IDL_PROCINST` FOREIGN KEY (`PROC_INST_ID_`) REFERENCES `act_ru_execution` (`ID_`),
  CONSTRAINT `ACT_FK_TSKASS_TASK` FOREIGN KEY (`TASK_ID_`) REFERENCES `act_ru_task` (`ID_`)
) ENGINE=InnoDB DEFAULT CHARSET=utf8 COLLATE=utf8_bin;

-- ----------------------------
-- Records of act_ru_identitylink
-- ----------------------------

-- ----------------------------
-- Table structure for `act_ru_job`
-- ----------------------------
DROP TABLE IF EXISTS `act_ru_job`;
CREATE TABLE `act_ru_job` (
  `ID_` varchar(64) COLLATE utf8_bin NOT NULL,
  `REV_` int(11) DEFAULT NULL,
  `TYPE_` varchar(255) COLLATE utf8_bin NOT NULL,
  `LOCK_EXP_TIME_` timestamp NULL DEFAULT NULL,
  `LOCK_OWNER_` varchar(255) COLLATE utf8_bin DEFAULT NULL,
  `EXCLUSIVE_` tinyint(1) DEFAULT NULL,
  `EXECUTION_ID_` varchar(64) COLLATE utf8_bin DEFAULT NULL,
  `PROCESS_INSTANCE_ID_` varchar(64) COLLATE utf8_bin DEFAULT NULL,
  `PROC_DEF_ID_` varchar(64) COLLATE utf8_bin DEFAULT NULL,
  `RETRIES_` int(11) DEFAULT NULL,
  `EXCEPTION_STACK_ID_` varchar(64) COLLATE utf8_bin DEFAULT NULL,
  `EXCEPTION_MSG_` varchar(4000) COLLATE utf8_bin DEFAULT NULL,
  `DUEDATE_` timestamp NULL DEFAULT NULL,
  `REPEAT_` varchar(255) COLLATE utf8_bin DEFAULT NULL,
  `HANDLER_TYPE_` varchar(255) COLLATE utf8_bin DEFAULT NULL,
  `HANDLER_CFG_` varchar(4000) COLLATE utf8_bin DEFAULT NULL,
  PRIMARY KEY (`ID_`),
  KEY `ACT_FK_JOB_EXCEPTION` (`EXCEPTION_STACK_ID_`),
  CONSTRAINT `ACT_FK_JOB_EXCEPTION` FOREIGN KEY (`EXCEPTION_STACK_ID_`) REFERENCES `act_ge_bytearray` (`ID_`)
) ENGINE=InnoDB DEFAULT CHARSET=utf8 COLLATE=utf8_bin;

-- ----------------------------
-- Records of act_ru_job
-- ----------------------------

-- ----------------------------
-- Table structure for `act_ru_task`
-- ----------------------------
DROP TABLE IF EXISTS `act_ru_task`;
CREATE TABLE `act_ru_task` (
  `ID_` varchar(64) COLLATE utf8_bin NOT NULL DEFAULT '',
  `REV_` int(11) DEFAULT NULL,
  `EXECUTION_ID_` varchar(64) COLLATE utf8_bin DEFAULT NULL,
  `PROC_INST_ID_` varchar(64) COLLATE utf8_bin DEFAULT NULL,
  `PROC_DEF_ID_` varchar(64) COLLATE utf8_bin DEFAULT NULL,
  `NAME_` varchar(255) COLLATE utf8_bin DEFAULT NULL,
  `PARENT_TASK_ID_` varchar(64) COLLATE utf8_bin DEFAULT NULL,
  `DESCRIPTION_` varchar(4000) COLLATE utf8_bin DEFAULT NULL,
  `TASK_DEF_KEY_` varchar(255) COLLATE utf8_bin DEFAULT NULL,
  `OWNER_` varchar(255) COLLATE utf8_bin DEFAULT NULL,
  `ASSIGNEE_` varchar(255) COLLATE utf8_bin DEFAULT NULL,
  `DELEGATION_` varchar(64) COLLATE utf8_bin DEFAULT NULL,
  `PRIORITY_` int(11) DEFAULT NULL,
  `CREATE_TIME_` timestamp NOT NULL DEFAULT CURRENT_TIMESTAMP ON UPDATE CURRENT_TIMESTAMP,
  `DUE_DATE_` datetime DEFAULT NULL,
  `SUSPENSION_STATE_` int(11) DEFAULT NULL,
  PRIMARY KEY (`ID_`),
  KEY `ACT_IDX_TASK_CREATE` (`CREATE_TIME_`),
  KEY `ACT_FK_TASK_EXE` (`EXECUTION_ID_`),
  KEY `ACT_FK_TASK_PROCINST` (`PROC_INST_ID_`),
  KEY `ACT_FK_TASK_PROCDEF` (`PROC_DEF_ID_`),
  CONSTRAINT `ACT_FK_TASK_EXE` FOREIGN KEY (`EXECUTION_ID_`) REFERENCES `act_ru_execution` (`ID_`),
  CONSTRAINT `ACT_FK_TASK_PROCDEF` FOREIGN KEY (`PROC_DEF_ID_`) REFERENCES `act_re_procdef` (`ID_`),
  CONSTRAINT `ACT_FK_TASK_PROCINST` FOREIGN KEY (`PROC_INST_ID_`) REFERENCES `act_ru_execution` (`ID_`)
) ENGINE=InnoDB DEFAULT CHARSET=utf8 COLLATE=utf8_bin;

-- ----------------------------
-- Records of act_ru_task
-- ----------------------------

-- ----------------------------
-- Table structure for `act_ru_variable`
-- ----------------------------
DROP TABLE IF EXISTS `act_ru_variable`;
CREATE TABLE `act_ru_variable` (
  `ID_` varchar(64) COLLATE utf8_bin NOT NULL,
  `REV_` int(11) DEFAULT NULL,
  `TYPE_` varchar(255) COLLATE utf8_bin NOT NULL,
  `NAME_` varchar(255) COLLATE utf8_bin NOT NULL,
  `EXECUTION_ID_` varchar(64) COLLATE utf8_bin DEFAULT NULL,
  `PROC_INST_ID_` varchar(64) COLLATE utf8_bin DEFAULT NULL,
  `TASK_ID_` varchar(64) COLLATE utf8_bin DEFAULT NULL,
  `BYTEARRAY_ID_` varchar(64) COLLATE utf8_bin DEFAULT NULL,
  `DOUBLE_` double DEFAULT NULL,
  `LONG_` bigint(20) DEFAULT NULL,
  `TEXT_` varchar(4000) COLLATE utf8_bin DEFAULT NULL,
  `TEXT2_` varchar(4000) COLLATE utf8_bin DEFAULT NULL,
  PRIMARY KEY (`ID_`),
  KEY `ACT_IDX_VARIABLE_TASK_ID` (`TASK_ID_`),
  KEY `ACT_FK_VAR_EXE` (`EXECUTION_ID_`),
  KEY `ACT_FK_VAR_PROCINST` (`PROC_INST_ID_`),
  KEY `ACT_FK_VAR_BYTEARRAY` (`BYTEARRAY_ID_`),
  CONSTRAINT `ACT_FK_VAR_BYTEARRAY` FOREIGN KEY (`BYTEARRAY_ID_`) REFERENCES `act_ge_bytearray` (`ID_`),
  CONSTRAINT `ACT_FK_VAR_EXE` FOREIGN KEY (`EXECUTION_ID_`) REFERENCES `act_ru_execution` (`ID_`),
  CONSTRAINT `ACT_FK_VAR_PROCINST` FOREIGN KEY (`PROC_INST_ID_`) REFERENCES `act_ru_execution` (`ID_`)
) ENGINE=InnoDB DEFAULT CHARSET=utf8 COLLATE=utf8_bin;

-- ----------------------------
-- Records of act_ru_variable
-- ----------------------------

-- ----------------------------
-- Table structure for `chargeapply`
-- ----------------------------
DROP TABLE IF EXISTS `chargeapply`;
CREATE TABLE `chargeapply` (
  `id` bigint(20) NOT NULL AUTO_INCREMENT,
  `create_date` datetime DEFAULT NULL,
  `del_flag` varchar(1) DEFAULT NULL,
  `remarks` varchar(255) DEFAULT NULL,
  `update_date` datetime DEFAULT NULL,
  `charge_account` bigint(20) DEFAULT NULL,
  `charge_method` int(11) DEFAULT NULL,
  `process_instance_id` varchar(255) DEFAULT NULL,
  `remark` varchar(255) DEFAULT NULL,
  `status` int(11) DEFAULT NULL,
  `create_by` bigint(20) DEFAULT NULL,
  `update_by` bigint(20) DEFAULT NULL,
  `channel_id` bigint(20) DEFAULT NULL,
  `uesrid` bigint(20) DEFAULT NULL,
  `gateway_id` bigint(20) DEFAULT NULL,
  `pay_time` datetime DEFAULT NULL,
  PRIMARY KEY (`id`),
  KEY `FK3D01F13AA47CC66A` (`create_by`),
  KEY `FK3D01F13ACA3FF7D` (`update_by`),
  KEY `FK3D01F13A5D88CE63` (`channel_id`),
  KEY `FK3D01F13A4E3EAE3A` (`uesrid`),
  KEY `FK3D01F13A5BA5F8D5` (`gateway_id`),
  CONSTRAINT `FK3D01F13A4E3EAE3A` FOREIGN KEY (`uesrid`) REFERENCES `sys_user` (`id`),
  CONSTRAINT `FK3D01F13A5BA5F8D5` FOREIGN KEY (`gateway_id`) REFERENCES `gateway` (`id`),
  CONSTRAINT `FK3D01F13A5D88CE63` FOREIGN KEY (`channel_id`) REFERENCES `sys_channel_info` (`channel_id`),
  CONSTRAINT `FK3D01F13AA47CC66A` FOREIGN KEY (`create_by`) REFERENCES `sys_user` (`id`),
  CONSTRAINT `FK3D01F13ACA3FF7D` FOREIGN KEY (`update_by`) REFERENCES `sys_user` (`id`)
) ENGINE=InnoDB AUTO_INCREMENT=15 DEFAULT CHARSET=utf8;

-- ----------------------------
-- Records of chargeapply
-- ----------------------------
INSERT INTO `chargeapply` VALUES ('1', '2013-07-11 16:33:37', '0', null, '2013-07-11 16:33:38', '2131', '1', '3002', 'ff', '0', '76', '76', null, '77', null, null);
INSERT INTO `chargeapply` VALUES ('2', '2013-07-12 12:34:42', '0', null, '2013-07-12 12:34:42', '12000000', '1', '3208', '001', '0', '76', '76', null, '77', null, null);
INSERT INTO `chargeapply` VALUES ('3', '2013-07-12 13:22:46', '0', null, '2013-07-12 13:22:46', '99999999', '1', '3715', '65353', '0', '76', '76', null, '77', null, null);
INSERT INTO `chargeapply` VALUES ('4', '2013-07-12 14:53:24', '0', null, '2013-07-12 14:53:25', '999999999', '1', '3801', '002', '0', '76', '76', null, '77', null, null);
INSERT INTO `chargeapply` VALUES ('5', '2013-07-12 15:09:18', '0', null, '2013-07-12 15:09:18', '5555555', '1', '3908', 'ffffffffff', '0', '76', '76', null, '77', null, null);
INSERT INTO `chargeapply` VALUES ('6', '2013-07-12 15:15:18', '0', null, '2013-07-12 15:15:18', '1', '0', '4118', '', '0', '76', '76', null, '77', null, null);
INSERT INTO `chargeapply` VALUES ('7', '2013-07-12 15:15:34', '0', null, '2013-07-12 15:15:34', '1000', '1', '4127', '1000', '0', '76', '76', null, '77', null, null);
INSERT INTO `chargeapply` VALUES ('8', '2013-07-12 15:15:47', '0', null, '2013-07-12 15:15:47', '100000000', '1', '4136', '', '0', '76', '76', null, '77', null, null);
INSERT INTO `chargeapply` VALUES ('9', '2013-07-12 15:16:05', '0', null, '2013-07-12 15:16:05', '100000', '1', '4145', '', '0', '76', '76', null, '77', null, null);
INSERT INTO `chargeapply` VALUES ('10', '2013-07-22 16:52:07', '0', null, '2013-07-22 16:55:46', '1222222', '0', '4301', '123', '4', '76', '78', null, '77', null, null);
INSERT INTO `chargeapply` VALUES ('11', '2013-07-22 18:10:42', '0', null, '2013-07-22 18:10:43', '22222222222222', '1', '4401', '13', '0', '76', '76', null, '77', null, '2013-08-15 18:10:00');
INSERT INTO `chargeapply` VALUES ('12', '2013-07-22 18:21:45', '0', null, '2013-07-22 18:21:45', '2131321321', '1', '4410', '1321321', '0', '76', '76', null, '77', null, '2013-07-02 18:21:00');
INSERT INTO `chargeapply` VALUES ('13', '2013-07-22 18:22:07', '0', null, '2013-07-22 18:25:09', '32342432', '0', '4419', '4324324', '4', '76', '78', null, '77', null, null);
INSERT INTO `chargeapply` VALUES ('14', '2013-07-22 18:27:04', '0', null, '2013-07-22 18:27:28', '222222', '0', '4501', '1231', '4', '76', '78', null, '77', '2', null);

-- ----------------------------
-- Table structure for `cms_article`
-- ----------------------------
DROP TABLE IF EXISTS `cms_article`;
CREATE TABLE `cms_article` (
  `id` bigint(20) NOT NULL AUTO_INCREMENT COMMENT '',
  `category_id` bigint(20) NOT NULL COMMENT '',
  `title` varchar(255) NOT NULL COMMENT '',
  `color` varchar(50) DEFAULT NULL COMMENT 'redgreenblueyelloworange',
  `image` varchar(255) DEFAULT NULL COMMENT '',
  `keywords` varchar(255) DEFAULT NULL COMMENT '',
  `description` varchar(255) DEFAULT NULL COMMENT '',
  `weight` int(11) DEFAULT '0' COMMENT '',
  `weight_date` datetime DEFAULT NULL COMMENT '0',
  `hits` int(11) DEFAULT '0' COMMENT '',
  `posid` varchar(10) DEFAULT NULL COMMENT '12',
  `create_by` bigint(20) DEFAULT NULL COMMENT '',
  `create_date` datetime DEFAULT NULL COMMENT '',
  `update_by` bigint(20) DEFAULT NULL COMMENT '',
  `update_date` datetime DEFAULT NULL COMMENT '',
  `remarks` varchar(255) DEFAULT NULL COMMENT '',
  `del_flag` char(1) NOT NULL DEFAULT '0' COMMENT '01',
  PRIMARY KEY (`id`),
  KEY `cms_article_create_by` (`create_by`),
  KEY `cms_article_title` (`title`),
  KEY `cms_article_keywords` (`keywords`),
  KEY `cms_article_del_flag` (`del_flag`),
  KEY `cms_article_weight` (`weight`),
  KEY `cms_article_update_date` (`update_date`),
  KEY `cms_article_category_id` (`category_id`),
  KEY `FK935C9C00A47CC66A` (`create_by`),
  KEY `FK935C9C00CA3FF7D` (`update_by`),
  KEY `FK935C9C00DDB5951B` (`category_id`),
  CONSTRAINT `FK935C9C00A47CC66A` FOREIGN KEY (`create_by`) REFERENCES `sys_user` (`id`),
  CONSTRAINT `FK935C9C00CA3FF7D` FOREIGN KEY (`update_by`) REFERENCES `sys_user` (`id`),
  CONSTRAINT `FK935C9C00DDB5951B` FOREIGN KEY (`category_id`) REFERENCES `cms_category` (`id`)
) ENGINE=InnoDB AUTO_INCREMENT=54 DEFAULT CHARSET=utf8 COMMENT='';

-- ----------------------------
-- Records of cms_article
-- ----------------------------
INSERT INTO `cms_article` VALUES ('1', '3', '', 'green', null, '1,2', null, '0', null, '0', null, '1', '2013-05-27 08:00:00', '1', '2013-05-27 08:00:00', null, '0');
INSERT INTO `cms_article` VALUES ('2', '3', '', 'red', null, '1,2', null, '0', null, '0', null, '1', '2013-05-27 08:00:00', '1', '2013-05-27 08:00:00', null, '0');
INSERT INTO `cms_article` VALUES ('3', '3', '', null, null, '1,2', null, '0', null, '0', null, '1', '2013-05-27 08:00:00', '1', '2013-05-27 08:00:00', null, '0');
INSERT INTO `cms_article` VALUES ('4', '3', '', 'green', null, '1,2', null, '0', null, '0', null, '1', '2013-05-27 08:00:00', '1', '2013-05-27 08:00:00', null, '0');
INSERT INTO `cms_article` VALUES ('5', '3', '', null, null, '1,2', null, '0', null, '0', null, '1', '2013-05-27 08:00:00', '1', '2013-05-27 08:00:00', null, '0');
INSERT INTO `cms_article` VALUES ('6', '3', '', null, null, '1,2', null, '0', null, '0', null, '1', '2013-05-27 08:00:00', '1', '2013-05-27 08:00:00', null, '0');
INSERT INTO `cms_article` VALUES ('7', '4', '', null, null, '1,2', null, '0', null, '0', null, '1', '2013-05-27 08:00:00', '1', '2013-05-27 08:00:00', null, '0');
INSERT INTO `cms_article` VALUES ('8', '4', '', 'blue', null, '1,2', null, '0', null, '0', null, '1', '2013-05-27 08:00:00', '1', '2013-05-27 08:00:00', null, '0');
INSERT INTO `cms_article` VALUES ('9', '4', '', null, null, '1,2', null, '0', null, '0', null, '1', '2013-05-27 08:00:00', '1', '2013-05-27 08:00:00', null, '0');
INSERT INTO `cms_article` VALUES ('10', '4', '', null, null, '1,2', null, '0', null, '0', null, '1', '2013-05-27 08:00:00', '1', '2013-05-27 08:00:00', null, '0');
INSERT INTO `cms_article` VALUES ('11', '5', '', null, null, '1,2', null, '0', null, '0', null, '1', '2013-05-27 08:00:00', '1', '2013-05-27 08:00:00', null, '0');
INSERT INTO `cms_article` VALUES ('12', '5', '', null, null, '1,2', null, '0', null, '0', null, '1', '2013-05-27 08:00:00', '1', '2013-05-27 08:00:00', null, '0');
INSERT INTO `cms_article` VALUES ('13', '5', '', null, null, '1,2', null, '0', null, '0', null, '1', '2013-05-27 08:00:00', '1', '2013-05-27 08:00:00', null, '0');
INSERT INTO `cms_article` VALUES ('14', '7', '', null, null, '1,2', null, '0', null, '1', null, '1', '2013-05-27 08:00:00', '1', '2013-05-27 08:00:00', null, '0');
INSERT INTO `cms_article` VALUES ('15', '7', '', null, null, '1,2', null, '0', null, '0', null, '1', '2013-05-27 08:00:00', '1', '2013-05-27 08:00:00', null, '0');
INSERT INTO `cms_article` VALUES ('16', '7', '', null, null, '1,2', null, '0', null, '0', null, '1', '2013-05-27 08:00:00', '1', '2013-05-27 08:00:00', null, '0');
INSERT INTO `cms_article` VALUES ('17', '7', '', null, null, '1,2', null, '0', null, '0', null, '1', '2013-05-27 08:00:00', '1', '2013-05-27 08:00:00', null, '0');
INSERT INTO `cms_article` VALUES ('18', '8', '', null, null, '1,2', null, '0', null, '0', null, '1', '2013-05-27 08:00:00', '1', '2013-05-27 08:00:00', null, '0');
INSERT INTO `cms_article` VALUES ('19', '8', '', null, null, '1,2', null, '0', null, '0', null, '1', '2013-05-27 08:00:00', '1', '2013-05-27 08:00:00', null, '0');
INSERT INTO `cms_article` VALUES ('20', '8', '', null, null, '1,2', null, '0', null, '0', null, '1', '2013-05-27 08:00:00', '1', '2013-05-27 08:00:00', null, '0');
INSERT INTO `cms_article` VALUES ('21', '8', '', null, null, '1,2', null, '0', null, '0', null, '1', '2013-05-27 08:00:00', '1', '2013-05-27 08:00:00', null, '0');
INSERT INTO `cms_article` VALUES ('22', '9', '', null, null, '1,2', null, '0', null, '0', null, '1', '2013-05-27 08:00:00', '1', '2013-05-27 08:00:00', null, '0');
INSERT INTO `cms_article` VALUES ('23', '9', '', null, null, '1,2', null, '0', null, '0', null, '1', '2013-05-27 08:00:00', '1', '2013-05-27 08:00:00', null, '0');
INSERT INTO `cms_article` VALUES ('24', '9', '', null, null, '1,2', null, '0', null, '0', null, '1', '2013-05-27 08:00:00', '1', '2013-05-27 08:00:00', null, '0');
INSERT INTO `cms_article` VALUES ('25', '9', '', null, null, '1,2', null, '0', null, '0', null, '1', '2013-05-27 08:00:00', '1', '2013-05-27 08:00:00', null, '0');
INSERT INTO `cms_article` VALUES ('26', '9', '', null, null, '1,2', null, '0', null, '0', null, '1', '2013-05-27 08:00:00', '1', '2013-05-27 08:00:00', null, '0');
INSERT INTO `cms_article` VALUES ('27', '11', '', null, null, '1,2', null, '0', null, '0', null, '1', '2013-05-27 08:00:00', '1', '2013-05-27 08:00:00', null, '0');
INSERT INTO `cms_article` VALUES ('28', '11', '', null, null, '1,2', null, '0', null, '0', null, '1', '2013-05-27 08:00:00', '1', '2013-05-27 08:00:00', null, '0');
INSERT INTO `cms_article` VALUES ('29', '11', '', null, null, '1,2', null, '0', null, '0', null, '1', '2013-05-27 08:00:00', '1', '2013-05-27 08:00:00', null, '0');
INSERT INTO `cms_article` VALUES ('30', '11', '', null, null, '1,2', null, '0', null, '0', null, '1', '2013-05-27 08:00:00', '1', '2013-05-27 08:00:00', null, '0');
INSERT INTO `cms_article` VALUES ('31', '11', '', null, null, '1,2', null, '0', null, '0', null, '1', '2013-05-27 08:00:00', '1', '2013-05-27 08:00:00', null, '0');
INSERT INTO `cms_article` VALUES ('32', '12', '', null, null, '1,2', null, '0', null, '0', null, '1', '2013-05-27 08:00:00', '1', '2013-05-27 08:00:00', null, '0');
INSERT INTO `cms_article` VALUES ('33', '12', '', null, null, '1,2', null, '0', null, '0', null, '1', '2013-05-27 08:00:00', '1', '2013-05-27 08:00:00', null, '0');
INSERT INTO `cms_article` VALUES ('34', '12', '', null, null, '1,2', null, '0', null, '0', null, '1', '2013-05-27 08:00:00', '1', '2013-05-27 08:00:00', null, '0');
INSERT INTO `cms_article` VALUES ('35', '12', '', null, null, '1,2', null, '0', null, '0', null, '1', '2013-05-27 08:00:00', '1', '2013-05-27 08:00:00', null, '0');
INSERT INTO `cms_article` VALUES ('36', '12', '', null, null, '1,2', null, '0', null, '0', null, '1', '2013-05-27 08:00:00', '1', '2013-05-27 08:00:00', null, '0');
INSERT INTO `cms_article` VALUES ('37', '13', '', null, null, '1,2', null, '0', null, '0', null, '1', '2013-05-27 08:00:00', '1', '2013-05-27 08:00:00', null, '0');
INSERT INTO `cms_article` VALUES ('38', '13', '', null, null, '1,2', null, '0', null, '0', null, '1', '2013-05-27 08:00:00', '1', '2013-05-27 08:00:00', null, '0');
INSERT INTO `cms_article` VALUES ('39', '13', '', null, null, '1,2', null, '0', null, '0', null, '1', '2013-05-27 08:00:00', '1', '2013-05-27 08:00:00', null, '0');
INSERT INTO `cms_article` VALUES ('40', '13', '', null, null, '1,2', null, '0', null, '0', null, '1', '2013-05-27 08:00:00', '1', '2013-05-27 08:00:00', null, '0');
INSERT INTO `cms_article` VALUES ('41', '14', '', null, null, '1,2', null, '0', null, '0', null, '1', '2013-05-27 08:00:00', '1', '2013-05-27 08:00:00', null, '0');
INSERT INTO `cms_article` VALUES ('42', '14', '', null, null, '1,2', null, '0', null, '0', null, '1', '2013-05-27 08:00:00', '1', '2013-05-27 08:00:00', null, '0');
INSERT INTO `cms_article` VALUES ('43', '14', '', null, null, '1,2', null, '0', null, '0', null, '1', '2013-05-27 08:00:00', '1', '2013-05-27 08:00:00', null, '0');
INSERT INTO `cms_article` VALUES ('44', '14', '', null, null, '1,2', null, '0', null, '0', null, '1', '2013-05-27 08:00:00', '1', '2013-05-27 08:00:00', null, '0');
INSERT INTO `cms_article` VALUES ('45', '14', '', null, null, '1,2', null, '0', null, '0', null, '1', '2013-05-27 08:00:00', '1', '2013-05-27 08:00:00', null, '0');
INSERT INTO `cms_article` VALUES ('46', '15', '', null, null, '1,2', null, '0', null, '0', null, '1', '2013-05-27 08:00:00', '1', '2013-05-27 08:00:00', null, '0');
INSERT INTO `cms_article` VALUES ('47', '15', '', null, null, '1,2', null, '0', null, '0', null, '1', '2013-05-27 08:00:00', '1', '2013-05-27 08:00:00', null, '0');
INSERT INTO `cms_article` VALUES ('48', '15', '', null, null, '1,2', null, '0', null, '0', null, '1', '2013-05-27 08:00:00', '1', '2013-05-27 08:00:00', null, '0');
INSERT INTO `cms_article` VALUES ('49', '16', '', null, null, '1,2', null, '0', null, '0', null, '1', '2013-05-27 08:00:00', '1', '2013-05-27 08:00:00', null, '0');
INSERT INTO `cms_article` VALUES ('50', '17', '', null, null, '1,2', null, '0', null, '0', null, '1', '2013-05-27 08:00:00', '1', '2013-05-27 08:00:00', null, '0');
INSERT INTO `cms_article` VALUES ('51', '17', '', null, null, '1,2', null, '0', null, '0', null, '1', '2013-05-27 08:00:00', '1', '2013-05-27 08:00:00', null, '0');
INSERT INTO `cms_article` VALUES ('52', '26', '', null, null, '1,2', null, '0', null, '0', null, '1', '2013-05-27 08:00:00', '1', '2013-05-27 08:00:00', null, '0');
INSERT INTO `cms_article` VALUES ('53', '26', '', null, null, '1,2', null, '0', null, '0', null, '1', '2013-05-27 08:00:00', '1', '2013-05-27 08:00:00', null, '0');

-- ----------------------------
-- Table structure for `cms_article_data`
-- ----------------------------
DROP TABLE IF EXISTS `cms_article_data`;
CREATE TABLE `cms_article_data` (
  `id` bigint(20) NOT NULL AUTO_INCREMENT COMMENT '',
  `content` text COMMENT '',
  `copyfrom` varchar(255) DEFAULT NULL COMMENT '',
  `relation` varchar(255) DEFAULT NULL COMMENT '',
  `allow_comment` char(1) DEFAULT NULL COMMENT '',
  PRIMARY KEY (`id`),
  KEY `FK5F8E8C89F13825D0` (`id`),
  CONSTRAINT `FK5F8E8C89F13825D0` FOREIGN KEY (`id`) REFERENCES `cms_article` (`id`)
) ENGINE=InnoDB AUTO_INCREMENT=54 DEFAULT CHARSET=utf8 COMMENT='';

-- ----------------------------
-- Records of cms_article_data
-- ----------------------------
INSERT INTO `cms_article_data` VALUES ('1', '', '', '1,2,3', '1');
INSERT INTO `cms_article_data` VALUES ('2', '', '', '1,2,3', '1');
INSERT INTO `cms_article_data` VALUES ('3', '', '', '1,2,3', '1');
INSERT INTO `cms_article_data` VALUES ('4', '', '', '1,2,3', '1');
INSERT INTO `cms_article_data` VALUES ('5', '', '', '1,2,3', '1');
INSERT INTO `cms_article_data` VALUES ('6', '', '', '1,2,3', '1');
INSERT INTO `cms_article_data` VALUES ('7', '', '', '1,2,3', '1');
INSERT INTO `cms_article_data` VALUES ('8', '', '', '1,2,3', '1');
INSERT INTO `cms_article_data` VALUES ('9', '', '', '1,2,3', '1');
INSERT INTO `cms_article_data` VALUES ('10', '', '', '1,2,3', '1');
INSERT INTO `cms_article_data` VALUES ('11', '', '', '1,2,3', '1');
INSERT INTO `cms_article_data` VALUES ('12', '', '', '1,2,3', '1');
INSERT INTO `cms_article_data` VALUES ('13', '', '', '1,2,3', '1');
INSERT INTO `cms_article_data` VALUES ('14', '', '', '1,2,3', '1');
INSERT INTO `cms_article_data` VALUES ('15', '', '', '1,2,3', '1');
INSERT INTO `cms_article_data` VALUES ('16', '', '', '1,2,3', '1');
INSERT INTO `cms_article_data` VALUES ('17', '', '', '1,2,3', '1');
INSERT INTO `cms_article_data` VALUES ('18', '', '', '1,2,3', '1');
INSERT INTO `cms_article_data` VALUES ('19', '', '', '1,2,3', '1');
INSERT INTO `cms_article_data` VALUES ('20', '', '', '1,2,3', '1');
INSERT INTO `cms_article_data` VALUES ('21', '', '', '1,2,3', '1');
INSERT INTO `cms_article_data` VALUES ('22', '', '', '1,2,3', '1');
INSERT INTO `cms_article_data` VALUES ('23', '', '', '1,2,3', '1');
INSERT INTO `cms_article_data` VALUES ('24', '', '', '1,2,3', '1');
INSERT INTO `cms_article_data` VALUES ('25', '', '', '1,2,3', '1');
INSERT INTO `cms_article_data` VALUES ('26', '', '', '1,2,3', '1');
INSERT INTO `cms_article_data` VALUES ('27', '', '', '1,2,3', '1');
INSERT INTO `cms_article_data` VALUES ('28', '', '', '1,2,3', '1');
INSERT INTO `cms_article_data` VALUES ('29', '', '', '1,2,3', '1');
INSERT INTO `cms_article_data` VALUES ('30', '', '', '1,2,3', '1');
INSERT INTO `cms_article_data` VALUES ('31', '', '', '1,2,3', '1');
INSERT INTO `cms_article_data` VALUES ('32', '', '', '1,2,3', '1');
INSERT INTO `cms_article_data` VALUES ('33', '', '', '1,2,3', '1');
INSERT INTO `cms_article_data` VALUES ('34', '', '', '1,2,3', '1');
INSERT INTO `cms_article_data` VALUES ('35', '', '', '1,2,3', '1');
INSERT INTO `cms_article_data` VALUES ('36', '', '', '1,2,3', '1');
INSERT INTO `cms_article_data` VALUES ('37', '', '', '1,2,3', '1');
INSERT INTO `cms_article_data` VALUES ('38', '', '', '1,2,3', '1');
INSERT INTO `cms_article_data` VALUES ('39', '', '', '1,2,3', '1');
INSERT INTO `cms_article_data` VALUES ('40', '', '', '1,2,3', '1');
INSERT INTO `cms_article_data` VALUES ('41', '', '', '1,2,3', '1');
INSERT INTO `cms_article_data` VALUES ('42', '', '', '1,2,3', '1');
INSERT INTO `cms_article_data` VALUES ('43', '', '', '1,2,3', '1');
INSERT INTO `cms_article_data` VALUES ('44', '', '', '1,2,3', '1');
INSERT INTO `cms_article_data` VALUES ('45', '', '', '1,2,3', '1');
INSERT INTO `cms_article_data` VALUES ('46', '', '', '1,2,3', '1');
INSERT INTO `cms_article_data` VALUES ('47', '', '', '1,2,3', '1');
INSERT INTO `cms_article_data` VALUES ('48', '', '', '1,2,3', '1');
INSERT INTO `cms_article_data` VALUES ('49', '', '', '1,2,3', '1');
INSERT INTO `cms_article_data` VALUES ('50', '', '', '1,2,3', '1');
INSERT INTO `cms_article_data` VALUES ('51', '', '', '1,2,3', '1');
INSERT INTO `cms_article_data` VALUES ('52', '', '', '1,2,3', '1');
INSERT INTO `cms_article_data` VALUES ('53', '', '', '1,2,3', '1');

-- ----------------------------
-- Table structure for `cms_category`
-- ----------------------------
DROP TABLE IF EXISTS `cms_category`;
CREATE TABLE `cms_category` (
  `id` bigint(20) NOT NULL AUTO_INCREMENT COMMENT '',
  `site_id` bigint(20) DEFAULT '1' COMMENT '',
  `office_id` bigint(20) DEFAULT NULL COMMENT '',
  `parent_id` bigint(20) NOT NULL COMMENT '',
  `parent_ids` varchar(255) NOT NULL COMMENT '',
  `module` varchar(20) DEFAULT NULL COMMENT 'articlepicturedownloadlinkspecial',
  `name` varchar(100) NOT NULL COMMENT '',
  `image` varchar(255) DEFAULT NULL COMMENT '',
  `href` varchar(255) DEFAULT NULL COMMENT '',
  `target` varchar(20) DEFAULT NULL COMMENT ' _blank_self_parent_top',
  `description` varchar(255) DEFAULT NULL COMMENT '',
  `keywords` varchar(255) DEFAULT NULL COMMENT '',
  `sort` int(11) DEFAULT '30' COMMENT '',
  `in_menu` char(1) DEFAULT '1' COMMENT '10',
  `in_list` char(1) DEFAULT '1' COMMENT '10',
  `show_modes` char(1) DEFAULT '0' COMMENT '0:;12',
  `allow_comment` char(1) DEFAULT NULL COMMENT '',
  `is_audit` char(1) DEFAULT NULL COMMENT '',
  `custom_list_view` varchar(255) DEFAULT NULL COMMENT '',
  `custom_content_view` varchar(255) DEFAULT NULL COMMENT '',
  `create_by` bigint(20) DEFAULT NULL COMMENT '',
  `create_date` datetime DEFAULT NULL COMMENT '',
  `update_by` bigint(20) DEFAULT NULL COMMENT '',
  `update_date` datetime DEFAULT NULL COMMENT '',
  `remarks` varchar(255) DEFAULT NULL COMMENT '',
  `del_flag` char(1) NOT NULL DEFAULT '0' COMMENT '01',
  PRIMARY KEY (`id`),
  KEY `cms_category_parent_id` (`parent_id`),
  KEY `cms_category_parent_ids` (`parent_ids`),
  KEY `cms_category_module` (`module`),
  KEY `cms_category_name` (`name`),
  KEY `cms_category_sort` (`sort`),
  KEY `cms_category_del_flag` (`del_flag`),
  KEY `cms_category_office_id` (`office_id`),
  KEY `cms_category_site_id` (`site_id`),
  KEY `FK2478CF34A47CC66A` (`create_by`),
  KEY `FK2478CF34CA3FF7D` (`update_by`),
  KEY `FK2478CF344D32F1F` (`office_id`),
  CONSTRAINT `FK2478CF344D32F1F` FOREIGN KEY (`office_id`) REFERENCES `sys_office` (`id`),
  CONSTRAINT `FK2478CF34A47CC66A` FOREIGN KEY (`create_by`) REFERENCES `sys_user` (`id`),
  CONSTRAINT `FK2478CF34CA3FF7D` FOREIGN KEY (`update_by`) REFERENCES `sys_user` (`id`)
) ENGINE=InnoDB AUTO_INCREMENT=28 DEFAULT CHARSET=utf8 COMMENT='';

-- ----------------------------
-- Records of cms_category
-- ----------------------------
INSERT INTO `cms_category` VALUES ('1', '0', '1', '0', '0,', null, '', null, null, null, null, null, '0', '1', '1', '0', '0', '1', null, null, '1', '2013-05-27 08:00:00', '1', '2013-05-27 08:00:00', null, '0');
INSERT INTO `cms_category` VALUES ('2', '1', '3', '1', '0,1,', 'article', '', null, null, null, null, null, '10', '1', '1', '0', '0', '1', null, null, '1', '2013-05-27 08:00:00', '1', '2013-05-27 08:00:00', null, '0');
INSERT INTO `cms_category` VALUES ('3', '1', '3', '2', '0,1,2,', 'article', '', null, null, null, null, null, '30', '1', '1', '0', '0', '1', null, null, '1', '2013-05-27 08:00:00', '1', '2013-05-27 08:00:00', null, '0');
INSERT INTO `cms_category` VALUES ('4', '1', '3', '2', '0,1,2,', 'article', '', null, null, null, null, null, '40', '1', '1', '0', '0', '1', null, null, '1', '2013-05-27 08:00:00', '1', '2013-05-27 08:00:00', null, '0');
INSERT INTO `cms_category` VALUES ('5', '1', '3', '2', '0,1,2,', 'article', '', null, null, null, null, null, '50', '1', '1', '0', '0', '1', null, null, '1', '2013-05-27 08:00:00', '1', '2013-05-27 08:00:00', null, '0');
INSERT INTO `cms_category` VALUES ('6', '1', '3', '1', '0,1,', 'article', '', null, null, null, null, null, '20', '1', '1', '1', '1', '0', null, null, '1', '2013-05-27 08:00:00', '1', '2013-05-27 08:00:00', null, '0');
INSERT INTO `cms_category` VALUES ('7', '1', '3', '6', '0,1,6,', 'article', '', null, null, null, null, null, '30', '1', '1', '0', '1', '0', null, null, '1', '2013-05-27 08:00:00', '1', '2013-05-27 08:00:00', null, '0');
INSERT INTO `cms_category` VALUES ('8', '1', '3', '6', '0,1,6,', 'article', '', null, null, null, null, null, '40', '1', '1', '0', '1', '0', null, null, '1', '2013-05-27 08:00:00', '1', '2013-05-27 08:00:00', null, '0');
INSERT INTO `cms_category` VALUES ('9', '1', '3', '6', '0,1,6,', 'article', '', null, null, null, null, null, '50', '1', '1', '0', '1', '0', null, null, '1', '2013-05-27 08:00:00', '1', '2013-05-27 08:00:00', null, '0');
INSERT INTO `cms_category` VALUES ('10', '1', '4', '1', '0,1,', 'article', '', null, null, null, null, null, '20', '1', '1', '0', '1', '0', null, null, '1', '2013-05-27 08:00:00', '1', '2013-05-27 08:00:00', null, '0');
INSERT INTO `cms_category` VALUES ('11', '1', '4', '10', '0,1,10,', 'article', '', null, null, null, null, null, '30', '1', '1', '0', '1', '0', null, null, '1', '2013-05-27 08:00:00', '1', '2013-05-27 08:00:00', null, '0');
INSERT INTO `cms_category` VALUES ('12', '1', '4', '10', '0,1,10,', 'article', '', null, null, null, null, null, '40', '1', '1', '0', '1', '0', null, null, '1', '2013-05-27 08:00:00', '1', '2013-05-27 08:00:00', null, '0');
INSERT INTO `cms_category` VALUES ('13', '1', '4', '10', '0,1,10,', 'article', '', null, null, null, null, null, '50', '1', '1', '0', '1', '0', null, null, '1', '2013-05-27 08:00:00', '1', '2013-05-27 08:00:00', null, '0');
INSERT INTO `cms_category` VALUES ('14', '1', '4', '10', '0,1,10,', 'article', '', null, null, null, null, null, '50', '1', '1', '0', '1', '0', null, null, '1', '2013-05-27 08:00:00', '1', '2013-05-27 08:00:00', null, '0');
INSERT INTO `cms_category` VALUES ('15', '1', '4', '10', '0,1,10,', 'article', '', null, null, null, null, null, '50', '1', '1', '0', '1', '0', null, null, '1', '2013-05-27 08:00:00', '1', '2013-05-27 08:00:00', null, '0');
INSERT INTO `cms_category` VALUES ('16', '1', '4', '10', '0,1,10,', 'article', '', null, null, null, null, null, '50', '1', '1', '0', '1', '0', null, null, '1', '2013-05-27 08:00:00', '1', '2013-05-27 08:00:00', null, '0');
INSERT INTO `cms_category` VALUES ('17', '1', '4', '10', '0,1,10,', 'article', '', null, null, null, null, null, '50', '1', '1', '2', '1', '0', null, null, '1', '2013-05-27 08:00:00', '1', '2013-05-27 08:00:00', null, '0');
INSERT INTO `cms_category` VALUES ('18', '1', '5', '1', '0,1,', 'link', '', null, null, null, null, null, '90', '1', '1', '0', '1', '0', null, null, '1', '2013-05-27 08:00:00', '1', '2013-05-27 08:00:00', null, '0');
INSERT INTO `cms_category` VALUES ('19', '1', '5', '18', '0,1,18,', 'link', '', null, null, null, null, null, '50', '1', '1', '0', '1', '0', null, null, '1', '2013-05-27 08:00:00', '1', '2013-05-27 08:00:00', null, '0');
INSERT INTO `cms_category` VALUES ('20', '1', '5', '18', '0,1,18,', 'link', '', null, null, null, null, null, '50', '1', '1', '0', '1', '0', null, null, '1', '2013-05-27 08:00:00', '1', '2013-05-27 08:00:00', null, '0');
INSERT INTO `cms_category` VALUES ('21', '1', '5', '18', '0,1,18,', 'link', '', null, null, null, null, null, '50', '1', '1', '0', '1', '0', null, null, '1', '2013-05-27 08:00:00', '1', '2013-05-27 08:00:00', null, '0');
INSERT INTO `cms_category` VALUES ('22', '1', '5', '18', '0,1,18,', 'link', '', null, null, null, null, null, '50', '1', '1', '0', '1', '0', null, null, '1', '2013-05-27 08:00:00', '1', '2013-05-27 08:00:00', null, '0');
INSERT INTO `cms_category` VALUES ('23', '1', '5', '18', '0,1,18,', 'link', '', null, null, null, null, null, '50', '1', '1', '0', '1', '0', null, null, '1', '2013-05-27 08:00:00', '1', '2013-05-27 08:00:00', null, '0');
INSERT INTO `cms_category` VALUES ('24', '1', '6', '1', '0,1,', null, '', null, 'http://www.baidu.com', '_blank', null, null, '90', '1', '1', '0', '1', '0', null, null, '1', '2013-05-27 08:00:00', '1', '2013-05-27 08:00:00', null, '0');
INSERT INTO `cms_category` VALUES ('25', '1', '6', '1', '0,1,', null, '', null, '/search', null, null, null, '90', '0', '1', '0', '1', '0', null, null, '1', '2013-05-27 08:00:00', '1', '2013-05-27 08:00:00', null, '0');
INSERT INTO `cms_category` VALUES ('26', '2', '6', '1', '0,1,', 'article', '', null, null, null, null, null, '90', '1', '1', '0', '1', '0', null, null, '1', '2013-05-27 08:00:00', '1', '2013-05-27 08:00:00', null, '0');
INSERT INTO `cms_category` VALUES ('27', '1', '6', '1', '0,1,', null, '', null, '/guestbook', null, null, null, '90', '1', '1', '0', '1', '0', null, null, '1', '2013-05-27 08:00:00', '1', '2013-05-27 08:00:00', null, '0');

-- ----------------------------
-- Table structure for `cms_comment`
-- ----------------------------
DROP TABLE IF EXISTS `cms_comment`;
CREATE TABLE `cms_comment` (
  `id` bigint(20) NOT NULL AUTO_INCREMENT COMMENT '',
  `category_id` bigint(20) NOT NULL COMMENT '',
  `content_id` bigint(20) NOT NULL COMMENT 'Article.idPhoto.idDownload.id',
  `title` varchar(255) DEFAULT NULL COMMENT 'Article.titlePhoto.titleDownload.title',
  `content` varchar(255) DEFAULT NULL COMMENT '',
  `name` varchar(100) DEFAULT NULL COMMENT '',
  `ip` varchar(100) DEFAULT NULL COMMENT 'IP',
  `create_date` datetime NOT NULL COMMENT '',
  `audit_user_id` bigint(20) DEFAULT NULL COMMENT '',
  `audit_date` datetime DEFAULT NULL COMMENT '',
  `del_flag` char(1) NOT NULL DEFAULT '0' COMMENT '01',
  PRIMARY KEY (`id`),
  KEY `cms_comment_category_id` (`category_id`),
  KEY `cms_comment_content_id` (`content_id`),
  KEY `cms_comment_status` (`del_flag`),
  KEY `FKF7A9BD6972EA8D9B` (`audit_user_id`),
  KEY `FKF7A9BD69DDB5951B` (`category_id`),
  CONSTRAINT `FKF7A9BD6972EA8D9B` FOREIGN KEY (`audit_user_id`) REFERENCES `sys_user` (`id`),
  CONSTRAINT `FKF7A9BD69DDB5951B` FOREIGN KEY (`category_id`) REFERENCES `cms_category` (`id`)
) ENGINE=InnoDB DEFAULT CHARSET=utf8 COMMENT='';

-- ----------------------------
-- Records of cms_comment
-- ----------------------------

-- ----------------------------
-- Table structure for `cms_guestbook`
-- ----------------------------
DROP TABLE IF EXISTS `cms_guestbook`;
CREATE TABLE `cms_guestbook` (
  `id` bigint(20) NOT NULL AUTO_INCREMENT COMMENT '',
  `type` char(1) NOT NULL COMMENT '1234',
  `content` varchar(255) NOT NULL COMMENT '',
  `name` varchar(100) NOT NULL COMMENT '',
  `email` varchar(100) NOT NULL COMMENT '',
  `phone` varchar(100) NOT NULL COMMENT '',
  `workunit` varchar(100) NOT NULL COMMENT '',
  `ip` varchar(100) NOT NULL COMMENT 'IP',
  `create_date` datetime NOT NULL COMMENT '',
  `re_user_id` bigint(20) DEFAULT NULL COMMENT '',
  `re_date` datetime DEFAULT NULL COMMENT '',
  `re_content` varchar(100) DEFAULT NULL COMMENT '',
  `del_flag` char(1) NOT NULL DEFAULT '0' COMMENT '01',
  PRIMARY KEY (`id`),
  KEY `cms_guestbook_del_flag` (`del_flag`),
  KEY `FKD861F14B4C5127F3` (`re_user_id`),
  CONSTRAINT `FKD861F14B4C5127F3` FOREIGN KEY (`re_user_id`) REFERENCES `sys_user` (`id`)
) ENGINE=InnoDB DEFAULT CHARSET=utf8 COMMENT='';

-- ----------------------------
-- Records of cms_guestbook
-- ----------------------------

-- ----------------------------
-- Table structure for `cms_link`
-- ----------------------------
DROP TABLE IF EXISTS `cms_link`;
CREATE TABLE `cms_link` (
  `id` bigint(20) NOT NULL AUTO_INCREMENT COMMENT '',
  `category_id` bigint(20) NOT NULL COMMENT '',
  `title` varchar(255) NOT NULL COMMENT '',
  `color` varchar(50) DEFAULT NULL COMMENT 'redgreenblueyelloworange',
  `image` varchar(255) DEFAULT NULL COMMENT '',
  `href` varchar(255) DEFAULT NULL COMMENT '',
  `weight` int(11) DEFAULT '0' COMMENT '',
  `weight_date` datetime DEFAULT NULL COMMENT '0',
  `create_by` bigint(20) DEFAULT NULL COMMENT '',
  `create_date` datetime DEFAULT NULL COMMENT '',
  `update_by` bigint(20) DEFAULT NULL COMMENT '',
  `update_date` datetime DEFAULT NULL COMMENT '',
  `remarks` varchar(255) DEFAULT NULL COMMENT '',
  `del_flag` char(1) NOT NULL DEFAULT '0' COMMENT '01',
  PRIMARY KEY (`id`),
  KEY `cms_link_category_id` (`category_id`),
  KEY `cms_link_title` (`title`),
  KEY `cms_link_del_flag` (`del_flag`),
  KEY `cms_link_weight` (`weight`),
  KEY `cms_link_create_by` (`create_by`),
  KEY `cms_link_update_date` (`update_date`),
  KEY `FK7BC64D30A47CC66A` (`create_by`),
  KEY `FK7BC64D30CA3FF7D` (`update_by`),
  KEY `FK7BC64D30DDB5951B` (`category_id`),
  CONSTRAINT `FK7BC64D30A47CC66A` FOREIGN KEY (`create_by`) REFERENCES `sys_user` (`id`),
  CONSTRAINT `FK7BC64D30CA3FF7D` FOREIGN KEY (`update_by`) REFERENCES `sys_user` (`id`),
  CONSTRAINT `FK7BC64D30DDB5951B` FOREIGN KEY (`category_id`) REFERENCES `cms_category` (`id`)
) ENGINE=InnoDB AUTO_INCREMENT=13 DEFAULT CHARSET=utf8 COMMENT='';

-- ----------------------------
-- Records of cms_link
-- ----------------------------
INSERT INTO `cms_link` VALUES ('1', '19', 'JeeSite', null, null, 'http://thinkgem.github.com/jeesite', '0', null, '1', '2013-05-27 08:00:00', '1', '2013-05-27 08:00:00', null, '0');
INSERT INTO `cms_link` VALUES ('2', '19', 'ThinkGem', null, null, 'http://thinkgem.iteye.com/', '0', null, '1', '2013-05-27 08:00:00', '1', '2013-05-27 08:00:00', null, '0');
INSERT INTO `cms_link` VALUES ('3', '19', '', null, null, 'http://www.baidu.com', '0', null, '1', '2013-05-27 08:00:00', '1', '2013-05-27 08:00:00', null, '0');
INSERT INTO `cms_link` VALUES ('4', '19', '', null, null, 'http://www.google.com', '0', null, '1', '2013-05-27 08:00:00', '1', '2013-05-27 08:00:00', null, '0');
INSERT INTO `cms_link` VALUES ('5', '20', '', null, null, 'http://www.sina.com.cn', '0', null, '1', '2013-05-27 08:00:00', '1', '2013-05-27 08:00:00', null, '0');
INSERT INTO `cms_link` VALUES ('6', '20', '', null, null, 'http://www.qq.com/', '0', null, '1', '2013-05-27 08:00:00', '1', '2013-05-27 08:00:00', null, '0');
INSERT INTO `cms_link` VALUES ('7', '21', '', null, null, 'http://www.taobao.com/', '0', null, '1', '2013-05-27 08:00:00', '1', '2013-05-27 08:00:00', null, '0');
INSERT INTO `cms_link` VALUES ('8', '21', '', null, null, 'http://www.xinhuanet.com/', '0', null, '1', '2013-05-27 08:00:00', '1', '2013-05-27 08:00:00', null, '0');
INSERT INTO `cms_link` VALUES ('9', '22', '', null, null, 'http://www.ganji.com/', '0', null, '1', '2013-05-27 08:00:00', '1', '2013-05-27 08:00:00', null, '0');
INSERT INTO `cms_link` VALUES ('10', '22', '58', null, null, 'http://www.58.com/', '0', null, '1', '2013-05-27 08:00:00', '1', '2013-05-27 08:00:00', null, '0');
INSERT INTO `cms_link` VALUES ('11', '23', '', null, null, 'http://v.360.cn/', '0', null, '1', '2013-05-27 08:00:00', '1', '2013-05-27 08:00:00', null, '0');
INSERT INTO `cms_link` VALUES ('12', '23', '', null, null, 'http://www.ifeng.com/', '0', null, '1', '2013-05-27 08:00:00', '1', '2013-05-27 08:00:00', null, '0');

-- ----------------------------
-- Table structure for `cms_site`
-- ----------------------------
DROP TABLE IF EXISTS `cms_site`;
CREATE TABLE `cms_site` (
  `id` bigint(20) NOT NULL AUTO_INCREMENT COMMENT '',
  `name` varchar(100) NOT NULL COMMENT '',
  `title` varchar(100) NOT NULL COMMENT '',
  `logo` varchar(255) DEFAULT NULL COMMENT 'Logo',
  `domain` varchar(255) DEFAULT NULL COMMENT '',
  `description` varchar(255) DEFAULT NULL COMMENT '',
  `keywords` varchar(255) DEFAULT NULL COMMENT '',
  `theme` varchar(255) DEFAULT 'default' COMMENT '',
  `copyright` text COMMENT '',
  `custom_index_view` varchar(255) DEFAULT NULL COMMENT '',
  `create_by` bigint(20) DEFAULT NULL COMMENT '',
  `create_date` datetime DEFAULT NULL COMMENT '',
  `update_by` bigint(20) DEFAULT NULL COMMENT '',
  `update_date` datetime DEFAULT NULL COMMENT '',
  `remarks` varchar(255) DEFAULT NULL COMMENT '',
  `del_flag` char(1) NOT NULL DEFAULT '0' COMMENT '01',
  PRIMARY KEY (`id`),
  KEY `cms_site_del_flag` (`del_flag`),
  KEY `FK7BC97C7DA47CC66A` (`create_by`),
  KEY `FK7BC97C7DCA3FF7D` (`update_by`),
  CONSTRAINT `FK7BC97C7DA47CC66A` FOREIGN KEY (`create_by`) REFERENCES `sys_user` (`id`),
  CONSTRAINT `FK7BC97C7DCA3FF7D` FOREIGN KEY (`update_by`) REFERENCES `sys_user` (`id`)
) ENGINE=InnoDB AUTO_INCREMENT=3 DEFAULT CHARSET=utf8 COMMENT='';

-- ----------------------------
-- Records of cms_site
-- ----------------------------
INSERT INTO `cms_site` VALUES ('1', '', 'JeeSite Web', null, null, 'JeeSite', 'JeeSite', 'basic', 'Copyright &copy; 2012-2013 <a href=\'http://thinkgem.iteye.com\' target=\'_blank\'>ThinkGem</a> - Powered By <a href=\'https://github.com/thinkgem/jeesite\' target=\'_blank\'>JeeSite</a> V1.0', null, '1', '2013-05-27 08:00:00', '1', '2013-05-27 08:00:00', null, '0');
INSERT INTO `cms_site` VALUES ('2', '', 'JeeSite Subsite', null, null, 'JeeSite subsite', 'JeeSite subsite', 'basic', 'Copyright &copy; 2012-2013 <a href=\'http://thinkgem.iteye.com\' target=\'_blank\'>ThinkGem</a> - Powered By <a href=\'https://github.com/thinkgem/jeesite\' target=\'_blank\'>JeeSite</a> V1.0', null, '1', '2013-05-27 08:00:00', '1', '2013-05-27 08:00:00', null, '0');

-- ----------------------------
-- Table structure for `common_staff`
-- ----------------------------
DROP TABLE IF EXISTS `common_staff`;
CREATE TABLE `common_staff` (
  `id` int(11) NOT NULL,
  `autoreply` int(11) DEFAULT NULL,
  `balancetype` int(11) DEFAULT NULL,
  `birthday` datetime DEFAULT NULL,
  `classificationid` varchar(255) DEFAULT NULL,
  `companyaddress` varchar(255) DEFAULT NULL,
  `compay` varchar(255) DEFAULT NULL,
  `cptype` int(11) DEFAULT NULL,
  `create_time` datetime NOT NULL,
  `description` varchar(255) DEFAULT NULL,
  `discpid` varchar(255) DEFAULT NULL,
  `edu` varchar(64) DEFAULT NULL,
  `email` varchar(128) DEFAULT NULL,
  `gender` int(11) DEFAULT NULL,
  `idcard` varchar(255) DEFAULT NULL,
  `im` varchar(255) DEFAULT NULL,
  `ip` varchar(255) DEFAULT NULL,
  `isreport` int(11) DEFAULT NULL,
  `issplit` int(11) DEFAULT NULL,
  `lastactive` datetime DEFAULT NULL,
  `login_id` varchar(32) DEFAULT NULL,
  `manager` tinyint(1) DEFAULT NULL,
  `mobile` varchar(32) DEFAULT NULL,
  `msgtype` varchar(255) DEFAULT NULL,
  `organization_id` int(11) NOT NULL,
  `parentid` varchar(255) DEFAULT NULL,
  `password` varchar(64) DEFAULT NULL,
  `position_name` varchar(64) DEFAULT NULL,
  `sendarea` varchar(255) DEFAULT NULL,
  `sign` varchar(255) DEFAULT NULL,
  `staff_name` varchar(32) DEFAULT NULL,
  `staff_no` varchar(64) DEFAULT NULL,
  `status_id` int(11) NOT NULL,
  `ua` varchar(255) DEFAULT NULL,
  `userarea` varchar(255) DEFAULT NULL,
  `whitecnt` int(11) DEFAULT NULL,
  `workinglife` int(11) DEFAULT NULL,
  `workingtime` datetime DEFAULT NULL,
  PRIMARY KEY (`id`),
  UNIQUE KEY `id` (`id`)
) ENGINE=InnoDB DEFAULT CHARSET=utf8;

-- ----------------------------
-- Records of common_staff
-- ----------------------------

-- ----------------------------
-- Table structure for `common_staff_role_relation`
-- ----------------------------
DROP TABLE IF EXISTS `common_staff_role_relation`;
CREATE TABLE `common_staff_role_relation` (
  `id` int(11) NOT NULL AUTO_INCREMENT,
  `role_id` int(11) NOT NULL,
  `staff_id` int(11) NOT NULL,
  PRIMARY KEY (`id`),
  UNIQUE KEY `id` (`id`)
) ENGINE=InnoDB DEFAULT CHARSET=utf8;

-- ----------------------------
-- Records of common_staff_role_relation
-- ----------------------------

-- ----------------------------
-- Table structure for `gateway`
-- ----------------------------
DROP TABLE IF EXISTS `gateway`;
CREATE TABLE `gateway` (
  `id` bigint(20) NOT NULL AUTO_INCREMENT,
  `can_support_wappush` int(11) DEFAULT NULL,
  `connection_count` int(11) DEFAULT NULL,
  `create_time` datetime DEFAULT NULL,
  `day_send_count` bigint(20) DEFAULT NULL,
  `gate_way_api` int(11) DEFAULT NULL,
  `gate_way_type` int(11) DEFAULT NULL,
  `gateway_name` varchar(255) DEFAULT NULL,
  `operators_id` int(11) DEFAULT NULL,
  `operators_name` varchar(255) DEFAULT NULL,
  `send_sec_count` int(11) DEFAULT NULL,
  `signature` int(11) DEFAULT NULL,
  `status` int(11) DEFAULT NULL,
  `create_date` datetime DEFAULT NULL,
  `del_flag` varchar(1) DEFAULT NULL,
  `remarks` varchar(255) DEFAULT NULL,
  `update_date` datetime DEFAULT NULL,
  `create_by` bigint(20) DEFAULT NULL,
  `update_by` bigint(20) DEFAULT NULL,
  `sms_per_count` int(11) DEFAULT NULL,
  `ch_desc` varchar(255) DEFAULT NULL,
  `delivrd` double DEFAULT NULL,
  `msg_size` int(11) DEFAULT NULL,
  `packnum` int(11) DEFAULT NULL,
  `price` double DEFAULT NULL,
  `price_size` int(11) DEFAULT NULL,
  PRIMARY KEY (`id`),
  KEY `FKF4BA4644A47CC66A` (`create_by`),
  KEY `FKF4BA4644CA3FF7D` (`update_by`),
  CONSTRAINT `FKF4BA4644A47CC66A` FOREIGN KEY (`create_by`) REFERENCES `sys_user` (`id`),
  CONSTRAINT `FKF4BA4644CA3FF7D` FOREIGN KEY (`update_by`) REFERENCES `sys_user` (`id`)
) ENGINE=InnoDB AUTO_INCREMENT=5 DEFAULT CHARSET=utf8;

-- ----------------------------
-- Records of gateway
-- ----------------------------
INSERT INTO `gateway` VALUES ('1', '1', '321', '2013-07-21 02:21:50', '321', '1', '1', '001', '1', '', '15', '1', '1', null, null, null, null, null, null, '65', null, null, null, null, null, null);
INSERT INTO `gateway` VALUES ('2', '1', '321', '2013-07-21 02:21:50', '321', '1', '1', '002', '1', '', '15', '1', '1', null, null, null, null, null, null, '66', null, null, null, null, null, null);
INSERT INTO `gateway` VALUES ('3', '1', '321', '2013-07-21 02:21:50', '321', '1', '2', '003', '1', '', '15', '1', '1', null, null, null, null, null, null, '67', null, null, null, null, null, null);
INSERT INTO `gateway` VALUES ('4', '1', '321', '2013-07-21 02:21:50', '321', '1', '2', '004', '1', '', '15', '1', '1', null, null, null, null, null, null, '70', null, null, null, null, null, null);

-- ----------------------------
-- Table structure for `mms_content`
-- ----------------------------
DROP TABLE IF EXISTS `mms_content`;
CREATE TABLE `mms_content` (
  `id` int(11) NOT NULL AUTO_INCREMENT,
  `batch_id` bigint(20) DEFAULT NULL,
  `content_index` int(11) DEFAULT NULL,
  `cpid` int(11) DEFAULT NULL,
  `create_time` bigint(20) DEFAULT NULL,
  `img_path` varchar(255) DEFAULT NULL,
  `txt_path` varchar(255) DEFAULT NULL,
  PRIMARY KEY (`id`),
  UNIQUE KEY `id` (`id`)
) ENGINE=InnoDB AUTO_INCREMENT=541 DEFAULT CHARSET=utf8;

-- ----------------------------
-- Records of mms_content
-- ----------------------------
INSERT INTO `mms_content` VALUES ('468', '299', '4', '1', '1374340054175', '20130721/299/content/mms004.png', '20130721/299/content/mms/004.txt');
INSERT INTO `mms_content` VALUES ('469', '299', '5', '1', '1374340072629', '20130721/299/content/mms005.png', '20130721/299/content/mms/005.txt');
INSERT INTO `mms_content` VALUES ('470', '300', '1', '1', '1374340675514', null, '20130721/300/content/mms/001.txt');
INSERT INTO `mms_content` VALUES ('471', '301', '1', '1', '1374340957906', null, '20130721/301/content/mms/001.txt');
INSERT INTO `mms_content` VALUES ('472', '302', '1', '1', '1374346501662', null, '20130721/302/content/mms/001.txt');
INSERT INTO `mms_content` VALUES ('473', '303', '1', '1', '1374346600029', null, '20130721/303/content/mms/001.txt');
INSERT INTO `mms_content` VALUES ('474', '304', '1', '1', '1374348528708', null, '20130721/304/content/mms/001.txt');
INSERT INTO `mms_content` VALUES ('475', '305', '1', '1', '1374348728925', null, '20130721/305/content/mms/001.txt');
INSERT INTO `mms_content` VALUES ('476', '306', '1', '1', '1374348729550', null, '20130721/306/content/mms/001.txt');
INSERT INTO `mms_content` VALUES ('477', '307', '1', '1', '1374348830843', null, '20130721/307/content/mms/001.txt');
INSERT INTO `mms_content` VALUES ('478', '308', '1', '1', '1374349278660', null, '20130721/308/content/mms/001.txt');
INSERT INTO `mms_content` VALUES ('479', '309', '1', '1', '1374349570346', null, '20130721/309/content/mms/001.txt');
INSERT INTO `mms_content` VALUES ('480', '310', '1', '1', '1374458973799', null, '20130722/310/content/mms/001.txt');
INSERT INTO `mms_content` VALUES ('481', '311', '1', '1', '1374459146618', null, '20130722/311/content/mms/001.txt');
INSERT INTO `mms_content` VALUES ('482', '312', '1', '1', '1374459382146', null, '20130722/312/content/mms/001.txt');
INSERT INTO `mms_content` VALUES ('483', '313', '1', '1', '1374460098052', null, '20130722/313/content/mms/001.txt');
INSERT INTO `mms_content` VALUES ('484', '317', '1', '1', '1374550519984', null, '20130723/317/content/mms/001.txt');
INSERT INTO `mms_content` VALUES ('485', '317', '2', '1', '1374550522673', null, '20130723/317/content/mms/002.txt');
INSERT INTO `mms_content` VALUES ('486', '317', '3', '1', '1374550529213', '20130723/317/content/mms/003.jpg', '20130723/317/content/mms/003.txt');
INSERT INTO `mms_content` VALUES ('487', '317', '4', '1', '1374550542104', '20130723/317/content/mms/004.jpg', '20130723/317/content/mms/004.txt');
INSERT INTO `mms_content` VALUES ('488', '317', '5', '1', '1374550551061', '20130723/317/content/mms/005.jpg', '20130723/317/content/mms/005.txt');
INSERT INTO `mms_content` VALUES ('489', '318', '1', '1', '1374550957929', null, '20130723/318/content/mms/001.txt');
INSERT INTO `mms_content` VALUES ('490', '318', '2', '1', '1374550963316', '20130723/318/content/mms/002.jpg', '20130723/318/content/mms/002.txt');
INSERT INTO `mms_content` VALUES ('491', '318', '3', '1', '1374550971934', '20130723/318/content/mms/003.jpg', '20130723/318/content/mms/003.txt');
INSERT INTO `mms_content` VALUES ('492', '318', '4', '1', '1374550979093', '20130723/318/content/mms/004.jpg', '20130723/318/content/mms/004.txt');
INSERT INTO `mms_content` VALUES ('493', '318', '5', '1', '1374550985597', '20130723/318/content/mms/005.jpg', '20130723/318/content/mms/005.txt');
INSERT INTO `mms_content` VALUES ('494', '318', '6', '1', '1374550991628', null, '20130723/318/content/mms/006.txt');
INSERT INTO `mms_content` VALUES ('495', '319', '2', '1', '1374551476966', null, '20130723/319/content/mms/001.txt');
INSERT INTO `mms_content` VALUES ('496', '319', '1', '1', '1374551483084', '20130723/319/content/mms/002.jpg', '20130723/319/content/mms/002.txt');
INSERT INTO `mms_content` VALUES ('497', '319', '3', '1', '1374551488292', '20130723/319/content/mms/003.jpg', '20130723/319/content/mms/003.txt');
INSERT INTO `mms_content` VALUES ('498', '319', '6', '1', '1374551495152', '20130723/319/content/mms/004.jpg', '20130723/319/content/mms/004.txt');
INSERT INTO `mms_content` VALUES ('499', '319', '4', '1', '1374551497606', null, '20130723/319/content/mms/005.txt');
INSERT INTO `mms_content` VALUES ('500', '319', '5', '1', '1374551499382', null, '20130723/319/content/mms/006.txt');
INSERT INTO `mms_content` VALUES ('502', '320', '1', '1', '1374552393496', null, '20130723/320/content/mms/001.txt');
INSERT INTO `mms_content` VALUES ('503', '320', '2', '1', '1374552419597', '20130723/320/content/mms/002.jpg', '20130723/320/content/mms/002.txt');
INSERT INTO `mms_content` VALUES ('505', '320', '4', '1', '1374552433224', null, '20130723/320/content/mms/004.txt');
INSERT INTO `mms_content` VALUES ('507', '321', '1', '1', '1374553180735', null, '20130723/321/content/mms/001.txt');
INSERT INTO `mms_content` VALUES ('508', '321', '2', '1', '1374553186476', '20130723/321/content/mms/002.jpg', '20130723/321/content/mms/002.txt');
INSERT INTO `mms_content` VALUES ('509', '321', '3', '1', '1374553189985', null, '20130723/321/content/mms/003.txt');
INSERT INTO `mms_content` VALUES ('510', '321', '4', '1', '1374553198973', '20130723/321/content/mms/004.jpg', '20130723/321/content/mms/004.txt');
INSERT INTO `mms_content` VALUES ('511', '321', '5', '1', '1374553209762', null, '20130723/321/content/mms/005.txt');
INSERT INTO `mms_content` VALUES ('512', '321', '6', '1', '1374553212195', null, '20130723/321/content/mms/006.txt');
INSERT INTO `mms_content` VALUES ('513', '322', '1', '1', '1374553540701', null, '20130723/322/content/mms/001.txt');
INSERT INTO `mms_content` VALUES ('514', '322', '2', '1', '1374553548017', null, '20130723/322/content/mms/002.txt');
INSERT INTO `mms_content` VALUES ('515', '322', '3', '1', '1374553554243', '20130723/322/content/mms/003.jpg', '20130723/322/content/mms/003.txt');
INSERT INTO `mms_content` VALUES ('516', '322', '4', '1', '1374553566517', '20130723/322/content/mms/004.jpg', '20130723/322/content/mms/004.txt');
INSERT INTO `mms_content` VALUES ('517', '322', '5', '1', '1374553575018', '20130723/322/content/mms/005.jpg', '20130723/322/content/mms/005.txt');
INSERT INTO `mms_content` VALUES ('519', '324', '1', '1', '1374553870376', null, '20130723/324/content/mms/001.txt');
INSERT INTO `mms_content` VALUES ('520', '324', '4', '1', '1374553873656', null, '20130723/324/content/mms/002.txt');
INSERT INTO `mms_content` VALUES ('522', '324', '2', '1', '1374553897274', '20130723/324/content/mms/004.jpg', '20130723/324/content/mms/004.txt');
INSERT INTO `mms_content` VALUES ('523', '325', '1', '1', '1374580501270', '20130723/325/content/mms/001.jpg', '20130723/325/content/mms/001.txt');
INSERT INTO `mms_content` VALUES ('524', '326', '1', '1', '1374581171370', null, '20130723/326/content/mms/001.txt');
INSERT INTO `mms_content` VALUES ('525', '327', '1', '1', '1374653716479', null, '20130724/327/content/mms/001.txt');
INSERT INTO `mms_content` VALUES ('526', '328', '1', '1', '1374653901993', null, '20130724/328/content/mms/001.txt');
INSERT INTO `mms_content` VALUES ('527', '329', '1', '1', '1374654373639', null, '20130724/329/content/mms/001.txt');
INSERT INTO `mms_content` VALUES ('528', '330', '1', '1', '1374654532446', null, '20130724/330/content/mms/001.txt');
INSERT INTO `mms_content` VALUES ('529', '331', '1', '1', '1374654702677', null, '20130724/331/content/mms/001.txt');
INSERT INTO `mms_content` VALUES ('530', '332', '1', '1', '1374654835332', null, '20130724/332/content/mms/001.txt');
INSERT INTO `mms_content` VALUES ('531', '333', '1', '1', '1374654957900', null, '20130724/333/content/mms/001.txt');
INSERT INTO `mms_content` VALUES ('532', '334', '1', '1', '1374655584954', null, '20130724/334/content/mms/001.txt');
INSERT INTO `mms_content` VALUES ('533', '335', '1', '1', '1374655824432', null, '20130724/335/content/mms/001.txt');
INSERT INTO `mms_content` VALUES ('534', '336', '1', '1', '1374656059654', null, '20130724/336/content/mms/001.txt');
INSERT INTO `mms_content` VALUES ('535', '337', '1', '1', '1374656411816', null, '20130724/337/content/mms/001.txt');
INSERT INTO `mms_content` VALUES ('536', '338', '1', '1', '1374656876737', null, '20130724/338/content/mms/001.txt');
INSERT INTO `mms_content` VALUES ('537', '339', '1', '1', '1374657029656', null, '20130724/339/content/mms/001.txt');
INSERT INTO `mms_content` VALUES ('538', '340', '1', '1', '1374743796138', null, '20130725/340/content/mms/001.txt');
INSERT INTO `mms_content` VALUES ('539', '341', '1', '1', '1374744964743', null, '20130725/341/content/mms/001.txt');
INSERT INTO `mms_content` VALUES ('540', '342', '1', '1', '1374802797026', null, '20130726/342/content/mms/001.txt');

-- ----------------------------
-- Table structure for `oa_inv_material`
-- ----------------------------
DROP TABLE IF EXISTS `oa_inv_material`;
CREATE TABLE `oa_inv_material` (
  `id` bigint(20) NOT NULL AUTO_INCREMENT,
  `creat_time` timestamp NULL DEFAULT NULL COMMENT '',
  `creator_id` bigint(20) DEFAULT NULL COMMENT 'id',
  `modify_user` bigint(20) DEFAULT NULL COMMENT 'id',
  `modify_time` timestamp NULL DEFAULT NULL ON UPDATE CURRENT_TIMESTAMP COMMENT '',
  `material_name` varchar(255) DEFAULT NULL COMMENT '',
  `material_code` varchar(255) DEFAULT NULL COMMENT '',
  `material_manufacturer` varchar(255) DEFAULT NULL COMMENT '',
  `material_spec` varchar(255) DEFAULT NULL COMMENT '',
  `material_unit` varchar(255) DEFAULT '' COMMENT '',
  `notes` text,
  `enabled` bit(1) DEFAULT NULL,
  `material_quality` varchar(255) DEFAULT NULL COMMENT '',
  PRIMARY KEY (`id`)
) ENGINE=InnoDB DEFAULT CHARSET=utf8;

-- ----------------------------
-- Records of oa_inv_material
-- ----------------------------

-- ----------------------------
-- Table structure for `oa_leave`
-- ----------------------------
DROP TABLE IF EXISTS `oa_leave`;
CREATE TABLE `oa_leave` (
  `id` bigint(20) NOT NULL AUTO_INCREMENT COMMENT '',
  `process_instance_id` varchar(64) DEFAULT NULL COMMENT '',
  `start_time` datetime DEFAULT NULL COMMENT '',
  `end_time` datetime DEFAULT NULL COMMENT '',
  `leave_type` varchar(20) DEFAULT NULL COMMENT '',
  `reason` varchar(255) DEFAULT NULL COMMENT '',
  `apply_time` datetime DEFAULT NULL COMMENT '',
  `reality_start_time` datetime DEFAULT NULL COMMENT '',
  `reality_end_time` datetime DEFAULT NULL COMMENT '',
  `create_by` bigint(20) DEFAULT NULL COMMENT '',
  `create_date` datetime DEFAULT NULL COMMENT '',
  `update_by` bigint(20) DEFAULT NULL COMMENT '',
  `update_date` datetime DEFAULT NULL COMMENT '',
  `remarks` varchar(255) DEFAULT NULL COMMENT '',
  `del_flag` char(1) NOT NULL DEFAULT '0' COMMENT '01',
  PRIMARY KEY (`id`),
  KEY `oa_leave_create_by` (`create_by`),
  KEY `oa_leave_process_instance_id` (`process_instance_id`),
  KEY `oa_leave_del_flag` (`del_flag`),
  KEY `FKBE1C9A0AA47CC66A` (`create_by`),
  KEY `FKBE1C9A0ACA3FF7D` (`update_by`),
  CONSTRAINT `FKBE1C9A0AA47CC66A` FOREIGN KEY (`create_by`) REFERENCES `sys_user` (`id`),
  CONSTRAINT `FKBE1C9A0ACA3FF7D` FOREIGN KEY (`update_by`) REFERENCES `sys_user` (`id`)
) ENGINE=InnoDB AUTO_INCREMENT=2 DEFAULT CHARSET=utf8;

-- ----------------------------
-- Records of oa_leave
-- ----------------------------
INSERT INTO `oa_leave` VALUES ('1', '20', '2013-12-04 14:45:56', '2013-12-26 14:45:59', '1', 'kkk', null, null, null, '2', '2013-12-04 14:46:23', '2', '2013-12-04 14:46:25', null, '0');

-- ----------------------------
-- Table structure for `oa_pur_applier`
-- ----------------------------
DROP TABLE IF EXISTS `oa_pur_applier`;
CREATE TABLE `oa_pur_applier` (
  `id` bigint(20) NOT NULL AUTO_INCREMENT COMMENT '',
  `applier_no` varchar(255) DEFAULT NULL COMMENT '',
  `applier_name` varchar(255) NOT NULL COMMENT '',
  `fax` varchar(255) DEFAULT NULL COMMENT '',
  `website` varchar(255) DEFAULT NULL COMMENT '',
  `tel` varchar(255) DEFAULT NULL COMMENT '',
  `email` varchar(255) DEFAULT NULL COMMENT '',
  `worker_num` int(11) DEFAULT NULL COMMENT '',
  `applier_level` int(11) DEFAULT NULL COMMENT '',
  `applier_trade` int(11) DEFAULT NULL COMMENT '',
  `company_type` int(11) DEFAULT NULL COMMENT '',
  `business_val` int(11) DEFAULT NULL COMMENT '',
  `country` varchar(255) DEFAULT NULL COMMENT '',
  `city` varchar(255) DEFAULT '' COMMENT '',
  `street` varchar(255) DEFAULT NULL COMMENT '',
  `province` varchar(255) DEFAULT NULL COMMENT ' ',
  `zip_code` varchar(255) DEFAULT NULL COMMENT '',
  `detail` text COMMENT '',
  `statusId` int(11) DEFAULT NULL COMMENT 'IdID',
  `officerId` bigint(20) DEFAULT NULL COMMENT '',
  `creator_id` bigint(20) DEFAULT NULL COMMENT '',
  `creat_time` timestamp NULL DEFAULT NULL COMMENT '',
  `modify_user` bigint(20) DEFAULT NULL COMMENT '',
  `modify_time` timestamp NULL DEFAULT NULL ON UPDATE CURRENT_TIMESTAMP COMMENT '',
  PRIMARY KEY (`id`)
) ENGINE=InnoDB DEFAULT CHARSET=utf8;

-- ----------------------------
-- Records of oa_pur_applier
-- ----------------------------

-- ----------------------------
-- Table structure for `oa_sal_customer`
-- ----------------------------
DROP TABLE IF EXISTS `oa_sal_customer`;
CREATE TABLE `oa_sal_customer` (
  `id` bigint(20) NOT NULL AUTO_INCREMENT,
  `customer_name` varchar(512) DEFAULT NULL COMMENT '',
  `customer_address` varchar(255) DEFAULT NULL COMMENT '',
  `province` varchar(255) DEFAULT NULL COMMENT '',
  `city` varchar(255) DEFAULT NULL COMMENT '',
  `street` varchar(255) DEFAULT NULL COMMENT '',
  `level` int(11) DEFAULT NULL COMMENT '',
  `country` varchar(255) DEFAULT NULL COMMENT '',
  `creator_id` bigint(20) DEFAULT NULL COMMENT '',
  `creat_time` timestamp NULL DEFAULT NULL COMMENT '',
  `modify_user` bigint(20) DEFAULT NULL COMMENT '',
  `post_code` varchar(255) DEFAULT NULL COMMENT '',
  `fax` varchar(255) DEFAULT NULL COMMENT '',
  `modify_time` timestamp NULL DEFAULT NULL ON UPDATE CURRENT_TIMESTAMP COMMENT '',
  `tel` varchar(255) DEFAULT NULL COMMENT '',
  `officerId` bigint(20) DEFAULT NULL COMMENT 'IdID',
  `source` int(11) DEFAULT NULL COMMENT '',
  `status_id` int(11) DEFAULT NULL COMMENT 'id',
  `company_type` int(11) DEFAULT NULL COMMENT '',
  `pay_method` int(11) DEFAULT NULL COMMENT '',
  `detail` text COMMENT '',
  `customer_no` varchar(255) DEFAULT NULL COMMENT '',
  PRIMARY KEY (`id`)
) ENGINE=InnoDB DEFAULT CHARSET=utf8;

-- ----------------------------
-- Records of oa_sal_customer
-- ----------------------------

-- ----------------------------
-- Table structure for `recharge`
-- ----------------------------
DROP TABLE IF EXISTS `recharge`;
CREATE TABLE `recharge` (
  `id` bigint(20) NOT NULL AUTO_INCREMENT,
  `create_date` datetime DEFAULT NULL,
  `del_flag` varchar(1) DEFAULT NULL,
  `remarks` varchar(255) DEFAULT NULL,
  `update_date` datetime DEFAULT NULL,
  `amount` int(11) DEFAULT NULL,
  `create_by` bigint(20) DEFAULT NULL,
  `update_by` bigint(20) DEFAULT NULL,
  `channel_id` bigint(20) DEFAULT NULL,
  `user_id` bigint(20) DEFAULT NULL,
  `gateway_id` bigint(20) DEFAULT NULL,
  PRIMARY KEY (`id`),
  KEY `FKCFF27EA7A47CC66A` (`create_by`),
  KEY `FKCFF27EA7CA3FF7D` (`update_by`),
  KEY `FKCFF27EA75D88CE63` (`channel_id`),
  KEY `FKCFF27EA7780D55FF` (`user_id`),
  KEY `FKCFF27EA75BA5F8D5` (`gateway_id`),
  CONSTRAINT `FKCFF27EA75BA5F8D5` FOREIGN KEY (`gateway_id`) REFERENCES `gateway` (`id`),
  CONSTRAINT `FKCFF27EA75D88CE63` FOREIGN KEY (`channel_id`) REFERENCES `sys_channel_info` (`channel_id`),
  CONSTRAINT `FKCFF27EA7780D55FF` FOREIGN KEY (`user_id`) REFERENCES `sys_user` (`id`),
  CONSTRAINT `FKCFF27EA7A47CC66A` FOREIGN KEY (`create_by`) REFERENCES `sys_user` (`id`),
  CONSTRAINT `FKCFF27EA7CA3FF7D` FOREIGN KEY (`update_by`) REFERENCES `sys_user` (`id`)
) ENGINE=InnoDB DEFAULT CHARSET=utf8;

-- ----------------------------
-- Records of recharge
-- ----------------------------

-- ----------------------------
-- Table structure for `recharge_history`
-- ----------------------------
DROP TABLE IF EXISTS `recharge_history`;
CREATE TABLE `recharge_history` (
  `id` bigint(20) NOT NULL AUTO_INCREMENT,
  `create_date` datetime DEFAULT NULL,
  `del_flag` varchar(1) DEFAULT NULL,
  `remarks` varchar(255) DEFAULT NULL,
  `update_date` datetime DEFAULT NULL,
  `amount` int(11) DEFAULT NULL,
  `operation` int(11) DEFAULT NULL,
  `create_by` bigint(20) DEFAULT NULL,
  `update_by` bigint(20) DEFAULT NULL,
  `channelid` bigint(20) DEFAULT NULL,
  `userid` bigint(20) DEFAULT NULL,
  `gateway_id` bigint(20) DEFAULT NULL,
  PRIMARY KEY (`id`),
  KEY `FKE90872FCA47CC66A` (`create_by`),
  KEY `FKE90872FCCA3FF7D` (`update_by`),
  KEY `FKE90872FC27BEF1EA` (`channelid`),
  KEY `FKE90872FC4EFD9A16` (`userid`),
  KEY `FKE90872FC5BA5F8D5` (`gateway_id`),
  CONSTRAINT `FKE90872FC27BEF1EA` FOREIGN KEY (`channelid`) REFERENCES `sys_channel_info` (`channel_id`),
  CONSTRAINT `FKE90872FC4EFD9A16` FOREIGN KEY (`userid`) REFERENCES `sys_user` (`id`),
  CONSTRAINT `FKE90872FC5BA5F8D5` FOREIGN KEY (`gateway_id`) REFERENCES `gateway` (`id`),
  CONSTRAINT `FKE90872FCA47CC66A` FOREIGN KEY (`create_by`) REFERENCES `sys_user` (`id`),
  CONSTRAINT `FKE90872FCCA3FF7D` FOREIGN KEY (`update_by`) REFERENCES `sys_user` (`id`)
) ENGINE=InnoDB AUTO_INCREMENT=8 DEFAULT CHARSET=utf8;

-- ----------------------------
-- Records of recharge_history
-- ----------------------------
INSERT INTO `recharge_history` VALUES ('1', '2013-07-04 14:20:09', '0', null, '2013-07-04 14:20:09', '12', '2', '1', '1', '1', '70', null);
INSERT INTO `recharge_history` VALUES ('2', '2013-07-04 14:37:06', '0', null, '2013-07-04 14:37:06', '5', '2', '1', '1', '1', '50', null);
INSERT INTO `recharge_history` VALUES ('3', '2013-07-04 14:37:24', '0', null, '2013-07-04 14:37:24', '3', '1', '1', '1', '1', '50', null);
INSERT INTO `recharge_history` VALUES ('4', '2013-07-04 15:48:18', '0', null, '2013-07-04 15:48:18', '22', '2', '1', '1', '1', '50', null);
INSERT INTO `recharge_history` VALUES ('5', '2013-07-05 16:12:58', '0', null, '2013-07-05 16:12:58', '12', '2', '1', '1', '1', '1', null);
INSERT INTO `recharge_history` VALUES ('6', '2013-07-05 16:13:10', '0', null, '2013-07-05 16:13:10', '54', '1', '1', '1', '1', '1', null);
INSERT INTO `recharge_history` VALUES ('7', '2013-07-22 18:27:28', '0', null, '2013-07-22 18:27:28', '222222', '0', '78', '78', null, '77', '2');

-- ----------------------------
-- Table structure for `sys_area`
-- ----------------------------
DROP TABLE IF EXISTS `sys_area`;
CREATE TABLE `sys_area` (
  `id` bigint(20) NOT NULL AUTO_INCREMENT COMMENT '',
  `parent_id` bigint(20) NOT NULL COMMENT '',
  `parent_ids` varchar(255) NOT NULL COMMENT '',
  `code` varchar(100) DEFAULT NULL COMMENT '',
  `name` varchar(100) NOT NULL COMMENT '',
  `type` char(1) DEFAULT NULL COMMENT '1234',
  `create_by` bigint(20) DEFAULT NULL COMMENT '',
  `create_date` datetime DEFAULT NULL COMMENT '',
  `update_by` bigint(20) DEFAULT NULL COMMENT '',
  `update_date` datetime DEFAULT NULL COMMENT '',
  `remarks` varchar(255) DEFAULT NULL COMMENT '',
  `del_flag` char(1) NOT NULL DEFAULT '0' COMMENT '01',
  PRIMARY KEY (`id`),
  KEY `sys_area_parent_id` (`parent_id`),
  KEY `sys_area_parent_ids` (`parent_ids`),
  KEY `sys_area_del_flag` (`del_flag`),
  KEY `FK749F02BFA47CC66A` (`create_by`),
  KEY `FK749F02BFCA3FF7D` (`update_by`),
  CONSTRAINT `FK749F02BFA47CC66A` FOREIGN KEY (`create_by`) REFERENCES `sys_user` (`id`),
  CONSTRAINT `FK749F02BFCA3FF7D` FOREIGN KEY (`update_by`) REFERENCES `sys_user` (`id`)
) ENGINE=InnoDB AUTO_INCREMENT=15 DEFAULT CHARSET=utf8 COMMENT='';

-- ----------------------------
-- Records of sys_area
-- ----------------------------
INSERT INTO `sys_area` VALUES ('1', '0', '0,', '100000', '', '1', '1', '2013-05-27 08:00:00', '1', '2013-05-27 08:00:00', null, '0');
INSERT INTO `sys_area` VALUES ('2', '1', '0,1,', '110000', '', '2', '1', '2013-05-27 08:00:00', '1', '2013-05-27 08:00:00', null, '0');
INSERT INTO `sys_area` VALUES ('3', '2', '0,1,2,', '110101', '', '4', '1', '2013-05-27 08:00:00', '1', '2013-05-27 08:00:00', null, '0');
INSERT INTO `sys_area` VALUES ('4', '2', '0,1,2,', '110102', '', '4', '1', '2013-05-27 08:00:00', '1', '2013-05-27 08:00:00', null, '0');
INSERT INTO `sys_area` VALUES ('5', '2', '0,1,2,', '110103', '', '4', '1', '2013-05-27 08:00:00', '1', '2013-05-27 08:00:00', null, '0');
INSERT INTO `sys_area` VALUES ('6', '2', '0,1,2,', '110104', '', '4', '1', '2013-05-27 08:00:00', '1', '2013-05-27 08:00:00', null, '0');
INSERT INTO `sys_area` VALUES ('7', '2', '0,1,2,', '110105', '', '4', '1', '2013-05-27 08:00:00', '1', '2013-05-27 08:00:00', null, '0');
INSERT INTO `sys_area` VALUES ('8', '1', '0,1,', '370000', '', '2', '1', '2013-05-27 08:00:00', '1', '2013-05-27 08:00:00', null, '0');
INSERT INTO `sys_area` VALUES ('9', '8', '0,1,2,', '370531', '', '3', '1', '2013-05-27 08:00:00', '1', '2013-05-27 08:00:00', null, '0');
INSERT INTO `sys_area` VALUES ('10', '8', '0,1,2,', '370532', '', '4', '1', '2013-05-27 08:00:00', '1', '2013-05-27 08:00:00', null, '0');
INSERT INTO `sys_area` VALUES ('11', '8', '0,1,2,', '370533', '', '4', '1', '2013-05-27 08:00:00', '1', '2013-05-27 08:00:00', null, '0');
INSERT INTO `sys_area` VALUES ('12', '8', '0,1,2,', '370534', '', '4', '1', '2013-05-27 08:00:00', '1', '2013-05-27 08:00:00', null, '0');
INSERT INTO `sys_area` VALUES ('13', '8', '0,1,2,', '370535', '', '4', '1', '2013-05-27 08:00:00', '1', '2013-05-27 08:00:00', null, '0');
INSERT INTO `sys_area` VALUES ('14', '8', '0,1,2,', '370536', '', '4', '1', '2013-05-27 08:00:00', '1', '2013-05-27 08:00:00', null, '0');

-- ----------------------------
-- Table structure for `sys_channel_info`
-- ----------------------------
DROP TABLE IF EXISTS `sys_channel_info`;
CREATE TABLE `sys_channel_info` (
  `channel_id` bigint(11) NOT NULL AUTO_INCREMENT,
  `channel_name` varchar(50) NOT NULL,
  `channel_type` int(11) DEFAULT '1',
  `channel_status` int(11) unsigned zerofill NOT NULL DEFAULT '00000000001',
  `create_date` datetime DEFAULT NULL,
  `del_flag` varchar(1) DEFAULT NULL,
  `remarks` varchar(255) DEFAULT NULL,
  `update_date` datetime DEFAULT NULL,
  `create_by` bigint(20) DEFAULT NULL,
  `update_by` bigint(20) DEFAULT NULL,
  PRIMARY KEY (`channel_id`),
  KEY `FKC1A22A9CA47CC66A` (`create_by`),
  KEY `FKC1A22A9CCA3FF7D` (`update_by`),
  CONSTRAINT `FKC1A22A9CA47CC66A` FOREIGN KEY (`create_by`) REFERENCES `sys_user` (`id`),
  CONSTRAINT `FKC1A22A9CCA3FF7D` FOREIGN KEY (`update_by`) REFERENCES `sys_user` (`id`)
) ENGINE=InnoDB AUTO_INCREMENT=3 DEFAULT CHARSET=utf8;

-- ----------------------------
-- Records of sys_channel_info
-- ----------------------------
INSERT INTO `sys_channel_info` VALUES ('1', 'test', '1', '00000000001', null, null, null, null, null, null);
INSERT INTO `sys_channel_info` VALUES ('2', '123', '1', '00000000001', null, null, null, null, null, null);

-- ----------------------------
-- Table structure for `sys_charge_warning`
-- ----------------------------
DROP TABLE IF EXISTS `sys_charge_warning`;
CREATE TABLE `sys_charge_warning` (
  `id` int(11) NOT NULL AUTO_INCREMENT,
  `mobilemsg` tinyint(1) NOT NULL,
  `sitemsg` tinyint(1) NOT NULL,
  `telemsg` tinyint(1) NOT NULL,
  `warning_ceil` int(11) NOT NULL,
  `user_id` bigint(20) DEFAULT NULL,
  PRIMARY KEY (`id`),
  KEY `FK290E20C3780D55FF` (`user_id`),
  CONSTRAINT `FK290E20C3780D55FF` FOREIGN KEY (`user_id`) REFERENCES `sys_user` (`id`)
) ENGINE=InnoDB AUTO_INCREMENT=6 DEFAULT CHARSET=utf8;

-- ----------------------------
-- Records of sys_charge_warning
-- ----------------------------
INSERT INTO `sys_charge_warning` VALUES ('1', '0', '0', '0', '120', null);
INSERT INTO `sys_charge_warning` VALUES ('2', '0', '0', '0', '120', null);
INSERT INTO `sys_charge_warning` VALUES ('3', '1', '1', '1', '120', null);
INSERT INTO `sys_charge_warning` VALUES ('4', '1', '1', '1', '120', null);
INSERT INTO `sys_charge_warning` VALUES ('5', '1', '1', '1', '120', '1');

-- ----------------------------
-- Table structure for `sys_dict`
-- ----------------------------
DROP TABLE IF EXISTS `sys_dict`;
CREATE TABLE `sys_dict` (
  `id` bigint(20) NOT NULL AUTO_INCREMENT COMMENT '',
  `label` varchar(100) NOT NULL COMMENT '',
  `value` varchar(100) NOT NULL COMMENT '',
  `type` varchar(100) NOT NULL COMMENT '',
  `description` varchar(100) NOT NULL COMMENT '',
  `sort` int(11) NOT NULL COMMENT '',
  `create_by` bigint(20) DEFAULT NULL COMMENT '',
  `create_date` datetime DEFAULT NULL COMMENT '',
  `update_by` bigint(20) DEFAULT NULL COMMENT '',
  `update_date` datetime DEFAULT NULL COMMENT '',
  `remarks` varchar(255) DEFAULT NULL COMMENT '',
  `del_flag` char(1) NOT NULL DEFAULT '0' COMMENT '01',
  PRIMARY KEY (`id`),
  KEY `sys_dict_value` (`value`),
  KEY `sys_dict_label` (`label`),
  KEY `sys_dict_del_flag` (`del_flag`),
  KEY `FK74A03DE8A47CC66A` (`create_by`),
  KEY `FK74A03DE8CA3FF7D` (`update_by`),
  CONSTRAINT `FK74A03DE8A47CC66A` FOREIGN KEY (`create_by`) REFERENCES `sys_user` (`id`),
  CONSTRAINT `FK74A03DE8CA3FF7D` FOREIGN KEY (`update_by`) REFERENCES `sys_user` (`id`)
) ENGINE=InnoDB AUTO_INCREMENT=64 DEFAULT CHARSET=utf8 COMMENT='';

-- ----------------------------
-- Records of sys_dict
-- ----------------------------
INSERT INTO `sys_dict` VALUES ('1', '', '0', 'del_flag', '', '10', '1', '2013-05-27 08:00:00', '1', '2013-05-27 08:00:00', null, '0');
INSERT INTO `sys_dict` VALUES ('2', '', '1', 'del_flag', '', '20', '1', '2013-05-27 08:00:00', '1', '2013-05-27 08:00:00', null, '0');
INSERT INTO `sys_dict` VALUES ('3', '', '1', 'show_hide', '/', '10', '1', '2013-05-27 08:00:00', '1', '2013-05-27 08:00:00', null, '0');
INSERT INTO `sys_dict` VALUES ('4', '', '0', 'show_hide', '/', '20', '1', '2013-05-27 08:00:00', '1', '2013-05-27 08:00:00', null, '0');
INSERT INTO `sys_dict` VALUES ('5', '', '1', 'yes_no', '/', '10', '1', '2013-05-27 08:00:00', '1', '2013-05-27 08:00:00', null, '0');
INSERT INTO `sys_dict` VALUES ('6', '', '0', 'yes_no', '/', '20', '1', '2013-05-27 08:00:00', '1', '2013-05-27 08:00:00', null, '0');
INSERT INTO `sys_dict` VALUES ('7', '', 'red', 'color', '', '10', '1', '2013-05-27 08:00:00', '1', '2013-05-27 08:00:00', null, '0');
INSERT INTO `sys_dict` VALUES ('8', '', 'green', 'color', '', '20', '1', '2013-05-27 08:00:00', '1', '2013-05-27 08:00:00', null, '0');
INSERT INTO `sys_dict` VALUES ('9', '', 'blue', 'color', '', '30', '1', '2013-05-27 08:00:00', '1', '2013-05-27 08:00:00', null, '0');
INSERT INTO `sys_dict` VALUES ('10', '', 'yellow', 'color', '', '40', '1', '2013-05-27 08:00:00', '1', '2013-05-27 08:00:00', null, '0');
INSERT INTO `sys_dict` VALUES ('11', '', 'orange', 'color', '', '50', '1', '2013-05-27 08:00:00', '1', '2013-05-27 08:00:00', null, '0');
INSERT INTO `sys_dict` VALUES ('12', '', 'default', 'theme', '', '10', '1', '2013-05-27 08:00:00', '1', '2013-05-27 08:00:00', null, '0');
INSERT INTO `sys_dict` VALUES ('13', '', 'cerulean', 'theme', '', '20', '1', '2013-05-27 08:00:00', '1', '2013-05-27 08:00:00', null, '0');
INSERT INTO `sys_dict` VALUES ('14', '', 'readable', 'theme', '', '30', '1', '2013-05-27 08:00:00', '1', '2013-05-27 08:00:00', null, '0');
INSERT INTO `sys_dict` VALUES ('15', '', 'united', 'theme', '', '40', '1', '2013-05-27 08:00:00', '1', '2013-05-27 08:00:00', null, '0');
INSERT INTO `sys_dict` VALUES ('16', 'Flat', 'flat', 'theme', '', '60', '1', '2013-05-27 08:00:00', '1', '2013-05-27 08:00:00', null, '0');
INSERT INTO `sys_dict` VALUES ('17', '', '1', 'sys_area_type', '', '10', '1', '2013-05-27 08:00:00', '1', '2013-05-27 08:00:00', null, '0');
INSERT INTO `sys_dict` VALUES ('18', '', '2', 'sys_area_type', '', '20', '1', '2013-05-27 08:00:00', '1', '2013-05-27 08:00:00', null, '0');
INSERT INTO `sys_dict` VALUES ('19', '', '3', 'sys_area_type', '', '30', '1', '2013-05-27 08:00:00', '1', '2013-05-27 08:00:00', null, '0');
INSERT INTO `sys_dict` VALUES ('20', '', '4', 'sys_area_type', '', '40', '1', '2013-05-27 08:00:00', '1', '2013-05-27 08:00:00', null, '0');
INSERT INTO `sys_dict` VALUES ('21', '', '1', 'sys_office_type', '', '60', '1', '2013-05-27 08:00:00', '1', '2013-05-27 08:00:00', null, '0');
INSERT INTO `sys_dict` VALUES ('22', '', '2', 'sys_office_type', '', '70', '1', '2013-05-27 08:00:00', '1', '2013-05-27 08:00:00', null, '0');
INSERT INTO `sys_dict` VALUES ('23', '', '1', 'sys_office_grade', '', '10', '1', '2013-05-27 08:00:00', '1', '2013-05-27 08:00:00', null, '0');
INSERT INTO `sys_dict` VALUES ('24', '', '2', 'sys_office_grade', '', '20', '1', '2013-05-27 08:00:00', '1', '2013-05-27 08:00:00', null, '0');
INSERT INTO `sys_dict` VALUES ('25', '', '3', 'sys_office_grade', '', '30', '1', '2013-05-27 08:00:00', '1', '2013-05-27 08:00:00', null, '0');
INSERT INTO `sys_dict` VALUES ('26', '', '4', 'sys_office_grade', '', '40', '1', '2013-05-27 08:00:00', '1', '2013-05-27 08:00:00', null, '0');
INSERT INTO `sys_dict` VALUES ('27', '', '1', 'sys_data_scope', '', '10', '1', '2013-05-27 08:00:00', '1', '2013-05-27 08:00:00', null, '0');
INSERT INTO `sys_dict` VALUES ('28', '', '2', 'sys_data_scope', '', '20', '1', '2013-05-27 08:00:00', '1', '2013-05-27 08:00:00', null, '0');
INSERT INTO `sys_dict` VALUES ('29', '', '3', 'sys_data_scope', '', '30', '1', '2013-05-27 08:00:00', '1', '2013-05-27 08:00:00', null, '0');
INSERT INTO `sys_dict` VALUES ('30', '', '4', 'sys_data_scope', '', '40', '1', '2013-05-27 08:00:00', '1', '2013-05-27 08:00:00', null, '0');
INSERT INTO `sys_dict` VALUES ('31', '', '5', 'sys_data_scope', '', '50', '1', '2013-05-27 08:00:00', '1', '2013-05-27 08:00:00', null, '0');
INSERT INTO `sys_dict` VALUES ('32', '', '8', 'sys_data_scope', '', '90', '1', '2013-05-27 08:00:00', '1', '2013-05-27 08:00:00', null, '0');
INSERT INTO `sys_dict` VALUES ('33', '', '9', 'sys_data_scope', '', '100', '1', '2013-05-27 08:00:00', '1', '2013-05-27 08:00:00', null, '0');
INSERT INTO `sys_dict` VALUES ('34', '', '1', 'sys_user_type', '', '10', '1', '2013-05-27 08:00:00', '1', '2013-05-27 08:00:00', null, '0');
INSERT INTO `sys_dict` VALUES ('35', '', '2', 'sys_user_type', '', '20', '1', '2013-05-27 08:00:00', '1', '2013-05-27 08:00:00', null, '0');
INSERT INTO `sys_dict` VALUES ('36', '', '3', 'sys_user_type', '', '30', '1', '2013-05-27 08:00:00', '1', '2013-05-27 08:00:00', null, '0');
INSERT INTO `sys_dict` VALUES ('37', '', 'basic', 'cms_theme', '', '10', '1', '2013-05-27 08:00:00', '1', '2013-05-27 08:00:00', null, '0');
INSERT INTO `sys_dict` VALUES ('38', '', 'blue', 'cms_theme', '', '20', '1', '2013-05-27 08:00:00', '1', '2013-05-27 08:00:00', null, '1');
INSERT INTO `sys_dict` VALUES ('39', '', 'red', 'cms_theme', '', '30', '1', '2013-05-27 08:00:00', '1', '2013-05-27 08:00:00', null, '1');
INSERT INTO `sys_dict` VALUES ('40', '', 'article', 'cms_module', '', '10', '1', '2013-05-27 08:00:00', '1', '2013-05-27 08:00:00', null, '0');
INSERT INTO `sys_dict` VALUES ('41', '', 'picture', 'cms_module', '', '20', '1', '2013-05-27 08:00:00', '1', '2013-05-27 08:00:00', null, '1');
INSERT INTO `sys_dict` VALUES ('42', '', 'download', 'cms_module', '', '30', '1', '2013-05-27 08:00:00', '1', '2013-05-27 08:00:00', null, '1');
INSERT INTO `sys_dict` VALUES ('43', '', 'link', 'cms_module', '', '40', '1', '2013-05-27 08:00:00', '1', '2013-05-27 08:00:00', null, '0');
INSERT INTO `sys_dict` VALUES ('44', '', 'special', 'cms_module', '', '50', '1', '2013-05-27 08:00:00', '1', '2013-05-27 08:00:00', null, '1');
INSERT INTO `sys_dict` VALUES ('45', '', '0', 'cms_show_modes', '', '10', '1', '2013-05-27 08:00:00', '1', '2013-05-27 08:00:00', null, '0');
INSERT INTO `sys_dict` VALUES ('46', '', '1', 'cms_show_modes', '', '20', '1', '2013-05-27 08:00:00', '1', '2013-05-27 08:00:00', null, '0');
INSERT INTO `sys_dict` VALUES ('47', '', '2', 'cms_show_modes', '', '30', '1', '2013-05-27 08:00:00', '1', '2013-05-27 08:00:00', null, '0');
INSERT INTO `sys_dict` VALUES ('48', '', '0', 'cms_del_flag', '', '10', '1', '2013-05-27 08:00:00', '1', '2013-05-27 08:00:00', null, '0');
INSERT INTO `sys_dict` VALUES ('49', '', '1', 'cms_del_flag', '', '20', '1', '2013-05-27 08:00:00', '1', '2013-05-27 08:00:00', null, '0');
INSERT INTO `sys_dict` VALUES ('50', '', '2', 'cms_del_flag', '', '15', '1', '2013-05-27 08:00:00', '1', '2013-05-27 08:00:00', null, '0');
INSERT INTO `sys_dict` VALUES ('51', '', '1', 'cms_posid', '', '10', '1', '2013-05-27 08:00:00', '1', '2013-05-27 08:00:00', null, '0');
INSERT INTO `sys_dict` VALUES ('52', '', '2', 'cms_posid', '', '20', '1', '2013-05-27 08:00:00', '1', '2013-05-27 08:00:00', null, '0');
INSERT INTO `sys_dict` VALUES ('53', '', '1', 'cms_guestbook', '', '10', '1', '2013-05-27 08:00:00', '1', '2013-05-27 08:00:00', null, '0');
INSERT INTO `sys_dict` VALUES ('54', '', '2', 'cms_guestbook', '', '20', '1', '2013-05-27 08:00:00', '1', '2013-05-27 08:00:00', null, '0');
INSERT INTO `sys_dict` VALUES ('55', '', '3', 'cms_guestbook', '', '30', '1', '2013-05-27 08:00:00', '1', '2013-05-27 08:00:00', null, '0');
INSERT INTO `sys_dict` VALUES ('56', '', '4', 'cms_guestbook', '', '40', '1', '2013-05-27 08:00:00', '1', '2013-05-27 08:00:00', null, '0');
INSERT INTO `sys_dict` VALUES ('57', '', '1', 'oa_leave_type', '', '10', '1', '2013-05-27 08:00:00', '1', '2013-05-27 08:00:00', null, '0');
INSERT INTO `sys_dict` VALUES ('58', '', '2', 'oa_leave_type', '', '20', '1', '2013-05-27 08:00:00', '1', '2013-05-27 08:00:00', null, '0');
INSERT INTO `sys_dict` VALUES ('59', '', '3', 'oa_leave_type', '', '30', '1', '2013-05-27 08:00:00', '1', '2013-05-27 08:00:00', null, '0');
INSERT INTO `sys_dict` VALUES ('60', '', '4', 'oa_leave_type', '', '40', '1', '2013-05-27 08:00:00', '1', '2013-05-27 08:00:00', null, '0');
INSERT INTO `sys_dict` VALUES ('61', '', '5', 'oa_leave_type', '', '60', '1', '2013-05-27 08:00:00', '1', '2013-05-27 08:00:00', null, '0');
INSERT INTO `sys_dict` VALUES ('62', '', '1', 'sys_log_type', '', '30', '1', '2013-06-03 08:00:00', '1', '2013-06-03 08:00:00', null, '0');
INSERT INTO `sys_dict` VALUES ('63', '', '2', 'sys_log_type', '', '40', '1', '2013-06-03 08:00:00', '1', '2013-06-03 08:00:00', null, '0');

-- ----------------------------
-- Table structure for `sys_log`
-- ----------------------------
DROP TABLE IF EXISTS `sys_log`;
CREATE TABLE `sys_log` (
  `id` bigint(20) NOT NULL AUTO_INCREMENT COMMENT '',
  `type` char(1) DEFAULT '1' COMMENT '12',
  `create_by` bigint(20) DEFAULT NULL COMMENT '',
  `create_date` datetime DEFAULT NULL COMMENT '',
  `remote_addr` varchar(255) DEFAULT NULL COMMENT 'IP',
  `user_agent` varchar(255) DEFAULT NULL COMMENT '',
  `request_uri` varchar(255) DEFAULT NULL COMMENT 'URI',
  `method` varchar(5) DEFAULT NULL COMMENT '',
  `params` text COMMENT '',
  `exception` text COMMENT '',
  PRIMARY KEY (`id`),
  KEY `sys_log_create_by` (`create_by`),
  KEY `sys_log_request_uri` (`request_uri`),
  KEY `sys_log_type` (`type`),
  KEY `sys_log_create_date` (`create_date`),
  KEY `FK986862D2A47CC66A` (`create_by`),
  CONSTRAINT `FK986862D2A47CC66A` FOREIGN KEY (`create_by`) REFERENCES `sys_user` (`id`)
) ENGINE=InnoDB AUTO_INCREMENT=13 DEFAULT CHARSET=utf8;

-- ----------------------------
-- Records of sys_log
-- ----------------------------
INSERT INTO `sys_log` VALUES ('1', '1', '2', '2013-12-04 14:46:25', '0:0:0:0:0:0:0:1', 'Mozilla/5.0 (Windows NT 6.1; WOW64; rv:25.0) Gecko/20100101 Firefox/25.0', '/jeesite/a/oa/leave/save', 'POST', 'id=&startTime=2013-12-04 14:45:56&reason=kkk&endTime=2013-12-26 14:45:59&leaveType=1', '');
INSERT INTO `sys_log` VALUES ('2', '1', '2', '2013-12-04 14:52:08', '0:0:0:0:0:0:0:1', 'Mozilla/5.0 (Windows NT 6.1; WOW64; rv:25.0) Gecko/20100101 Firefox/25.0', '/jeesite/a/sys/menu/save', 'POST', 'id=&icon=&sort=30&parent.id=1&name=demo&target=&permission=&href=&parent.name=&isShow=1', '');
INSERT INTO `sys_log` VALUES ('3', '1', '2', '2013-12-04 14:55:08', '0:0:0:0:0:0:0:1', 'Mozilla/5.0 (Windows NT 6.1; WOW64; rv:25.0) Gecko/20100101 Firefox/25.0', '/jeesite/a/sys/menu/save', 'POST', 'id=&icon=&sort=30&parent.id=1&name=demo&target=&permission=&href=test&parent.name=&isShow=1', '');
INSERT INTO `sys_log` VALUES ('4', '1', '2', '2013-12-04 14:57:20', '0:0:0:0:0:0:0:1', 'Mozilla/5.0 (Windows NT 6.1; WOW64; rv:25.0) Gecko/20100101 Firefox/25.0', '/jeesite/a/sys/menu/save', 'POST', 'id=&icon=signal&sort=30&parent.id=1&name=12333&target=&permission=&href=&parent.name=&isShow=1', '');
INSERT INTO `sys_log` VALUES ('5', '1', '2', '2013-12-04 15:11:14', '0:0:0:0:0:0:0:1', 'Mozilla/5.0 (Windows NT 6.1; WOW64; rv:25.0) Gecko/20100101 Firefox/25.0', '/jeesite/a/sys/menu/save', 'POST', 'id=&icon=time&sort=30&parent.id=27&name=yyyy&target=&permission=&href=&parent.name=&isShow=1', '');
INSERT INTO `sys_log` VALUES ('6', '1', '2', '2013-12-04 15:14:41', '0:0:0:0:0:0:0:1', 'Mozilla/5.0 (Windows NT 6.1; WOW64; rv:25.0) Gecko/20100101 Firefox/25.0', '/jeesite/a/sys/menu/save', 'POST', 'id=&icon=&sort=30&parent.id=2&name=yyyyuuuuu&target=&permission=&href=&parent.name=&isShow=1', '');
INSERT INTO `sys_log` VALUES ('7', '1', '1', '2013-12-09 13:29:52', '0:0:0:0:0:0:0:1', 'Mozilla/5.0 (Windows NT 6.1; WOW64) AppleWebKit/537.36 (KHTML, like Gecko) Chrome/30.0.1599.69 Safari/537.36', '/jeesite/a/sys/menu/delete', 'GET', 'id=71', '');
INSERT INTO `sys_log` VALUES ('8', '1', '1', '2013-12-09 13:29:55', '0:0:0:0:0:0:0:1', 'Mozilla/5.0 (Windows NT 6.1; WOW64) AppleWebKit/537.36 (KHTML, like Gecko) Chrome/30.0.1599.69 Safari/537.36', '/jeesite/a/sys/menu/delete', 'GET', 'id=72', '');
INSERT INTO `sys_log` VALUES ('9', '1', '1', '2013-12-09 13:29:59', '0:0:0:0:0:0:0:1', 'Mozilla/5.0 (Windows NT 6.1; WOW64) AppleWebKit/537.36 (KHTML, like Gecko) Chrome/30.0.1599.69 Safari/537.36', '/jeesite/a/sys/menu/delete', 'GET', 'id=73', '');
INSERT INTO `sys_log` VALUES ('10', '1', '1', '2013-12-09 13:30:02', '0:0:0:0:0:0:0:1', 'Mozilla/5.0 (Windows NT 6.1; WOW64) AppleWebKit/537.36 (KHTML, like Gecko) Chrome/30.0.1599.69 Safari/537.36', '/jeesite/a/sys/menu/delete', 'GET', 'id=74', '');
INSERT INTO `sys_log` VALUES ('11', '1', '1', '2013-12-09 13:45:35', '0:0:0:0:0:0:0:1', 'Mozilla/5.0 (Windows NT 6.1; WOW64) AppleWebKit/537.36 (KHTML, like Gecko) Chrome/30.0.1599.69 Safari/537.36', '/jeesite/a/oa/workflow/process/delete', 'GET', 'deploymentId=101', '');
INSERT INTO `sys_log` VALUES ('12', '1', '1', '2013-12-09 13:58:45', '0:0:0:0:0:0:0:1', 'Mozilla/5.0 (Windows NT 6.1; WOW64) AppleWebKit/537.36 (KHTML, like Gecko) Chrome/30.0.1599.69 Safari/537.36', '/jeesite/a/oa/workflow/process/delete', 'GET', 'deploymentId=1', '');

-- ----------------------------
-- Table structure for `sys_mdict`
-- ----------------------------
DROP TABLE IF EXISTS `sys_mdict`;
CREATE TABLE `sys_mdict` (
  `id` bigint(20) NOT NULL AUTO_INCREMENT COMMENT '',
  `parent_id` bigint(20) NOT NULL COMMENT '',
  `parent_ids` varchar(255) NOT NULL COMMENT '',
  `name` varchar(100) NOT NULL COMMENT '',
  `description` varchar(100) DEFAULT NULL COMMENT '',
  `sort` int(11) DEFAULT NULL COMMENT '',
  `create_by` bigint(20) DEFAULT NULL COMMENT '',
  `create_date` datetime DEFAULT NULL COMMENT '',
  `update_by` bigint(20) DEFAULT NULL COMMENT '',
  `update_date` datetime DEFAULT NULL COMMENT '',
  `remarks` varchar(255) DEFAULT NULL COMMENT '',
  `del_flag` char(1) NOT NULL DEFAULT '0' COMMENT '01',
  PRIMARY KEY (`id`),
  KEY `sys_mdict_parent_id` (`parent_id`),
  KEY `sys_mdict_parent_ids` (`parent_ids`),
  KEY `sys_mdict_del_flag` (`del_flag`)
) ENGINE=InnoDB DEFAULT CHARSET=utf8 COMMENT='';

-- ----------------------------
-- Records of sys_mdict
-- ----------------------------

-- ----------------------------
-- Table structure for `sys_menu`
-- ----------------------------
DROP TABLE IF EXISTS `sys_menu`;
CREATE TABLE `sys_menu` (
  `id` bigint(20) NOT NULL AUTO_INCREMENT COMMENT '',
  `parent_id` bigint(20) NOT NULL COMMENT '',
  `parent_ids` varchar(255) NOT NULL COMMENT '',
  `name` varchar(100) NOT NULL COMMENT '',
  `href` varchar(255) DEFAULT NULL COMMENT '',
  `target` varchar(20) DEFAULT NULL COMMENT 'mainFrame _blank_self_parent_top',
  `icon` varchar(100) DEFAULT NULL COMMENT '',
  `sort` int(11) NOT NULL COMMENT '',
  `is_show` char(1) NOT NULL COMMENT '10',
  `permission` varchar(200) DEFAULT NULL COMMENT '',
  `create_by` bigint(20) DEFAULT NULL COMMENT '',
  `create_date` datetime DEFAULT NULL COMMENT '',
  `update_by` bigint(20) DEFAULT NULL COMMENT '',
  `update_date` datetime DEFAULT NULL COMMENT '',
  `remarks` varchar(255) DEFAULT NULL COMMENT '',
  `del_flag` char(1) NOT NULL DEFAULT '0' COMMENT '01',
  PRIMARY KEY (`id`),
  KEY `sys_menu_parent_id` (`parent_id`),
  KEY `sys_menu_parent_ids` (`parent_ids`),
  KEY `sys_menu_del_flag` (`del_flag`),
  KEY `FK74A44791A47CC66A` (`create_by`),
  KEY `FK74A44791CA3FF7D` (`update_by`),
  CONSTRAINT `FK74A44791A47CC66A` FOREIGN KEY (`create_by`) REFERENCES `sys_user` (`id`),
  CONSTRAINT `FK74A44791CA3FF7D` FOREIGN KEY (`update_by`) REFERENCES `sys_user` (`id`)
) ENGINE=InnoDB AUTO_INCREMENT=76 DEFAULT CHARSET=utf8 COMMENT='';

-- ----------------------------
-- Records of sys_menu
-- ----------------------------
INSERT INTO `sys_menu` VALUES ('1', '0', '0,', '', null, null, null, '0', '1', null, '1', '2013-05-27 08:00:00', '1', '2013-05-27 08:00:00', null, '0');
INSERT INTO `sys_menu` VALUES ('2', '1', '0,1,', '', null, null, null, '900', '1', null, '1', '2013-05-27 08:00:00', '1', '2013-05-27 08:00:00', null, '0');
INSERT INTO `sys_menu` VALUES ('3', '2', '0,1,2,', '', null, null, null, '980', '1', null, '1', '2013-05-27 08:00:00', '1', '2013-05-27 08:00:00', null, '0');
INSERT INTO `sys_menu` VALUES ('4', '3', '0,1,2,3,', '', '/sys/menu/', null, 'list-alt', '30', '1', null, '1', '2013-05-27 08:00:00', '1', '2013-05-27 08:00:00', null, '0');
INSERT INTO `sys_menu` VALUES ('5', '4', '0,1,2,3,4,', '', null, null, null, '30', '0', 'sys:menu:view', '1', '2013-05-27 08:00:00', '1', '2013-05-27 08:00:00', null, '0');
INSERT INTO `sys_menu` VALUES ('6', '4', '0,1,2,3,4,', '', null, null, null, '30', '0', 'sys:menu:edit', '1', '2013-05-27 08:00:00', '1', '2013-05-27 08:00:00', null, '0');
INSERT INTO `sys_menu` VALUES ('7', '3', '0,1,2,3,', '', '/sys/role/', null, 'lock', '50', '1', null, '1', '2013-05-27 08:00:00', '1', '2013-05-27 08:00:00', null, '0');
INSERT INTO `sys_menu` VALUES ('8', '7', '0,1,2,3,7,', '', null, null, null, '30', '0', 'sys:role:view', '1', '2013-05-27 08:00:00', '1', '2013-05-27 08:00:00', null, '0');
INSERT INTO `sys_menu` VALUES ('9', '7', '0,1,2,3,7,', '', null, null, null, '30', '0', 'sys:role:edit', '1', '2013-05-27 08:00:00', '1', '2013-05-27 08:00:00', null, '0');
INSERT INTO `sys_menu` VALUES ('10', '3', '0,1,2,3,', '', '/sys/dict/', null, 'th-list', '60', '1', null, '1', '2013-05-27 08:00:00', '1', '2013-05-27 08:00:00', null, '0');
INSERT INTO `sys_menu` VALUES ('11', '10', '0,1,2,3,10,', '', null, null, null, '30', '0', 'sys:dict:view', '1', '2013-05-27 08:00:00', '1', '2013-05-27 08:00:00', null, '0');
INSERT INTO `sys_menu` VALUES ('12', '10', '0,1,2,3,10,', '', null, null, null, '30', '0', 'sys:dict:edit', '1', '2013-05-27 08:00:00', '1', '2013-05-27 08:00:00', null, '0');
INSERT INTO `sys_menu` VALUES ('13', '2', '0,1,2,', '', null, null, null, '970', '1', null, '1', '2013-05-27 08:00:00', '1', '2013-05-27 08:00:00', null, '0');
INSERT INTO `sys_menu` VALUES ('14', '13', '0,1,2,13,', '', '/sys/area/', null, 'th', '50', '1', null, '1', '2013-05-27 08:00:00', '1', '2013-05-27 08:00:00', null, '0');
INSERT INTO `sys_menu` VALUES ('15', '14', '0,1,2,13,14,', '', null, null, null, '30', '0', 'sys:area:view', '1', '2013-05-27 08:00:00', '1', '2013-05-27 08:00:00', null, '0');
INSERT INTO `sys_menu` VALUES ('16', '14', '0,1,2,13,14,', '', null, null, null, '30', '0', 'sys:area:edit', '1', '2013-05-27 08:00:00', '1', '2013-05-27 08:00:00', null, '0');
INSERT INTO `sys_menu` VALUES ('17', '13', '0,1,2,13,', '', '/sys/office/', null, 'th-large', '40', '1', null, '1', '2013-05-27 08:00:00', '1', '2013-05-27 08:00:00', null, '0');
INSERT INTO `sys_menu` VALUES ('18', '17', '0,1,2,13,17,', '', null, null, null, '30', '0', 'sys:office:view', '1', '2013-05-27 08:00:00', '1', '2013-05-27 08:00:00', null, '0');
INSERT INTO `sys_menu` VALUES ('19', '17', '0,1,2,13,17,', '', null, null, null, '30', '0', 'sys:office:edit', '1', '2013-05-27 08:00:00', '1', '2013-05-27 08:00:00', null, '0');
INSERT INTO `sys_menu` VALUES ('20', '13', '0,1,2,13,', '', '/sys/user/', null, 'user', '30', '1', null, '1', '2013-05-27 08:00:00', '1', '2013-05-27 08:00:00', null, '0');
INSERT INTO `sys_menu` VALUES ('21', '20', '0,1,2,13,20,', '', null, null, null, '30', '0', 'sys:user:view', '1', '2013-05-27 08:00:00', '1', '2013-05-27 08:00:00', null, '0');
INSERT INTO `sys_menu` VALUES ('22', '20', '0,1,2,13,20,', '', null, null, null, '30', '0', 'sys:user:edit', '1', '2013-05-27 08:00:00', '1', '2013-05-27 08:00:00', null, '0');
INSERT INTO `sys_menu` VALUES ('23', '2', '0,1,2,', '', null, null, null, '990', '1', null, '1', '2013-05-27 08:00:00', '1', '2013-05-27 08:00:00', null, '0');
INSERT INTO `sys_menu` VALUES ('24', '23', '0,1,2,23', '', 'http://jeesite.com', '_blank', null, '30', '1', null, '1', '2013-05-27 08:00:00', '1', '2013-05-27 08:00:00', null, '0');
INSERT INTO `sys_menu` VALUES ('25', '23', '0,1,2,23', '', 'http://jeesite.com/donation.html', '_blank', null, '50', '1', null, '1', '2013-05-27 08:00:00', '1', '2013-05-27 08:00:00', null, '0');
INSERT INTO `sys_menu` VALUES ('26', '23', '0,1,2,23', '', 'http://bbs.jeesite.com', '_blank', null, '80', '1', null, '1', '2013-05-27 08:00:00', '1', '2013-05-27 08:00:00', null, '0');
INSERT INTO `sys_menu` VALUES ('27', '1', '0,1,', '', null, null, null, '100', '1', null, '1', '2013-05-27 08:00:00', '1', '2013-05-27 08:00:00', null, '0');
INSERT INTO `sys_menu` VALUES ('28', '27', '0,1,27,', '', null, null, null, '990', '1', null, '1', '2013-05-27 08:00:00', '1', '2013-05-27 08:00:00', null, '0');
INSERT INTO `sys_menu` VALUES ('29', '28', '0,1,27,28,', '', '/sys/user/info', null, 'user', '30', '1', null, '1', '2013-05-27 08:00:00', '1', '2013-05-27 08:00:00', null, '0');
INSERT INTO `sys_menu` VALUES ('30', '28', '0,1,27,28,', '', '/sys/user/modifyPwd', null, 'lock', '40', '1', null, '1', '2013-05-27 08:00:00', '1', '2013-05-27 08:00:00', null, '0');
INSERT INTO `sys_menu` VALUES ('31', '1', '0,1,', '', null, null, null, '500', '1', null, '1', '2013-05-27 08:00:00', '1', '2013-05-27 08:00:00', null, '0');
INSERT INTO `sys_menu` VALUES ('32', '31', '0,1,31,', '', null, null, null, '990', '1', null, '1', '2013-05-27 08:00:00', '1', '2013-05-27 08:00:00', null, '0');
INSERT INTO `sys_menu` VALUES ('33', '32', '0,1,31,32', '', '/cms/category/', null, 'align-justify', '30', '1', null, '1', '2013-05-27 08:00:00', '1', '2013-05-27 08:00:00', null, '0');
INSERT INTO `sys_menu` VALUES ('34', '33', '0,1,31,32,33,', '', null, null, null, '30', '0', 'cms:category:view', '1', '2013-05-27 08:00:00', '1', '2013-05-27 08:00:00', null, '0');
INSERT INTO `sys_menu` VALUES ('35', '33', '0,1,31,32,33,', '', null, null, null, '30', '0', 'cms:category:edit', '1', '2013-05-27 08:00:00', '1', '2013-05-27 08:00:00', null, '0');
INSERT INTO `sys_menu` VALUES ('36', '32', '0,1,31,32', '', '/cms/site/', null, 'certificate', '40', '1', null, '1', '2013-05-27 08:00:00', '1', '2013-05-27 08:00:00', null, '0');
INSERT INTO `sys_menu` VALUES ('37', '36', '0,1,31,32,36,', '', null, null, null, '30', '0', 'cms:site:view', '1', '2013-05-27 08:00:00', '1', '2013-05-27 08:00:00', null, '0');
INSERT INTO `sys_menu` VALUES ('38', '36', '0,1,31,32,36,', '', null, null, null, '30', '0', 'cms:site:edit', '1', '2013-05-27 08:00:00', '1', '2013-05-27 08:00:00', null, '0');
INSERT INTO `sys_menu` VALUES ('39', '32', '0,1,31,32', '', '/cms/site/select', null, 'retweet', '50', '1', 'cms:site:select', '1', '2013-05-27 08:00:00', '1', '2013-05-27 08:00:00', null, '0');
INSERT INTO `sys_menu` VALUES ('40', '31', '0,1,31,', '', null, null, null, '500', '1', 'cms:view', '1', '2013-05-27 08:00:00', '1', '2013-05-27 08:00:00', null, '0');
INSERT INTO `sys_menu` VALUES ('41', '40', '0,1,31,40,', '', '/cms/', null, 'briefcase', '30', '1', null, '1', '2013-05-27 08:00:00', '1', '2013-05-27 08:00:00', null, '0');
INSERT INTO `sys_menu` VALUES ('42', '41', '0,1,31,40,41,', '', '/cms/article/', null, 'file', '40', '0', null, '1', '2013-05-27 08:00:00', '1', '2013-05-27 08:00:00', null, '0');
INSERT INTO `sys_menu` VALUES ('43', '42', '0,1,31,40,41,42,', '', null, null, null, '30', '0', 'cms:article:view', '1', '2013-05-27 08:00:00', '1', '2013-05-27 08:00:00', null, '0');
INSERT INTO `sys_menu` VALUES ('44', '42', '0,1,31,40,41,42,', '', null, null, null, '30', '0', 'cms:article:edit', '1', '2013-05-27 08:00:00', '1', '2013-05-27 08:00:00', null, '0');
INSERT INTO `sys_menu` VALUES ('45', '42', '0,1,31,40,41,42,', '', null, null, null, '30', '0', 'cms:article:audit', '1', '2013-05-27 08:00:00', '1', '2013-05-27 08:00:00', null, '0');
INSERT INTO `sys_menu` VALUES ('46', '41', '0,1,31,40,41,', '', '/cms/link/', null, 'random', '60', '0', null, '1', '2013-05-27 08:00:00', '1', '2013-05-27 08:00:00', null, '0');
INSERT INTO `sys_menu` VALUES ('47', '46', '0,1,31,40,41,46,', '', null, null, null, '30', '0', 'cms:link:view', '1', '2013-05-27 08:00:00', '1', '2013-05-27 08:00:00', null, '0');
INSERT INTO `sys_menu` VALUES ('48', '46', '0,1,31,40,41,46,', '', null, null, null, '30', '0', 'cms:link:edit', '1', '2013-05-27 08:00:00', '1', '2013-05-27 08:00:00', null, '0');
INSERT INTO `sys_menu` VALUES ('49', '46', '0,1,31,40,41,46,', '', null, null, null, '30', '0', 'cms:link:audit', '1', '2013-05-27 08:00:00', '1', '2013-05-27 08:00:00', null, '0');
INSERT INTO `sys_menu` VALUES ('50', '40', '0,1,31,40,', '', '/cms/comment/?status=2', null, 'comment', '40', '1', null, '1', '2013-05-27 08:00:00', '1', '2013-05-27 08:00:00', null, '0');
INSERT INTO `sys_menu` VALUES ('51', '50', '0,1,31,40,50,', '', null, null, null, '30', '0', 'cms:comment:view', '1', '2013-05-27 08:00:00', '1', '2013-05-27 08:00:00', null, '0');
INSERT INTO `sys_menu` VALUES ('52', '50', '0,1,31,40,50,', '', null, null, null, '30', '0', 'cms:comment:edit', '1', '2013-05-27 08:00:00', '1', '2013-05-27 08:00:00', null, '0');
INSERT INTO `sys_menu` VALUES ('53', '40', '0,1,31,40,', '', '/cms/guestbook/?status=2', null, 'glass', '80', '1', null, '1', '2013-05-27 08:00:00', '1', '2013-05-27 08:00:00', null, '0');
INSERT INTO `sys_menu` VALUES ('54', '53', '0,1,31,40,53,', '', null, null, null, '30', '0', 'cms:guestbook:view', '1', '2013-05-27 08:00:00', '1', '2013-05-27 08:00:00', null, '0');
INSERT INTO `sys_menu` VALUES ('55', '53', '0,1,31,40,53,', '', null, null, null, '30', '0', 'cms:guestbook:edit', '1', '2013-05-27 08:00:00', '1', '2013-05-27 08:00:00', null, '0');
INSERT INTO `sys_menu` VALUES ('56', '40', '0,1,31,40,', '', '/../static/ckfinder/ckfinder.html', null, 'folder-open', '90', '1', null, '1', '2013-05-27 08:00:00', '1', '2013-05-27 08:00:00', null, '0');
INSERT INTO `sys_menu` VALUES ('57', '56', '0,1,31,40,56,', '', null, null, null, '30', '0', 'cms:ckfinder:view', '1', '2013-05-27 08:00:00', '1', '2013-05-27 08:00:00', null, '0');
INSERT INTO `sys_menu` VALUES ('58', '56', '0,1,31,40,56,', '', null, null, null, '30', '0', 'cms:ckfinder:upload', '1', '2013-05-27 08:00:00', '1', '2013-05-27 08:00:00', null, '0');
INSERT INTO `sys_menu` VALUES ('59', '56', '0,1,31,40,56,', '', null, null, null, '30', '0', 'cms:ckfinder:edit', '1', '2013-05-27 08:00:00', '1', '2013-05-27 08:00:00', null, '0');
INSERT INTO `sys_menu` VALUES ('60', '31', '0,1,31,', '', null, null, null, '600', '1', null, '1', '2013-05-27 08:00:00', '1', '2013-05-27 08:00:00', null, '0');
INSERT INTO `sys_menu` VALUES ('61', '60', '0,1,31,60,', '', '/cms/stats/article', null, 'tasks', '30', '1', 'cms:stats:article', '1', '2013-05-27 08:00:00', '1', '2013-05-27 08:00:00', null, '0');
INSERT INTO `sys_menu` VALUES ('62', '1', '0,1,', '', null, null, null, '200', '1', null, '1', '2013-05-27 08:00:00', '1', '2013-05-27 08:00:00', null, '0');
INSERT INTO `sys_menu` VALUES ('63', '62', '0,1,62,', '', null, null, null, '30', '1', null, '1', '2013-05-27 08:00:00', '1', '2013-05-27 08:00:00', null, '0');
INSERT INTO `sys_menu` VALUES ('64', '63', '0,1,62,63,', '', '/oa/leave', null, 'leaf', '30', '1', null, '1', '2013-05-27 08:00:00', '1', '2013-05-27 08:00:00', null, '0');
INSERT INTO `sys_menu` VALUES ('65', '64', '0,1,62,63,64,', '', null, null, null, '30', '0', 'oa:leave:view', '1', '2013-05-27 08:00:00', '1', '2013-05-27 08:00:00', null, '0');
INSERT INTO `sys_menu` VALUES ('66', '64', '0,1,62,63,64,', '', null, null, null, '30', '0', 'oa:leave:edit', '1', '2013-05-27 08:00:00', '1', '2013-05-27 08:00:00', null, '0');
INSERT INTO `sys_menu` VALUES ('67', '2', '0,1,2,', '', null, null, null, '985', '1', null, '1', '2013-06-03 08:00:00', '1', '2013-06-03 08:00:00', null, '0');
INSERT INTO `sys_menu` VALUES ('68', '67', '0,1,2,67,', '', '/sys/log', null, 'pencil', '30', '1', 'sys:log:view', '1', '2013-06-03 08:00:00', '1', '2013-06-03 08:00:00', null, '0');
INSERT INTO `sys_menu` VALUES ('69', '62', '0,1,62,', '', null, null, null, '300', '1', null, '1', '2013-05-27 08:00:00', '1', '2013-05-27 08:00:00', null, '0');
INSERT INTO `sys_menu` VALUES ('70', '69', '0,1,62,69,', '', '/oa/workflow/processList', null, 'road', '300', '1', 'oa:workflow:edit', '1', '2013-05-27 08:00:00', '1', '2013-05-27 08:00:00', null, '0');
INSERT INTO `sys_menu` VALUES ('71', '1', '0,1,', 'demo', '', '', '', '30', '1', '', '2', '2013-12-04 14:52:08', '2', '2013-12-04 14:52:08', null, '1');
INSERT INTO `sys_menu` VALUES ('72', '1', '0,1,', 'demo', 'test', '', '', '30', '1', '', '2', '2013-12-04 14:55:08', '2', '2013-12-04 14:55:08', null, '1');
INSERT INTO `sys_menu` VALUES ('73', '1', '0,1,', '12333', 'http://www.baidu.com', '', 'signal', '30', '1', '', '2', '2013-12-04 14:57:19', '2', '2013-12-04 14:57:19', null, '1');
INSERT INTO `sys_menu` VALUES ('74', '27', '0,1,27,', 'yyyy', '', '', 'time', '30', '1', '', '2', '2013-12-04 15:11:13', '2', '2013-12-04 15:11:13', null, '1');
INSERT INTO `sys_menu` VALUES ('75', '2', '0,1,2,', 'yyyyuuuuu', '', '', '', '30', '1', '', '2', '2013-12-04 15:14:40', '2', '2013-12-04 15:14:40', null, '0');

-- ----------------------------
-- Table structure for `sys_office`
-- ----------------------------
DROP TABLE IF EXISTS `sys_office`;
CREATE TABLE `sys_office` (
  `id` bigint(20) NOT NULL AUTO_INCREMENT COMMENT '',
  `parent_id` bigint(20) NOT NULL COMMENT '',
  `parent_ids` varchar(255) NOT NULL COMMENT '',
  `area_id` bigint(20) NOT NULL COMMENT '',
  `code` varchar(100) DEFAULT NULL COMMENT '',
  `name` varchar(100) NOT NULL COMMENT '',
  `type` char(1) NOT NULL COMMENT '123',
  `grade` char(1) NOT NULL COMMENT '1234',
  `address` varchar(255) DEFAULT NULL COMMENT '',
  `zip_code` varchar(100) DEFAULT NULL COMMENT '',
  `master` varchar(100) DEFAULT NULL COMMENT '',
  `phone` varchar(200) DEFAULT NULL COMMENT '',
  `fax` varchar(200) DEFAULT NULL COMMENT '',
  `email` varchar(200) DEFAULT NULL COMMENT '',
  `create_by` bigint(20) DEFAULT NULL COMMENT '',
  `create_date` datetime DEFAULT NULL COMMENT '',
  `update_by` bigint(20) DEFAULT NULL COMMENT '',
  `update_date` datetime DEFAULT NULL COMMENT '',
  `remarks` varchar(255) DEFAULT NULL COMMENT '',
  `del_flag` char(1) NOT NULL DEFAULT '0' COMMENT '01',
  PRIMARY KEY (`id`),
  KEY `sys_office_parent_id` (`parent_id`),
  KEY `sys_office_parent_ids` (`parent_ids`),
  KEY `sys_office_del_flag` (`del_flag`),
  KEY `FKE024AC6EA47CC66A` (`create_by`),
  KEY `FKE024AC6ECA3FF7D` (`update_by`),
  KEY `FKE024AC6E544B06BF` (`area_id`),
  CONSTRAINT `FKE024AC6E544B06BF` FOREIGN KEY (`area_id`) REFERENCES `sys_area` (`id`),
  CONSTRAINT `FKE024AC6EA47CC66A` FOREIGN KEY (`create_by`) REFERENCES `sys_user` (`id`),
  CONSTRAINT `FKE024AC6ECA3FF7D` FOREIGN KEY (`update_by`) REFERENCES `sys_user` (`id`)
) ENGINE=InnoDB AUTO_INCREMENT=27 DEFAULT CHARSET=utf8 COMMENT='';

-- ----------------------------
-- Records of sys_office
-- ----------------------------
INSERT INTO `sys_office` VALUES ('1', '0', '0,', '2', '100000', '', '1', '1', null, null, null, null, null, null, '1', '2013-05-27 08:00:00', '1', '2013-05-27 08:00:00', null, '0');
INSERT INTO `sys_office` VALUES ('2', '1', '0,1,', '2', '100001', '', '2', '1', null, null, null, null, null, null, '1', '2013-05-27 08:00:00', '1', '2013-05-27 08:00:00', null, '0');
INSERT INTO `sys_office` VALUES ('3', '1', '0,1,', '2', '100002', '', '2', '1', null, null, null, null, null, null, '1', '2013-05-27 08:00:00', '1', '2013-05-27 08:00:00', null, '0');
INSERT INTO `sys_office` VALUES ('4', '1', '0,1,', '2', '100003', '', '2', '1', null, null, null, null, null, null, '1', '2013-05-27 08:00:00', '1', '2013-05-27 08:00:00', null, '0');
INSERT INTO `sys_office` VALUES ('5', '1', '0,1,', '2', '100004', '', '2', '1', null, null, null, null, null, null, '1', '2013-05-27 08:00:00', '1', '2013-05-27 08:00:00', null, '0');
INSERT INTO `sys_office` VALUES ('6', '1', '0,1,', '2', '100005', '', '2', '1', null, null, null, null, null, null, '1', '2013-05-27 08:00:00', '1', '2013-05-27 08:00:00', null, '0');
INSERT INTO `sys_office` VALUES ('7', '1', '0,1,', '8', '200000', '', '1', '2', null, null, null, null, null, null, '1', '2013-05-27 08:00:00', '1', '2013-05-27 08:00:00', null, '0');
INSERT INTO `sys_office` VALUES ('8', '7', '0,1,7,', '8', '200001', '', '2', '2', null, null, null, null, null, null, '1', '2013-05-27 08:00:00', '1', '2013-05-27 08:00:00', null, '0');
INSERT INTO `sys_office` VALUES ('9', '7', '0,1,7,', '8', '200002', '', '2', '2', null, null, null, null, null, null, '1', '2013-05-27 08:00:00', '1', '2013-05-27 08:00:00', null, '0');
INSERT INTO `sys_office` VALUES ('10', '7', '0,1,7,', '8', '200003', '', '2', '2', null, null, null, null, null, null, '1', '2013-05-27 08:00:00', '1', '2013-05-27 08:00:00', null, '0');
INSERT INTO `sys_office` VALUES ('11', '7', '0,1,7,', '8', '200004', '', '2', '2', null, null, null, null, null, null, '1', '2013-05-27 08:00:00', '1', '2013-05-27 08:00:00', null, '0');
INSERT INTO `sys_office` VALUES ('12', '7', '0,1,7,', '9', '201000', '', '1', '3', null, null, null, null, null, null, '1', '2013-05-27 08:00:00', '1', '2013-05-27 08:00:00', null, '0');
INSERT INTO `sys_office` VALUES ('13', '12', '0,1,7,12,', '9', '201001', '', '2', '3', null, null, null, null, null, null, '1', '2013-05-27 08:00:00', '1', '2013-05-27 08:00:00', null, '0');
INSERT INTO `sys_office` VALUES ('14', '12', '0,1,7,12,', '9', '201002', '', '2', '3', null, null, null, null, null, null, '1', '2013-05-27 08:00:00', '1', '2013-05-27 08:00:00', null, '0');
INSERT INTO `sys_office` VALUES ('15', '12', '0,1,7,12,', '9', '201003', '', '2', '3', null, null, null, null, null, null, '1', '2013-05-27 08:00:00', '1', '2013-05-27 08:00:00', null, '0');
INSERT INTO `sys_office` VALUES ('16', '12', '0,1,7,12,', '9', '201004', '', '2', '3', null, null, null, null, null, null, '1', '2013-05-27 08:00:00', '1', '2013-05-27 08:00:00', null, '0');
INSERT INTO `sys_office` VALUES ('17', '12', '0,1,7,12,', '11', '201010', '', '1', '4', null, null, null, null, null, null, '1', '2013-05-27 08:00:00', '1', '2013-05-27 08:00:00', null, '0');
INSERT INTO `sys_office` VALUES ('18', '17', '0,1,7,12,17,', '11', '201011', '', '2', '4', null, null, null, null, null, null, '1', '2013-05-27 08:00:00', '1', '2013-05-27 08:00:00', null, '0');
INSERT INTO `sys_office` VALUES ('19', '17', '0,1,7,12,17,', '11', '201012', '', '2', '4', null, null, null, null, null, null, '1', '2013-05-27 08:00:00', '1', '2013-05-27 08:00:00', null, '0');
INSERT INTO `sys_office` VALUES ('20', '17', '0,1,7,12,17,', '11', '201013', '', '2', '4', null, null, null, null, null, null, '1', '2013-05-27 08:00:00', '1', '2013-05-27 08:00:00', null, '0');
INSERT INTO `sys_office` VALUES ('21', '17', '0,1,7,12,17,', '11', '201014', '', '2', '4', null, null, null, null, null, null, '1', '2013-05-27 08:00:00', '1', '2013-05-27 08:00:00', null, '0');
INSERT INTO `sys_office` VALUES ('22', '12', '0,1,7,12,', '12', '201020', '', '1', '4', null, null, null, null, null, null, '1', '2013-05-27 08:00:00', '1', '2013-05-27 08:00:00', null, '0');
INSERT INTO `sys_office` VALUES ('23', '22', '0,1,7,12,22,', '12', '201021', '', '2', '4', null, null, null, null, null, null, '1', '2013-05-27 08:00:00', '1', '2013-05-27 08:00:00', null, '0');
INSERT INTO `sys_office` VALUES ('24', '22', '0,1,7,12,22,', '12', '201022', '', '2', '4', null, null, null, null, null, null, '1', '2013-05-27 08:00:00', '1', '2013-05-27 08:00:00', null, '0');
INSERT INTO `sys_office` VALUES ('25', '22', '0,1,7,12,22,', '12', '201023', '', '2', '4', null, null, null, null, null, null, '1', '2013-05-27 08:00:00', '1', '2013-05-27 08:00:00', null, '0');
INSERT INTO `sys_office` VALUES ('26', '22', '0,1,7,12,22,', '12', '201024', '', '2', '4', null, null, null, null, null, null, '1', '2013-05-27 08:00:00', '1', '2013-05-27 08:00:00', null, '0');

-- ----------------------------
-- Table structure for `sys_push_setting`
-- ----------------------------
DROP TABLE IF EXISTS `sys_push_setting`;
CREATE TABLE `sys_push_setting` (
  `id` int(11) NOT NULL AUTO_INCREMENT,
  `mo_push_url` varchar(255) DEFAULT NULL,
  `status_push_url` varchar(255) DEFAULT NULL,
  `user_id` bigint(20) DEFAULT NULL,
  PRIMARY KEY (`id`),
  KEY `FK2C748A5D780D55FF` (`user_id`),
  CONSTRAINT `FK2C748A5D780D55FF` FOREIGN KEY (`user_id`) REFERENCES `sys_user` (`id`)
) ENGINE=InnoDB AUTO_INCREMENT=7 DEFAULT CHARSET=utf8;

-- ----------------------------
-- Records of sys_push_setting
-- ----------------------------
INSERT INTO `sys_push_setting` VALUES ('1', 'http://www.baidu.com', 'http://www.baidu.com', null);
INSERT INTO `sys_push_setting` VALUES ('2', 'http://www.baidu.com', 'http://www.baidu.com', null);
INSERT INTO `sys_push_setting` VALUES ('3', 'http://www.baidu.com', 'http://www.baidu.com', null);
INSERT INTO `sys_push_setting` VALUES ('4', 'http://www.baidu.com', 'http://www.baidu.com', null);
INSERT INTO `sys_push_setting` VALUES ('5', 'http://www.baidu.com', 'http://www.baidu.com', null);
INSERT INTO `sys_push_setting` VALUES ('6', 'http://www.baidu.com', 'http://www.baidu.com', '1');

-- ----------------------------
-- Table structure for `sys_role`
-- ----------------------------
DROP TABLE IF EXISTS `sys_role`;
CREATE TABLE `sys_role` (
  `id` bigint(20) NOT NULL AUTO_INCREMENT COMMENT '',
  `office_id` bigint(20) DEFAULT NULL COMMENT '',
  `name` varchar(100) NOT NULL COMMENT '',
  `enname` varchar(255) DEFAULT NULL COMMENT '',
  `role_type` varchar(255) DEFAULT NULL COMMENT '',
  `data_scope` char(1) DEFAULT NULL COMMENT '0123489',
  `create_by` bigint(20) DEFAULT NULL COMMENT '',
  `create_date` datetime DEFAULT NULL COMMENT '',
  `update_by` bigint(20) DEFAULT NULL COMMENT '',
  `update_date` datetime DEFAULT NULL COMMENT '',
  `remarks` varchar(255) DEFAULT NULL COMMENT '',
  `del_flag` char(1) NOT NULL DEFAULT '0' COMMENT '01',
  PRIMARY KEY (`id`),
  KEY `sys_role_del_flag` (`del_flag`),
  KEY `FK74A6B2A8A47CC66A` (`create_by`),
  KEY `FK74A6B2A8CA3FF7D` (`update_by`),
  KEY `FK74A6B2A84D32F1F` (`office_id`),
  CONSTRAINT `FK74A6B2A84D32F1F` FOREIGN KEY (`office_id`) REFERENCES `sys_office` (`id`),
  CONSTRAINT `FK74A6B2A8A47CC66A` FOREIGN KEY (`create_by`) REFERENCES `sys_user` (`id`),
  CONSTRAINT `FK74A6B2A8CA3FF7D` FOREIGN KEY (`update_by`) REFERENCES `sys_user` (`id`)
) ENGINE=InnoDB AUTO_INCREMENT=8 DEFAULT CHARSET=utf8 COMMENT='';

-- ----------------------------
-- Records of sys_role
-- ----------------------------
INSERT INTO `sys_role` VALUES ('1', '1', '', 'deptLeader', 'assignment', '1', '1', '2013-05-27 08:00:00', '1', '2013-05-27 08:00:00', null, '0');
INSERT INTO `sys_role` VALUES ('2', '1', '', 'hr', 'assignment', '2', '1', '2013-05-27 08:00:00', '1', '2013-05-27 08:00:00', null, '0');
INSERT INTO `sys_role` VALUES ('3', '1', '', 'c', 'assignment', '3', '1', '2013-05-27 08:00:00', '1', '2013-05-27 08:00:00', null, '0');
INSERT INTO `sys_role` VALUES ('4', '1', '', 'd', 'assignment', '4', '1', '2013-05-27 08:00:00', '1', '2013-05-27 08:00:00', null, '0');
INSERT INTO `sys_role` VALUES ('5', '1', '', 'e', 'assignment', '5', '1', '2013-05-27 08:00:00', '1', '2013-05-27 08:00:00', null, '0');
INSERT INTO `sys_role` VALUES ('6', '1', '', 'f', 'assignment', '8', '1', '2013-05-27 08:00:00', '1', '2013-05-27 08:00:00', null, '0');
INSERT INTO `sys_role` VALUES ('7', '7', '', 'g', 'assignment', '9', '1', '2013-05-27 08:00:00', '1', '2013-05-27 08:00:00', null, '0');

-- ----------------------------
-- Table structure for `sys_role_menu`
-- ----------------------------
DROP TABLE IF EXISTS `sys_role_menu`;
CREATE TABLE `sys_role_menu` (
  `role_id` bigint(20) NOT NULL COMMENT '',
  `menu_id` bigint(20) NOT NULL COMMENT '',
  PRIMARY KEY (`role_id`,`menu_id`),
  KEY `FK65D48496B973FD7F` (`menu_id`),
  KEY `FK65D48496D2E2921F` (`role_id`),
  CONSTRAINT `FK65D48496B973FD7F` FOREIGN KEY (`menu_id`) REFERENCES `sys_menu` (`id`),
  CONSTRAINT `FK65D48496D2E2921F` FOREIGN KEY (`role_id`) REFERENCES `sys_role` (`id`)
) ENGINE=InnoDB DEFAULT CHARSET=utf8 COMMENT='-';

-- ----------------------------
-- Records of sys_role_menu
-- ----------------------------
INSERT INTO `sys_role_menu` VALUES ('1', '1');
INSERT INTO `sys_role_menu` VALUES ('2', '1');
INSERT INTO `sys_role_menu` VALUES ('3', '1');
INSERT INTO `sys_role_menu` VALUES ('4', '1');
INSERT INTO `sys_role_menu` VALUES ('5', '1');
INSERT INTO `sys_role_menu` VALUES ('6', '1');
INSERT INTO `sys_role_menu` VALUES ('7', '1');
INSERT INTO `sys_role_menu` VALUES ('1', '2');
INSERT INTO `sys_role_menu` VALUES ('2', '2');
INSERT INTO `sys_role_menu` VALUES ('3', '2');
INSERT INTO `sys_role_menu` VALUES ('4', '2');
INSERT INTO `sys_role_menu` VALUES ('5', '2');
INSERT INTO `sys_role_menu` VALUES ('6', '2');
INSERT INTO `sys_role_menu` VALUES ('7', '2');
INSERT INTO `sys_role_menu` VALUES ('1', '3');
INSERT INTO `sys_role_menu` VALUES ('2', '3');
INSERT INTO `sys_role_menu` VALUES ('3', '3');
INSERT INTO `sys_role_menu` VALUES ('4', '3');
INSERT INTO `sys_role_menu` VALUES ('5', '3');
INSERT INTO `sys_role_menu` VALUES ('6', '3');
INSERT INTO `sys_role_menu` VALUES ('7', '3');
INSERT INTO `sys_role_menu` VALUES ('1', '4');
INSERT INTO `sys_role_menu` VALUES ('2', '4');
INSERT INTO `sys_role_menu` VALUES ('3', '4');
INSERT INTO `sys_role_menu` VALUES ('4', '4');
INSERT INTO `sys_role_menu` VALUES ('5', '4');
INSERT INTO `sys_role_menu` VALUES ('6', '4');
INSERT INTO `sys_role_menu` VALUES ('7', '4');
INSERT INTO `sys_role_menu` VALUES ('1', '5');
INSERT INTO `sys_role_menu` VALUES ('2', '5');
INSERT INTO `sys_role_menu` VALUES ('3', '5');
INSERT INTO `sys_role_menu` VALUES ('4', '5');
INSERT INTO `sys_role_menu` VALUES ('5', '5');
INSERT INTO `sys_role_menu` VALUES ('6', '5');
INSERT INTO `sys_role_menu` VALUES ('7', '5');
INSERT INTO `sys_role_menu` VALUES ('1', '6');
INSERT INTO `sys_role_menu` VALUES ('2', '6');
INSERT INTO `sys_role_menu` VALUES ('3', '6');
INSERT INTO `sys_role_menu` VALUES ('4', '6');
INSERT INTO `sys_role_menu` VALUES ('5', '6');
INSERT INTO `sys_role_menu` VALUES ('6', '6');
INSERT INTO `sys_role_menu` VALUES ('7', '6');
INSERT INTO `sys_role_menu` VALUES ('1', '7');
INSERT INTO `sys_role_menu` VALUES ('2', '7');
INSERT INTO `sys_role_menu` VALUES ('3', '7');
INSERT INTO `sys_role_menu` VALUES ('4', '7');
INSERT INTO `sys_role_menu` VALUES ('5', '7');
INSERT INTO `sys_role_menu` VALUES ('6', '7');
INSERT INTO `sys_role_menu` VALUES ('7', '7');
INSERT INTO `sys_role_menu` VALUES ('1', '8');
INSERT INTO `sys_role_menu` VALUES ('2', '8');
INSERT INTO `sys_role_menu` VALUES ('3', '8');
INSERT INTO `sys_role_menu` VALUES ('4', '8');
INSERT INTO `sys_role_menu` VALUES ('5', '8');
INSERT INTO `sys_role_menu` VALUES ('6', '8');
INSERT INTO `sys_role_menu` VALUES ('7', '8');
INSERT INTO `sys_role_menu` VALUES ('1', '9');
INSERT INTO `sys_role_menu` VALUES ('2', '9');
INSERT INTO `sys_role_menu` VALUES ('3', '9');
INSERT INTO `sys_role_menu` VALUES ('4', '9');
INSERT INTO `sys_role_menu` VALUES ('5', '9');
INSERT INTO `sys_role_menu` VALUES ('6', '9');
INSERT INTO `sys_role_menu` VALUES ('7', '9');
INSERT INTO `sys_role_menu` VALUES ('1', '10');
INSERT INTO `sys_role_menu` VALUES ('2', '10');
INSERT INTO `sys_role_menu` VALUES ('3', '10');
INSERT INTO `sys_role_menu` VALUES ('4', '10');
INSERT INTO `sys_role_menu` VALUES ('5', '10');
INSERT INTO `sys_role_menu` VALUES ('6', '10');
INSERT INTO `sys_role_menu` VALUES ('7', '10');
INSERT INTO `sys_role_menu` VALUES ('1', '11');
INSERT INTO `sys_role_menu` VALUES ('2', '11');
INSERT INTO `sys_role_menu` VALUES ('3', '11');
INSERT INTO `sys_role_menu` VALUES ('4', '11');
INSERT INTO `sys_role_menu` VALUES ('5', '11');
INSERT INTO `sys_role_menu` VALUES ('6', '11');
INSERT INTO `sys_role_menu` VALUES ('7', '11');
INSERT INTO `sys_role_menu` VALUES ('1', '12');
INSERT INTO `sys_role_menu` VALUES ('2', '12');
INSERT INTO `sys_role_menu` VALUES ('3', '12');
INSERT INTO `sys_role_menu` VALUES ('4', '12');
INSERT INTO `sys_role_menu` VALUES ('5', '12');
INSERT INTO `sys_role_menu` VALUES ('6', '12');
INSERT INTO `sys_role_menu` VALUES ('7', '12');
INSERT INTO `sys_role_menu` VALUES ('1', '13');
INSERT INTO `sys_role_menu` VALUES ('2', '13');
INSERT INTO `sys_role_menu` VALUES ('3', '13');
INSERT INTO `sys_role_menu` VALUES ('4', '13');
INSERT INTO `sys_role_menu` VALUES ('5', '13');
INSERT INTO `sys_role_menu` VALUES ('6', '13');
INSERT INTO `sys_role_menu` VALUES ('7', '13');
INSERT INTO `sys_role_menu` VALUES ('1', '14');
INSERT INTO `sys_role_menu` VALUES ('2', '14');
INSERT INTO `sys_role_menu` VALUES ('3', '14');
INSERT INTO `sys_role_menu` VALUES ('4', '14');
INSERT INTO `sys_role_menu` VALUES ('5', '14');
INSERT INTO `sys_role_menu` VALUES ('6', '14');
INSERT INTO `sys_role_menu` VALUES ('7', '14');
INSERT INTO `sys_role_menu` VALUES ('1', '15');
INSERT INTO `sys_role_menu` VALUES ('2', '15');
INSERT INTO `sys_role_menu` VALUES ('3', '15');
INSERT INTO `sys_role_menu` VALUES ('4', '15');
INSERT INTO `sys_role_menu` VALUES ('5', '15');
INSERT INTO `sys_role_menu` VALUES ('6', '15');
INSERT INTO `sys_role_menu` VALUES ('7', '15');
INSERT INTO `sys_role_menu` VALUES ('1', '16');
INSERT INTO `sys_role_menu` VALUES ('2', '16');
INSERT INTO `sys_role_menu` VALUES ('3', '16');
INSERT INTO `sys_role_menu` VALUES ('4', '16');
INSERT INTO `sys_role_menu` VALUES ('5', '16');
INSERT INTO `sys_role_menu` VALUES ('6', '16');
INSERT INTO `sys_role_menu` VALUES ('7', '16');
INSERT INTO `sys_role_menu` VALUES ('1', '17');
INSERT INTO `sys_role_menu` VALUES ('2', '17');
INSERT INTO `sys_role_menu` VALUES ('3', '17');
INSERT INTO `sys_role_menu` VALUES ('4', '17');
INSERT INTO `sys_role_menu` VALUES ('5', '17');
INSERT INTO `sys_role_menu` VALUES ('6', '17');
INSERT INTO `sys_role_menu` VALUES ('7', '17');
INSERT INTO `sys_role_menu` VALUES ('1', '18');
INSERT INTO `sys_role_menu` VALUES ('2', '18');
INSERT INTO `sys_role_menu` VALUES ('3', '18');
INSERT INTO `sys_role_menu` VALUES ('4', '18');
INSERT INTO `sys_role_menu` VALUES ('5', '18');
INSERT INTO `sys_role_menu` VALUES ('6', '18');
INSERT INTO `sys_role_menu` VALUES ('7', '18');
INSERT INTO `sys_role_menu` VALUES ('1', '19');
INSERT INTO `sys_role_menu` VALUES ('2', '19');
INSERT INTO `sys_role_menu` VALUES ('3', '19');
INSERT INTO `sys_role_menu` VALUES ('4', '19');
INSERT INTO `sys_role_menu` VALUES ('5', '19');
INSERT INTO `sys_role_menu` VALUES ('6', '19');
INSERT INTO `sys_role_menu` VALUES ('7', '19');
INSERT INTO `sys_role_menu` VALUES ('1', '20');
INSERT INTO `sys_role_menu` VALUES ('2', '20');
INSERT INTO `sys_role_menu` VALUES ('3', '20');
INSERT INTO `sys_role_menu` VALUES ('4', '20');
INSERT INTO `sys_role_menu` VALUES ('5', '20');
INSERT INTO `sys_role_menu` VALUES ('6', '20');
INSERT INTO `sys_role_menu` VALUES ('7', '20');
INSERT INTO `sys_role_menu` VALUES ('1', '21');
INSERT INTO `sys_role_menu` VALUES ('2', '21');
INSERT INTO `sys_role_menu` VALUES ('3', '21');
INSERT INTO `sys_role_menu` VALUES ('4', '21');
INSERT INTO `sys_role_menu` VALUES ('5', '21');
INSERT INTO `sys_role_menu` VALUES ('6', '21');
INSERT INTO `sys_role_menu` VALUES ('7', '21');
INSERT INTO `sys_role_menu` VALUES ('1', '22');
INSERT INTO `sys_role_menu` VALUES ('2', '22');
INSERT INTO `sys_role_menu` VALUES ('3', '22');
INSERT INTO `sys_role_menu` VALUES ('4', '22');
INSERT INTO `sys_role_menu` VALUES ('5', '22');
INSERT INTO `sys_role_menu` VALUES ('6', '22');
INSERT INTO `sys_role_menu` VALUES ('7', '22');
INSERT INTO `sys_role_menu` VALUES ('1', '23');
INSERT INTO `sys_role_menu` VALUES ('2', '23');
INSERT INTO `sys_role_menu` VALUES ('3', '23');
INSERT INTO `sys_role_menu` VALUES ('4', '23');
INSERT INTO `sys_role_menu` VALUES ('5', '23');
INSERT INTO `sys_role_menu` VALUES ('6', '23');
INSERT INTO `sys_role_menu` VALUES ('7', '23');
INSERT INTO `sys_role_menu` VALUES ('1', '24');
INSERT INTO `sys_role_menu` VALUES ('2', '24');
INSERT INTO `sys_role_menu` VALUES ('3', '24');
INSERT INTO `sys_role_menu` VALUES ('4', '24');
INSERT INTO `sys_role_menu` VALUES ('5', '24');
INSERT INTO `sys_role_menu` VALUES ('6', '24');
INSERT INTO `sys_role_menu` VALUES ('7', '24');
INSERT INTO `sys_role_menu` VALUES ('1', '25');
INSERT INTO `sys_role_menu` VALUES ('2', '25');
INSERT INTO `sys_role_menu` VALUES ('3', '25');
INSERT INTO `sys_role_menu` VALUES ('4', '25');
INSERT INTO `sys_role_menu` VALUES ('5', '25');
INSERT INTO `sys_role_menu` VALUES ('6', '25');
INSERT INTO `sys_role_menu` VALUES ('7', '25');
INSERT INTO `sys_role_menu` VALUES ('1', '26');
INSERT INTO `sys_role_menu` VALUES ('2', '26');
INSERT INTO `sys_role_menu` VALUES ('3', '26');
INSERT INTO `sys_role_menu` VALUES ('4', '26');
INSERT INTO `sys_role_menu` VALUES ('5', '26');
INSERT INTO `sys_role_menu` VALUES ('6', '26');
INSERT INTO `sys_role_menu` VALUES ('7', '26');
INSERT INTO `sys_role_menu` VALUES ('1', '27');
INSERT INTO `sys_role_menu` VALUES ('2', '27');
INSERT INTO `sys_role_menu` VALUES ('3', '27');
INSERT INTO `sys_role_menu` VALUES ('4', '27');
INSERT INTO `sys_role_menu` VALUES ('5', '27');
INSERT INTO `sys_role_menu` VALUES ('6', '27');
INSERT INTO `sys_role_menu` VALUES ('7', '27');
INSERT INTO `sys_role_menu` VALUES ('1', '28');
INSERT INTO `sys_role_menu` VALUES ('2', '28');
INSERT INTO `sys_role_menu` VALUES ('3', '28');
INSERT INTO `sys_role_menu` VALUES ('4', '28');
INSERT INTO `sys_role_menu` VALUES ('5', '28');
INSERT INTO `sys_role_menu` VALUES ('6', '28');
INSERT INTO `sys_role_menu` VALUES ('7', '28');
INSERT INTO `sys_role_menu` VALUES ('1', '29');
INSERT INTO `sys_role_menu` VALUES ('2', '29');
INSERT INTO `sys_role_menu` VALUES ('3', '29');
INSERT INTO `sys_role_menu` VALUES ('4', '29');
INSERT INTO `sys_role_menu` VALUES ('5', '29');
INSERT INTO `sys_role_menu` VALUES ('6', '29');
INSERT INTO `sys_role_menu` VALUES ('7', '29');
INSERT INTO `sys_role_menu` VALUES ('1', '30');
INSERT INTO `sys_role_menu` VALUES ('2', '30');
INSERT INTO `sys_role_menu` VALUES ('3', '30');
INSERT INTO `sys_role_menu` VALUES ('4', '30');
INSERT INTO `sys_role_menu` VALUES ('5', '30');
INSERT INTO `sys_role_menu` VALUES ('6', '30');
INSERT INTO `sys_role_menu` VALUES ('7', '30');
INSERT INTO `sys_role_menu` VALUES ('1', '31');
INSERT INTO `sys_role_menu` VALUES ('2', '31');
INSERT INTO `sys_role_menu` VALUES ('3', '31');
INSERT INTO `sys_role_menu` VALUES ('4', '31');
INSERT INTO `sys_role_menu` VALUES ('5', '31');
INSERT INTO `sys_role_menu` VALUES ('6', '31');
INSERT INTO `sys_role_menu` VALUES ('7', '31');
INSERT INTO `sys_role_menu` VALUES ('1', '32');
INSERT INTO `sys_role_menu` VALUES ('2', '32');
INSERT INTO `sys_role_menu` VALUES ('3', '32');
INSERT INTO `sys_role_menu` VALUES ('4', '32');
INSERT INTO `sys_role_menu` VALUES ('5', '32');
INSERT INTO `sys_role_menu` VALUES ('6', '32');
INSERT INTO `sys_role_menu` VALUES ('7', '32');
INSERT INTO `sys_role_menu` VALUES ('1', '33');
INSERT INTO `sys_role_menu` VALUES ('2', '33');
INSERT INTO `sys_role_menu` VALUES ('3', '33');
INSERT INTO `sys_role_menu` VALUES ('4', '33');
INSERT INTO `sys_role_menu` VALUES ('5', '33');
INSERT INTO `sys_role_menu` VALUES ('6', '33');
INSERT INTO `sys_role_menu` VALUES ('7', '33');
INSERT INTO `sys_role_menu` VALUES ('1', '34');
INSERT INTO `sys_role_menu` VALUES ('2', '34');
INSERT INTO `sys_role_menu` VALUES ('3', '34');
INSERT INTO `sys_role_menu` VALUES ('4', '34');
INSERT INTO `sys_role_menu` VALUES ('5', '34');
INSERT INTO `sys_role_menu` VALUES ('6', '34');
INSERT INTO `sys_role_menu` VALUES ('7', '34');
INSERT INTO `sys_role_menu` VALUES ('1', '35');
INSERT INTO `sys_role_menu` VALUES ('2', '35');
INSERT INTO `sys_role_menu` VALUES ('3', '35');
INSERT INTO `sys_role_menu` VALUES ('4', '35');
INSERT INTO `sys_role_menu` VALUES ('5', '35');
INSERT INTO `sys_role_menu` VALUES ('6', '35');
INSERT INTO `sys_role_menu` VALUES ('7', '35');
INSERT INTO `sys_role_menu` VALUES ('1', '36');
INSERT INTO `sys_role_menu` VALUES ('2', '36');
INSERT INTO `sys_role_menu` VALUES ('3', '36');
INSERT INTO `sys_role_menu` VALUES ('4', '36');
INSERT INTO `sys_role_menu` VALUES ('5', '36');
INSERT INTO `sys_role_menu` VALUES ('6', '36');
INSERT INTO `sys_role_menu` VALUES ('7', '36');
INSERT INTO `sys_role_menu` VALUES ('1', '37');
INSERT INTO `sys_role_menu` VALUES ('2', '37');
INSERT INTO `sys_role_menu` VALUES ('3', '37');
INSERT INTO `sys_role_menu` VALUES ('4', '37');
INSERT INTO `sys_role_menu` VALUES ('5', '37');
INSERT INTO `sys_role_menu` VALUES ('6', '37');
INSERT INTO `sys_role_menu` VALUES ('7', '37');
INSERT INTO `sys_role_menu` VALUES ('1', '38');
INSERT INTO `sys_role_menu` VALUES ('2', '38');
INSERT INTO `sys_role_menu` VALUES ('3', '38');
INSERT INTO `sys_role_menu` VALUES ('4', '38');
INSERT INTO `sys_role_menu` VALUES ('5', '38');
INSERT INTO `sys_role_menu` VALUES ('6', '38');
INSERT INTO `sys_role_menu` VALUES ('7', '38');
INSERT INTO `sys_role_menu` VALUES ('1', '39');
INSERT INTO `sys_role_menu` VALUES ('2', '39');
INSERT INTO `sys_role_menu` VALUES ('3', '39');
INSERT INTO `sys_role_menu` VALUES ('4', '39');
INSERT INTO `sys_role_menu` VALUES ('5', '39');
INSERT INTO `sys_role_menu` VALUES ('6', '39');
INSERT INTO `sys_role_menu` VALUES ('7', '39');
INSERT INTO `sys_role_menu` VALUES ('1', '40');
INSERT INTO `sys_role_menu` VALUES ('2', '40');
INSERT INTO `sys_role_menu` VALUES ('3', '40');
INSERT INTO `sys_role_menu` VALUES ('4', '40');
INSERT INTO `sys_role_menu` VALUES ('5', '40');
INSERT INTO `sys_role_menu` VALUES ('6', '40');
INSERT INTO `sys_role_menu` VALUES ('7', '40');
INSERT INTO `sys_role_menu` VALUES ('1', '41');
INSERT INTO `sys_role_menu` VALUES ('2', '41');
INSERT INTO `sys_role_menu` VALUES ('3', '41');
INSERT INTO `sys_role_menu` VALUES ('4', '41');
INSERT INTO `sys_role_menu` VALUES ('5', '41');
INSERT INTO `sys_role_menu` VALUES ('6', '41');
INSERT INTO `sys_role_menu` VALUES ('7', '41');
INSERT INTO `sys_role_menu` VALUES ('1', '42');
INSERT INTO `sys_role_menu` VALUES ('2', '42');
INSERT INTO `sys_role_menu` VALUES ('3', '42');
INSERT INTO `sys_role_menu` VALUES ('4', '42');
INSERT INTO `sys_role_menu` VALUES ('5', '42');
INSERT INTO `sys_role_menu` VALUES ('6', '42');
INSERT INTO `sys_role_menu` VALUES ('7', '42');
INSERT INTO `sys_role_menu` VALUES ('1', '43');
INSERT INTO `sys_role_menu` VALUES ('2', '43');
INSERT INTO `sys_role_menu` VALUES ('3', '43');
INSERT INTO `sys_role_menu` VALUES ('4', '43');
INSERT INTO `sys_role_menu` VALUES ('5', '43');
INSERT INTO `sys_role_menu` VALUES ('6', '43');
INSERT INTO `sys_role_menu` VALUES ('7', '43');
INSERT INTO `sys_role_menu` VALUES ('1', '44');
INSERT INTO `sys_role_menu` VALUES ('2', '44');
INSERT INTO `sys_role_menu` VALUES ('3', '44');
INSERT INTO `sys_role_menu` VALUES ('4', '44');
INSERT INTO `sys_role_menu` VALUES ('5', '44');
INSERT INTO `sys_role_menu` VALUES ('6', '44');
INSERT INTO `sys_role_menu` VALUES ('7', '44');
INSERT INTO `sys_role_menu` VALUES ('1', '45');
INSERT INTO `sys_role_menu` VALUES ('2', '45');
INSERT INTO `sys_role_menu` VALUES ('3', '45');
INSERT INTO `sys_role_menu` VALUES ('4', '45');
INSERT INTO `sys_role_menu` VALUES ('5', '45');
INSERT INTO `sys_role_menu` VALUES ('6', '45');
INSERT INTO `sys_role_menu` VALUES ('7', '45');
INSERT INTO `sys_role_menu` VALUES ('1', '46');
INSERT INTO `sys_role_menu` VALUES ('2', '46');
INSERT INTO `sys_role_menu` VALUES ('3', '46');
INSERT INTO `sys_role_menu` VALUES ('4', '46');
INSERT INTO `sys_role_menu` VALUES ('5', '46');
INSERT INTO `sys_role_menu` VALUES ('6', '46');
INSERT INTO `sys_role_menu` VALUES ('7', '46');
INSERT INTO `sys_role_menu` VALUES ('1', '47');
INSERT INTO `sys_role_menu` VALUES ('2', '47');
INSERT INTO `sys_role_menu` VALUES ('3', '47');
INSERT INTO `sys_role_menu` VALUES ('4', '47');
INSERT INTO `sys_role_menu` VALUES ('5', '47');
INSERT INTO `sys_role_menu` VALUES ('6', '47');
INSERT INTO `sys_role_menu` VALUES ('7', '47');
INSERT INTO `sys_role_menu` VALUES ('1', '48');
INSERT INTO `sys_role_menu` VALUES ('2', '48');
INSERT INTO `sys_role_menu` VALUES ('3', '48');
INSERT INTO `sys_role_menu` VALUES ('4', '48');
INSERT INTO `sys_role_menu` VALUES ('5', '48');
INSERT INTO `sys_role_menu` VALUES ('6', '48');
INSERT INTO `sys_role_menu` VALUES ('7', '48');
INSERT INTO `sys_role_menu` VALUES ('1', '49');
INSERT INTO `sys_role_menu` VALUES ('2', '49');
INSERT INTO `sys_role_menu` VALUES ('3', '49');
INSERT INTO `sys_role_menu` VALUES ('4', '49');
INSERT INTO `sys_role_menu` VALUES ('5', '49');
INSERT INTO `sys_role_menu` VALUES ('6', '49');
INSERT INTO `sys_role_menu` VALUES ('7', '49');
INSERT INTO `sys_role_menu` VALUES ('1', '50');
INSERT INTO `sys_role_menu` VALUES ('2', '50');
INSERT INTO `sys_role_menu` VALUES ('3', '50');
INSERT INTO `sys_role_menu` VALUES ('4', '50');
INSERT INTO `sys_role_menu` VALUES ('5', '50');
INSERT INTO `sys_role_menu` VALUES ('6', '50');
INSERT INTO `sys_role_menu` VALUES ('7', '50');
INSERT INTO `sys_role_menu` VALUES ('1', '51');
INSERT INTO `sys_role_menu` VALUES ('2', '51');
INSERT INTO `sys_role_menu` VALUES ('3', '51');
INSERT INTO `sys_role_menu` VALUES ('4', '51');
INSERT INTO `sys_role_menu` VALUES ('5', '51');
INSERT INTO `sys_role_menu` VALUES ('6', '51');
INSERT INTO `sys_role_menu` VALUES ('7', '51');
INSERT INTO `sys_role_menu` VALUES ('1', '52');
INSERT INTO `sys_role_menu` VALUES ('2', '52');
INSERT INTO `sys_role_menu` VALUES ('3', '52');
INSERT INTO `sys_role_menu` VALUES ('4', '52');
INSERT INTO `sys_role_menu` VALUES ('5', '52');
INSERT INTO `sys_role_menu` VALUES ('6', '52');
INSERT INTO `sys_role_menu` VALUES ('7', '52');
INSERT INTO `sys_role_menu` VALUES ('1', '53');
INSERT INTO `sys_role_menu` VALUES ('2', '53');
INSERT INTO `sys_role_menu` VALUES ('3', '53');
INSERT INTO `sys_role_menu` VALUES ('4', '53');
INSERT INTO `sys_role_menu` VALUES ('5', '53');
INSERT INTO `sys_role_menu` VALUES ('6', '53');
INSERT INTO `sys_role_menu` VALUES ('7', '53');
INSERT INTO `sys_role_menu` VALUES ('1', '54');
INSERT INTO `sys_role_menu` VALUES ('2', '54');
INSERT INTO `sys_role_menu` VALUES ('3', '54');
INSERT INTO `sys_role_menu` VALUES ('4', '54');
INSERT INTO `sys_role_menu` VALUES ('5', '54');
INSERT INTO `sys_role_menu` VALUES ('6', '54');
INSERT INTO `sys_role_menu` VALUES ('7', '54');
INSERT INTO `sys_role_menu` VALUES ('1', '55');
INSERT INTO `sys_role_menu` VALUES ('2', '55');
INSERT INTO `sys_role_menu` VALUES ('3', '55');
INSERT INTO `sys_role_menu` VALUES ('4', '55');
INSERT INTO `sys_role_menu` VALUES ('5', '55');
INSERT INTO `sys_role_menu` VALUES ('6', '55');
INSERT INTO `sys_role_menu` VALUES ('7', '55');
INSERT INTO `sys_role_menu` VALUES ('1', '56');
INSERT INTO `sys_role_menu` VALUES ('2', '56');
INSERT INTO `sys_role_menu` VALUES ('3', '56');
INSERT INTO `sys_role_menu` VALUES ('4', '56');
INSERT INTO `sys_role_menu` VALUES ('5', '56');
INSERT INTO `sys_role_menu` VALUES ('6', '56');
INSERT INTO `sys_role_menu` VALUES ('7', '56');
INSERT INTO `sys_role_menu` VALUES ('1', '57');
INSERT INTO `sys_role_menu` VALUES ('2', '57');
INSERT INTO `sys_role_menu` VALUES ('3', '57');
INSERT INTO `sys_role_menu` VALUES ('4', '57');
INSERT INTO `sys_role_menu` VALUES ('5', '57');
INSERT INTO `sys_role_menu` VALUES ('6', '57');
INSERT INTO `sys_role_menu` VALUES ('7', '57');
INSERT INTO `sys_role_menu` VALUES ('1', '58');
INSERT INTO `sys_role_menu` VALUES ('2', '58');
INSERT INTO `sys_role_menu` VALUES ('3', '58');
INSERT INTO `sys_role_menu` VALUES ('4', '58');
INSERT INTO `sys_role_menu` VALUES ('5', '58');
INSERT INTO `sys_role_menu` VALUES ('6', '58');
INSERT INTO `sys_role_menu` VALUES ('7', '58');
INSERT INTO `sys_role_menu` VALUES ('1', '59');
INSERT INTO `sys_role_menu` VALUES ('2', '59');
INSERT INTO `sys_role_menu` VALUES ('3', '59');
INSERT INTO `sys_role_menu` VALUES ('4', '59');
INSERT INTO `sys_role_menu` VALUES ('5', '59');
INSERT INTO `sys_role_menu` VALUES ('6', '59');
INSERT INTO `sys_role_menu` VALUES ('7', '59');
INSERT INTO `sys_role_menu` VALUES ('1', '60');
INSERT INTO `sys_role_menu` VALUES ('2', '60');
INSERT INTO `sys_role_menu` VALUES ('3', '60');
INSERT INTO `sys_role_menu` VALUES ('4', '60');
INSERT INTO `sys_role_menu` VALUES ('5', '60');
INSERT INTO `sys_role_menu` VALUES ('6', '60');
INSERT INTO `sys_role_menu` VALUES ('7', '60');
INSERT INTO `sys_role_menu` VALUES ('1', '61');
INSERT INTO `sys_role_menu` VALUES ('2', '61');
INSERT INTO `sys_role_menu` VALUES ('3', '61');
INSERT INTO `sys_role_menu` VALUES ('4', '61');
INSERT INTO `sys_role_menu` VALUES ('5', '61');
INSERT INTO `sys_role_menu` VALUES ('6', '61');
INSERT INTO `sys_role_menu` VALUES ('7', '61');
INSERT INTO `sys_role_menu` VALUES ('1', '62');
INSERT INTO `sys_role_menu` VALUES ('2', '62');
INSERT INTO `sys_role_menu` VALUES ('3', '62');
INSERT INTO `sys_role_menu` VALUES ('4', '62');
INSERT INTO `sys_role_menu` VALUES ('5', '62');
INSERT INTO `sys_role_menu` VALUES ('6', '62');
INSERT INTO `sys_role_menu` VALUES ('7', '62');
INSERT INTO `sys_role_menu` VALUES ('1', '63');
INSERT INTO `sys_role_menu` VALUES ('2', '63');
INSERT INTO `sys_role_menu` VALUES ('3', '63');
INSERT INTO `sys_role_menu` VALUES ('4', '63');
INSERT INTO `sys_role_menu` VALUES ('5', '63');
INSERT INTO `sys_role_menu` VALUES ('6', '63');
INSERT INTO `sys_role_menu` VALUES ('7', '63');
INSERT INTO `sys_role_menu` VALUES ('1', '64');
INSERT INTO `sys_role_menu` VALUES ('2', '64');
INSERT INTO `sys_role_menu` VALUES ('3', '64');
INSERT INTO `sys_role_menu` VALUES ('4', '64');
INSERT INTO `sys_role_menu` VALUES ('5', '64');
INSERT INTO `sys_role_menu` VALUES ('6', '64');
INSERT INTO `sys_role_menu` VALUES ('7', '64');
INSERT INTO `sys_role_menu` VALUES ('1', '65');
INSERT INTO `sys_role_menu` VALUES ('2', '65');
INSERT INTO `sys_role_menu` VALUES ('3', '65');
INSERT INTO `sys_role_menu` VALUES ('4', '65');
INSERT INTO `sys_role_menu` VALUES ('5', '65');
INSERT INTO `sys_role_menu` VALUES ('6', '65');
INSERT INTO `sys_role_menu` VALUES ('7', '65');
INSERT INTO `sys_role_menu` VALUES ('1', '66');
INSERT INTO `sys_role_menu` VALUES ('2', '66');
INSERT INTO `sys_role_menu` VALUES ('3', '66');
INSERT INTO `sys_role_menu` VALUES ('4', '66');
INSERT INTO `sys_role_menu` VALUES ('5', '66');
INSERT INTO `sys_role_menu` VALUES ('6', '66');
INSERT INTO `sys_role_menu` VALUES ('7', '66');
INSERT INTO `sys_role_menu` VALUES ('1', '67');
INSERT INTO `sys_role_menu` VALUES ('2', '67');
INSERT INTO `sys_role_menu` VALUES ('3', '67');
INSERT INTO `sys_role_menu` VALUES ('4', '67');
INSERT INTO `sys_role_menu` VALUES ('5', '67');
INSERT INTO `sys_role_menu` VALUES ('6', '67');
INSERT INTO `sys_role_menu` VALUES ('7', '67');
INSERT INTO `sys_role_menu` VALUES ('1', '68');
INSERT INTO `sys_role_menu` VALUES ('2', '68');
INSERT INTO `sys_role_menu` VALUES ('3', '68');
INSERT INTO `sys_role_menu` VALUES ('4', '68');
INSERT INTO `sys_role_menu` VALUES ('5', '68');
INSERT INTO `sys_role_menu` VALUES ('6', '68');
INSERT INTO `sys_role_menu` VALUES ('7', '68');
INSERT INTO `sys_role_menu` VALUES ('1', '69');
INSERT INTO `sys_role_menu` VALUES ('2', '69');
INSERT INTO `sys_role_menu` VALUES ('3', '69');
INSERT INTO `sys_role_menu` VALUES ('4', '69');
INSERT INTO `sys_role_menu` VALUES ('5', '69');
INSERT INTO `sys_role_menu` VALUES ('6', '69');
INSERT INTO `sys_role_menu` VALUES ('7', '69');
INSERT INTO `sys_role_menu` VALUES ('1', '70');
INSERT INTO `sys_role_menu` VALUES ('2', '70');
INSERT INTO `sys_role_menu` VALUES ('3', '70');
INSERT INTO `sys_role_menu` VALUES ('4', '70');
INSERT INTO `sys_role_menu` VALUES ('5', '70');
INSERT INTO `sys_role_menu` VALUES ('6', '70');
INSERT INTO `sys_role_menu` VALUES ('7', '70');

-- ----------------------------
-- Table structure for `sys_role_office`
-- ----------------------------
DROP TABLE IF EXISTS `sys_role_office`;
CREATE TABLE `sys_role_office` (
  `role_id` bigint(20) NOT NULL COMMENT '',
  `office_id` bigint(20) NOT NULL COMMENT '',
  PRIMARY KEY (`role_id`,`office_id`),
  KEY `FK4639BC334D32F1F` (`office_id`),
  KEY `FK4639BC33D2E2921F` (`role_id`),
  CONSTRAINT `FK4639BC334D32F1F` FOREIGN KEY (`office_id`) REFERENCES `sys_office` (`id`),
  CONSTRAINT `FK4639BC33D2E2921F` FOREIGN KEY (`role_id`) REFERENCES `sys_role` (`id`)
) ENGINE=InnoDB DEFAULT CHARSET=utf8 COMMENT='-';

-- ----------------------------
-- Records of sys_role_office
-- ----------------------------
INSERT INTO `sys_role_office` VALUES ('7', '7');
INSERT INTO `sys_role_office` VALUES ('7', '8');
INSERT INTO `sys_role_office` VALUES ('7', '9');
INSERT INTO `sys_role_office` VALUES ('7', '10');
INSERT INTO `sys_role_office` VALUES ('7', '11');
INSERT INTO `sys_role_office` VALUES ('7', '12');
INSERT INTO `sys_role_office` VALUES ('7', '13');
INSERT INTO `sys_role_office` VALUES ('7', '14');
INSERT INTO `sys_role_office` VALUES ('7', '15');
INSERT INTO `sys_role_office` VALUES ('7', '16');
INSERT INTO `sys_role_office` VALUES ('7', '17');
INSERT INTO `sys_role_office` VALUES ('7', '18');
INSERT INTO `sys_role_office` VALUES ('7', '19');
INSERT INTO `sys_role_office` VALUES ('7', '20');
INSERT INTO `sys_role_office` VALUES ('7', '21');
INSERT INTO `sys_role_office` VALUES ('7', '22');
INSERT INTO `sys_role_office` VALUES ('7', '23');
INSERT INTO `sys_role_office` VALUES ('7', '24');
INSERT INTO `sys_role_office` VALUES ('7', '25');
INSERT INTO `sys_role_office` VALUES ('7', '26');

-- ----------------------------
-- Table structure for `sys_user`
-- ----------------------------
DROP TABLE IF EXISTS `sys_user`;
CREATE TABLE `sys_user` (
  `id` bigint(20) NOT NULL AUTO_INCREMENT COMMENT '',
  `company_id` bigint(20) NOT NULL COMMENT '',
  `office_id` bigint(20) NOT NULL COMMENT '',
  `login_name` varchar(100) NOT NULL COMMENT '',
  `password` varchar(100) NOT NULL COMMENT '',
  `no` varchar(100) DEFAULT NULL COMMENT '',
  `name` varchar(100) NOT NULL COMMENT '',
  `email` varchar(200) DEFAULT NULL COMMENT '',
  `phone` varchar(200) DEFAULT NULL COMMENT '',
  `mobile` varchar(200) DEFAULT NULL COMMENT '',
  `user_type` char(1) DEFAULT NULL COMMENT '',
  `login_ip` varchar(100) DEFAULT NULL COMMENT 'IP',
  `login_date` datetime DEFAULT NULL COMMENT '',
  `create_by` bigint(20) DEFAULT NULL COMMENT '',
  `create_date` datetime DEFAULT NULL COMMENT '',
  `update_by` bigint(20) DEFAULT NULL COMMENT '',
  `update_date` datetime DEFAULT NULL COMMENT '',
  `remarks` varchar(255) DEFAULT NULL COMMENT '',
  `del_flag` char(1) NOT NULL DEFAULT '0' COMMENT '01',
  `balance_type` int(11) DEFAULT NULL,
  `classificationd` varchar(255) DEFAULT NULL,
  `company_address` varchar(255) DEFAULT NULL,
  `compay` varchar(255) DEFAULT NULL,
  `cp_type` int(11) DEFAULT NULL,
  `description` varchar(255) DEFAULT NULL,
  `discp_id` varchar(255) DEFAULT NULL,
  `im` varchar(255) DEFAULT NULL,
  `is_report` int(11) DEFAULT NULL,
  `is_split` int(11) DEFAULT NULL,
  `msg_type` varchar(255) DEFAULT NULL,
  `parent_id` varchar(255) DEFAULT NULL,
  `pid` bigint(20) DEFAULT NULL,
  `send_area` varchar(255) DEFAULT NULL,
  `sign` varchar(255) DEFAULT NULL,
  `user_area` varchar(255) DEFAULT NULL,
  `white_cnt` int(11) DEFAULT NULL,
  PRIMARY KEY (`id`),
  KEY `sys_user_office_id` (`office_id`),
  KEY `sys_user_login_name` (`login_name`),
  KEY `sys_user_company_id` (`company_id`),
  KEY `sys_user_update_date` (`update_date`),
  KEY `sys_user_del_flag` (`del_flag`),
  KEY `FK74A81DFDA47CC66A` (`create_by`),
  KEY `FK74A81DFDCA3FF7D` (`update_by`),
  KEY `FK74A81DFD585DCDBE` (`company_id`),
  KEY `FK74A81DFD4D32F1F` (`office_id`),
  CONSTRAINT `FK74A81DFD4D32F1F` FOREIGN KEY (`office_id`) REFERENCES `sys_office` (`id`),
  CONSTRAINT `FK74A81DFD585DCDBE` FOREIGN KEY (`company_id`) REFERENCES `sys_office` (`id`),
  CONSTRAINT `FK74A81DFDA47CC66A` FOREIGN KEY (`create_by`) REFERENCES `sys_user` (`id`),
  CONSTRAINT `FK74A81DFDCA3FF7D` FOREIGN KEY (`update_by`) REFERENCES `sys_user` (`id`)
) ENGINE=InnoDB AUTO_INCREMENT=15 DEFAULT CHARSET=utf8 COMMENT='';

-- ----------------------------
-- Records of sys_user
-- ----------------------------
INSERT INTO `sys_user` VALUES ('1', '1', '1', 'thinkgem', '02a3f0772fcca9f415adc990734b45c6f059c7d33ee28362c4852032', '0001', 'Thinkgem', 'thinkgem@163.com', '8675', '8675', null, '0:0:0:0:0:0:0:1', '2013-12-12 10:00:55', '1', '2013-05-27 08:00:00', '1', '2013-05-27 08:00:00', '', '0', null, null, null, null, null, null, null, null, null, null, null, null, null, null, null, null, null);
INSERT INTO `sys_user` VALUES ('2', '1', '1', 'admin', '02a3f0772fcca9f415adc990734b45c6f059c7d33ee28362c4852032', '0002', '', 'thinkgem@163.com', '8675', '8675', null, '0:0:0:0:0:0:0:1', '2013-12-04 15:14:41', '1', '2013-05-27 08:00:00', '1', '2013-05-27 08:00:00', '', '0', null, null, null, null, null, null, null, null, null, null, null, null, null, null, null, null, null);
INSERT INTO `sys_user` VALUES ('3', '1', '3', 'bj_zhb', '02a3f0772fcca9f415adc990734b45c6f059c7d33ee28362c4852032', '0003', '', 'thinkgem@163.com', '8675', '8675', null, null, null, '1', '2013-05-27 08:00:00', '1', '2013-05-27 08:00:00', '', '0', null, null, null, null, null, null, null, null, null, null, null, null, null, null, null, null, null);
INSERT INTO `sys_user` VALUES ('4', '1', '4', 'bj_scb', '02a3f0772fcca9f415adc990734b45c6f059c7d33ee28362c4852032', '0004', '', 'thinkgem@163.com', '8675', '8675', null, null, null, '1', '2013-05-27 08:00:00', '1', '2013-05-27 08:00:00', '', '0', null, null, null, null, null, null, null, null, null, null, null, null, null, null, null, null, null);
INSERT INTO `sys_user` VALUES ('5', '1', '5', 'bj_jsb', '02a3f0772fcca9f415adc990734b45c6f059c7d33ee28362c4852032', '0005', '', 'thinkgem@163.com', '8675', '8675', null, null, null, '1', '2013-05-27 08:00:00', '1', '2013-05-27 08:00:00', '', '0', null, null, null, null, null, null, null, null, null, null, null, null, null, null, null, null, null);
INSERT INTO `sys_user` VALUES ('6', '1', '6', 'bj_yfb', '02a3f0772fcca9f415adc990734b45c6f059c7d33ee28362c4852032', '0006', '', 'thinkgem@163.com', '8675', '8675', null, null, null, '1', '2013-05-27 08:00:00', '1', '2013-05-27 08:00:00', '', '0', null, null, null, null, null, null, null, null, null, null, null, null, null, null, null, null, null);
INSERT INTO `sys_user` VALUES ('7', '7', '8', 'sd_admin', '02a3f0772fcca9f415adc990734b45c6f059c7d33ee28362c4852032', '0007', '', 'thinkgem@163.com', '8675', '8675', null, null, null, '1', '2013-05-27 08:00:00', '1', '2013-05-27 08:00:00', '', '0', null, null, null, null, null, null, null, null, null, null, null, null, null, null, null, null, null);
INSERT INTO `sys_user` VALUES ('8', '7', '9', 'sd_zhb', '02a3f0772fcca9f415adc990734b45c6f059c7d33ee28362c4852032', '0008', '', 'thinkgem@163.com', '8675', '8675', null, null, null, '1', '2013-05-27 08:00:00', '1', '2013-05-27 08:00:00', '', '0', null, null, null, null, null, null, null, null, null, null, null, null, null, null, null, null, null);
INSERT INTO `sys_user` VALUES ('9', '7', '10', 'sd_scb', '02a3f0772fcca9f415adc990734b45c6f059c7d33ee28362c4852032', '0009', '', 'thinkgem@163.com', '8675', '8675', null, null, null, '1', '2013-05-27 08:00:00', '1', '2013-05-27 08:00:00', '', '0', null, null, null, null, null, null, null, null, null, null, null, null, null, null, null, null, null);
INSERT INTO `sys_user` VALUES ('10', '7', '11', 'sd_jsb', '02a3f0772fcca9f415adc990734b45c6f059c7d33ee28362c4852032', '0010', '', 'thinkgem@163.com', '8675', '8675', null, null, null, '1', '2013-05-27 08:00:00', '1', '2013-05-27 08:00:00', '', '0', null, null, null, null, null, null, null, null, null, null, null, null, null, null, null, null, null);
INSERT INTO `sys_user` VALUES ('11', '12', '13', 'sdjn_admin', '02a3f0772fcca9f415adc990734b45c6f059c7d33ee28362c4852032', '0011', '', 'thinkgem@163.com', '8675', '8675', null, null, null, '1', '2013-05-27 08:00:00', '1', '2013-05-27 08:00:00', '', '0', null, null, null, null, null, null, null, null, null, null, null, null, null, null, null, null, null);
INSERT INTO `sys_user` VALUES ('12', '12', '18', 'sdjnlc_admin', '02a3f0772fcca9f415adc990734b45c6f059c7d33ee28362c4852032', '0012', '', 'thinkgem@163.com', '8675', '8675', null, null, null, '1', '2013-05-27 08:00:00', '1', '2013-05-27 08:00:00', '', '0', null, null, null, null, null, null, null, null, null, null, null, null, null, null, null, null, null);
INSERT INTO `sys_user` VALUES ('13', '22', '23', 'sdjnlx_admin', '02a3f0772fcca9f415adc990734b45c6f059c7d33ee28362c4852032', '0013', '', 'thinkgem@163.com', '8675', '8675', null, null, null, '1', '2013-05-27 08:00:00', '1', '2013-05-27 08:00:00', '', '0', null, null, null, null, null, null, null, null, null, null, null, null, null, null, null, null, null);
INSERT INTO `sys_user` VALUES ('14', '22', '24', 'sdjnlx_zhb', '02a3f0772fcca9f415adc990734b45c6f059c7d33ee28362c4852032', '0014', '', 'thinkgem@163.com', '8675', '8675', null, null, null, '1', '2013-05-27 08:00:00', '1', '2013-05-27 08:00:00', '', '0', null, null, null, null, null, null, null, null, null, null, null, null, null, null, null, null, null);

-- ----------------------------
-- Table structure for `sys_user_channel_info`
-- ----------------------------
DROP TABLE IF EXISTS `sys_user_channel_info`;
CREATE TABLE `sys_user_channel_info` (
  `id` bigint(20) NOT NULL AUTO_INCREMENT,
  `user_id` bigint(20) NOT NULL,
  `channel_id` bigint(20) NOT NULL,
  `amount` bigint(20) NOT NULL,
  `create_date` datetime DEFAULT NULL,
  `del_flag` varchar(1) DEFAULT NULL,
  `remarks` varchar(255) DEFAULT NULL,
  `update_date` datetime DEFAULT NULL,
  `create_by` bigint(20) DEFAULT NULL,
  `update_by` bigint(20) DEFAULT NULL,
  `gateway_id` bigint(20) DEFAULT NULL,
  `returnrpt` bigint(20) DEFAULT NULL,
  PRIMARY KEY (`id`),
  KEY `FK3223F96C5D88CE63` (`channel_id`),
  KEY `FK3223F96C780D55FF` (`user_id`),
  KEY `FK3223F96CA47CC66A` (`create_by`),
  KEY `FK3223F96CCA3FF7D` (`update_by`),
  KEY `FK3223F96C5BA5F8D5` (`gateway_id`),
  CONSTRAINT `FK3223F96C5BA5F8D5` FOREIGN KEY (`gateway_id`) REFERENCES `gateway` (`id`),
  CONSTRAINT `FK3223F96C5D88CE63` FOREIGN KEY (`channel_id`) REFERENCES `sys_channel_info` (`channel_id`),
  CONSTRAINT `FK3223F96C780D55FF` FOREIGN KEY (`user_id`) REFERENCES `sys_user` (`id`),
  CONSTRAINT `FK3223F96CA47CC66A` FOREIGN KEY (`create_by`) REFERENCES `sys_user` (`id`),
  CONSTRAINT `FK3223F96CCA3FF7D` FOREIGN KEY (`update_by`) REFERENCES `sys_user` (`id`)
) ENGINE=InnoDB AUTO_INCREMENT=13 DEFAULT CHARSET=utf8;

-- ----------------------------
-- Records of sys_user_channel_info
-- ----------------------------
INSERT INTO `sys_user_channel_info` VALUES ('1', '1', '1', '99999999', null, null, null, '2013-07-04 15:48:18', null, '1', '1', null);
INSERT INTO `sys_user_channel_info` VALUES ('3', '1', '1', '999999999', null, null, null, null, null, null, '2', null);
INSERT INTO `sys_user_channel_info` VALUES ('4', '1', '1', '999999999', '2013-07-22 17:45:25', null, null, null, null, null, '3', null);
INSERT INTO `sys_user_channel_info` VALUES ('5', '70', '1', '0', null, null, null, null, null, null, '1', null);
INSERT INTO `sys_user_channel_info` VALUES ('6', '72', '1', '0', null, null, null, null, null, null, '1', null);
INSERT INTO `sys_user_channel_info` VALUES ('7', '50', '1', '24', '2013-07-04 14:36:49', '0', null, '2013-07-04 15:48:18', '1', '1', '1', null);
INSERT INTO `sys_user_channel_info` VALUES ('8', '76', '1', '0', '2013-07-11 16:18:18', '0', null, '2013-07-11 16:18:18', '1', '1', '1', null);
INSERT INTO `sys_user_channel_info` VALUES ('9', '77', '1', '1000000', '2013-07-22 17:42:58', '0', '', '2013-07-04 15:48:18', '1', '1', '1', null);
INSERT INTO `sys_user_channel_info` VALUES ('10', '77', '1', '222277', '2013-07-22 17:43:05', '0', '', '2013-07-22 18:27:28', '1', '78', '2', null);
INSERT INTO `sys_user_channel_info` VALUES ('11', '77', '1', '999', '2013-07-22 17:43:06', '0', '', '2013-07-22 17:47:40', '1', null, '3', null);
INSERT INTO `sys_user_channel_info` VALUES ('12', '77', '1', '0', '2013-07-22 17:43:08', '0', '', '2013-07-22 17:47:42', '1', null, '4', null);

-- ----------------------------
-- Table structure for `sys_user_role`
-- ----------------------------
DROP TABLE IF EXISTS `sys_user_role`;
CREATE TABLE `sys_user_role` (
  `user_id` bigint(20) NOT NULL COMMENT '',
  `role_id` bigint(20) NOT NULL COMMENT '',
  PRIMARY KEY (`user_id`,`role_id`),
  KEY `FK660C5178D2E2921F` (`role_id`),
  KEY `FK660C5178780D55FF` (`user_id`),
  CONSTRAINT `FK660C5178780D55FF` FOREIGN KEY (`user_id`) REFERENCES `sys_user` (`id`),
  CONSTRAINT `FK660C5178D2E2921F` FOREIGN KEY (`role_id`) REFERENCES `sys_role` (`id`)
) ENGINE=InnoDB DEFAULT CHARSET=utf8 COMMENT='-';

-- ----------------------------
-- Records of sys_user_role
-- ----------------------------
INSERT INTO `sys_user_role` VALUES ('1', '1');
INSERT INTO `sys_user_role` VALUES ('2', '1');
INSERT INTO `sys_user_role` VALUES ('9', '1');
INSERT INTO `sys_user_role` VALUES ('3', '2');
INSERT INTO `sys_user_role` VALUES ('7', '2');
INSERT INTO `sys_user_role` VALUES ('8', '2');
INSERT INTO `sys_user_role` VALUES ('10', '2');
INSERT INTO `sys_user_role` VALUES ('4', '3');
INSERT INTO `sys_user_role` VALUES ('11', '3');
INSERT INTO `sys_user_role` VALUES ('5', '4');
INSERT INTO `sys_user_role` VALUES ('12', '4');
INSERT INTO `sys_user_role` VALUES ('6', '5');
INSERT INTO `sys_user_role` VALUES ('13', '5');
INSERT INTO `sys_user_role` VALUES ('14', '6');
INSERT INTO `sys_user_role` VALUES ('7', '7');
