/*
Navicat MySQL Data Transfer

Source Server         : localhost
Source Server Version : 50619
Source Host           : localhost:3306
Source Database       : caoperator

Target Server Type    : MYSQL
Target Server Version : 50619
File Encoding         : 65001

Date: 2014-09-01 09:50:34
*/

SET FOREIGN_KEY_CHECKS=0;

-- ----------------------------
-- Table structure for account
-- ----------------------------

-- ----------------------------
-- Records of CMS_ARTICLE
-- ----------------------------
INSERT INTO CMS_ARTICLE(ID,CATEGORY_ID,TITLE,COLOR,IMAGE,KEYWORDS,DESCRIPTION,WEIGHT,WEIGHT_DATE,HITS,POSID,CREATE_BY,CREATE_DATE,UPDATE_BY,UPDATE_DATE,REMARKS,DEL_FLAG) VALUES ('1', '3', '文章标题标题标题标题', 'green', null, '关键字1,关键字2', null, '0', null, '0', null, '1', TO_DATE('2013-05-27 08:00:00','yyyy-MM-dd HH24:mi:ss'), '1', TO_DATE('2013-05-27 08:00:00','yyyy-MM-dd HH24:mi:ss'), null, '0');
INSERT INTO CMS_ARTICLE(ID,CATEGORY_ID,TITLE,COLOR,IMAGE,KEYWORDS,DESCRIPTION,WEIGHT,WEIGHT_DATE,HITS,POSID,CREATE_BY,CREATE_DATE,UPDATE_BY,UPDATE_DATE,REMARKS,DEL_FLAG) VALUES ('2', '3', '文章标题标题标题标题', 'red', null, '关键字1,关键字2', null, '0', null, '1', null, '1', TO_DATE('2013-05-27 08:00:00','yyyy-MM-dd HH24:mi:ss'), '1', TO_DATE('2013-05-27 08:00:00','yyyy-MM-dd HH24:mi:ss'), null, '0');
INSERT INTO CMS_ARTICLE(ID,CATEGORY_ID,TITLE,COLOR,IMAGE,KEYWORDS,DESCRIPTION,WEIGHT,WEIGHT_DATE,HITS,POSID,CREATE_BY,CREATE_DATE,UPDATE_BY,UPDATE_DATE,REMARKS,DEL_FLAG) VALUES ('3', '3', '文章标题标题标题标题', null, null, '关键字1,关键字2', null, '0', null, '0', null, '1', TO_DATE('2013-05-27 08:00:00','yyyy-MM-dd HH24:mi:ss'), '1', TO_DATE('2013-05-27 08:00:00','yyyy-MM-dd HH24:mi:ss'), null, '0');
INSERT INTO CMS_ARTICLE(ID,CATEGORY_ID,TITLE,COLOR,IMAGE,KEYWORDS,DESCRIPTION,WEIGHT,WEIGHT_DATE,HITS,POSID,CREATE_BY,CREATE_DATE,UPDATE_BY,UPDATE_DATE,REMARKS,DEL_FLAG) VALUES ('4', '3', '文章标题标题标题标题', 'green', null, '关键字1,关键字2', null, '0', null, '0', null, '1', TO_DATE('2013-05-27 08:00:00','yyyy-MM-dd HH24:mi:ss'), '1', TO_DATE('2013-05-27 08:00:00','yyyy-MM-dd HH24:mi:ss'), null, '0');
INSERT INTO CMS_ARTICLE(ID,CATEGORY_ID,TITLE,COLOR,IMAGE,KEYWORDS,DESCRIPTION,WEIGHT,WEIGHT_DATE,HITS,POSID,CREATE_BY,CREATE_DATE,UPDATE_BY,UPDATE_DATE,REMARKS,DEL_FLAG) VALUES ('5', '3', '文章标题标题标题标题', null, null, '关键字1,关键字2', null, '0', null, '0', null, '1', TO_DATE('2013-05-27 08:00:00','yyyy-MM-dd HH24:mi:ss'), '1', TO_DATE('2013-05-27 08:00:00','yyyy-MM-dd HH24:mi:ss'), null, '0');
INSERT INTO CMS_ARTICLE(ID,CATEGORY_ID,TITLE,COLOR,IMAGE,KEYWORDS,DESCRIPTION,WEIGHT,WEIGHT_DATE,HITS,POSID,CREATE_BY,CREATE_DATE,UPDATE_BY,UPDATE_DATE,REMARKS,DEL_FLAG) VALUES ('6', '3', '文章标题标题标题标题', null, null, '关键字1,关键字2', null, '0', null, '0', null, '1', TO_DATE('2013-05-27 08:00:00','yyyy-MM-dd HH24:mi:ss'), '1', TO_DATE('2013-05-27 08:00:00','yyyy-MM-dd HH24:mi:ss'), null, '0');
INSERT INTO CMS_ARTICLE(ID,CATEGORY_ID,TITLE,COLOR,IMAGE,KEYWORDS,DESCRIPTION,WEIGHT,WEIGHT_DATE,HITS,POSID,CREATE_BY,CREATE_DATE,UPDATE_BY,UPDATE_DATE,REMARKS,DEL_FLAG) VALUES ('7', '4', '文章标题标题标题标题', null, null, '关键字1,关键字2', null, '0', null, '0', null, '1', TO_DATE('2013-05-27 08:00:00','yyyy-MM-dd HH24:mi:ss'), '1', TO_DATE('2013-05-27 08:00:00','yyyy-MM-dd HH24:mi:ss'), null, '0');
INSERT INTO CMS_ARTICLE(ID,CATEGORY_ID,TITLE,COLOR,IMAGE,KEYWORDS,DESCRIPTION,WEIGHT,WEIGHT_DATE,HITS,POSID,CREATE_BY,CREATE_DATE,UPDATE_BY,UPDATE_DATE,REMARKS,DEL_FLAG) VALUES ('8', '4', '文章标题标题标题标题', 'blue', null, '关键字1,关键字2', null, '0', null, '0', null, '1', TO_DATE('2013-05-27 08:00:00','yyyy-MM-dd HH24:mi:ss'), '1', TO_DATE('2013-05-27 08:00:00','yyyy-MM-dd HH24:mi:ss'), null, '0');
INSERT INTO CMS_ARTICLE(ID,CATEGORY_ID,TITLE,COLOR,IMAGE,KEYWORDS,DESCRIPTION,WEIGHT,WEIGHT_DATE,HITS,POSID,CREATE_BY,CREATE_DATE,UPDATE_BY,UPDATE_DATE,REMARKS,DEL_FLAG) VALUES ('9', '4', '文章标题标题标题标题', null, null, '关键字1,关键字2', null, '0', null, '0', null, '1', TO_DATE('2013-05-27 08:00:00','yyyy-MM-dd HH24:mi:ss'), '1', TO_DATE('2013-05-27 08:00:00','yyyy-MM-dd HH24:mi:ss'), null, '0');
INSERT INTO CMS_ARTICLE(ID,CATEGORY_ID,TITLE,COLOR,IMAGE,KEYWORDS,DESCRIPTION,WEIGHT,WEIGHT_DATE,HITS,POSID,CREATE_BY,CREATE_DATE,UPDATE_BY,UPDATE_DATE,REMARKS,DEL_FLAG) VALUES ('10', '4', '文章标题标题标题标题', null, null, '关键字1,关键字2', null, '0', null, '0', null, '1', TO_DATE('2013-05-27 08:00:00','yyyy-MM-dd HH24:mi:ss'), '1', TO_DATE('2013-05-27 08:00:00','yyyy-MM-dd HH24:mi:ss'), null, '0');
INSERT INTO CMS_ARTICLE(ID,CATEGORY_ID,TITLE,COLOR,IMAGE,KEYWORDS,DESCRIPTION,WEIGHT,WEIGHT_DATE,HITS,POSID,CREATE_BY,CREATE_DATE,UPDATE_BY,UPDATE_DATE,REMARKS,DEL_FLAG) VALUES ('11', '5', '文章标题标题标题标题', null, null, '关键字1,关键字2', null, '0', null, '0', null, '1', TO_DATE('2013-05-27 08:00:00','yyyy-MM-dd HH24:mi:ss'), '1', TO_DATE('2013-05-27 08:00:00','yyyy-MM-dd HH24:mi:ss'), null, '0');
INSERT INTO CMS_ARTICLE(ID,CATEGORY_ID,TITLE,COLOR,IMAGE,KEYWORDS,DESCRIPTION,WEIGHT,WEIGHT_DATE,HITS,POSID,CREATE_BY,CREATE_DATE,UPDATE_BY,UPDATE_DATE,REMARKS,DEL_FLAG) VALUES ('12', '5', '文章标题标题标题标题', null, null, '关键字1,关键字2', null, '0', null, '0', null, '1', TO_DATE('2013-05-27 08:00:00','yyyy-MM-dd HH24:mi:ss'), '1', TO_DATE('2013-05-27 08:00:00','yyyy-MM-dd HH24:mi:ss'), null, '0');
INSERT INTO CMS_ARTICLE(ID,CATEGORY_ID,TITLE,COLOR,IMAGE,KEYWORDS,DESCRIPTION,WEIGHT,WEIGHT_DATE,HITS,POSID,CREATE_BY,CREATE_DATE,UPDATE_BY,UPDATE_DATE,REMARKS,DEL_FLAG) VALUES ('13', '5', '文章标题标题标题标题', null, null, '关键字1,关键字2', null, '0', null, '0', null, '1', TO_DATE('2013-05-27 08:00:00','yyyy-MM-dd HH24:mi:ss'), '1', TO_DATE('2013-05-27 08:00:00','yyyy-MM-dd HH24:mi:ss'), null, '0');
INSERT INTO CMS_ARTICLE(ID,CATEGORY_ID,TITLE,COLOR,IMAGE,KEYWORDS,DESCRIPTION,WEIGHT,WEIGHT_DATE,HITS,POSID,CREATE_BY,CREATE_DATE,UPDATE_BY,UPDATE_DATE,REMARKS,DEL_FLAG) VALUES ('14', '7', '文章标题标题标题标题', null, null, '关键字1,关键字2', null, '0', null, '1', null, '1', TO_DATE('2013-05-27 08:00:00','yyyy-MM-dd HH24:mi:ss'), '1', TO_DATE('2013-05-27 08:00:00','yyyy-MM-dd HH24:mi:ss'), null, '0');
INSERT INTO CMS_ARTICLE(ID,CATEGORY_ID,TITLE,COLOR,IMAGE,KEYWORDS,DESCRIPTION,WEIGHT,WEIGHT_DATE,HITS,POSID,CREATE_BY,CREATE_DATE,UPDATE_BY,UPDATE_DATE,REMARKS,DEL_FLAG) VALUES ('15', '7', '文章标题标题标题标题', null, null, '关键字1,关键字2', null, '0', null, '0', null, '1', TO_DATE('2013-05-27 08:00:00','yyyy-MM-dd HH24:mi:ss'), '1', TO_DATE('2013-05-27 08:00:00','yyyy-MM-dd HH24:mi:ss'), null, '0');
INSERT INTO CMS_ARTICLE(ID,CATEGORY_ID,TITLE,COLOR,IMAGE,KEYWORDS,DESCRIPTION,WEIGHT,WEIGHT_DATE,HITS,POSID,CREATE_BY,CREATE_DATE,UPDATE_BY,UPDATE_DATE,REMARKS,DEL_FLAG) VALUES ('16', '7', '文章标题标题标题标题', null, null, '关键字1,关键字2', null, '0', null, '0', null, '1', TO_DATE('2013-05-27 08:00:00','yyyy-MM-dd HH24:mi:ss'), '1', TO_DATE('2013-05-27 08:00:00','yyyy-MM-dd HH24:mi:ss'), null, '0');
INSERT INTO CMS_ARTICLE(ID,CATEGORY_ID,TITLE,COLOR,IMAGE,KEYWORDS,DESCRIPTION,WEIGHT,WEIGHT_DATE,HITS,POSID,CREATE_BY,CREATE_DATE,UPDATE_BY,UPDATE_DATE,REMARKS,DEL_FLAG) VALUES ('17', '7', '文章标题标题标题标题', null, null, '关键字1,关键字2', null, '0', null, '0', null, '1', TO_DATE('2013-05-27 08:00:00','yyyy-MM-dd HH24:mi:ss'), '1', TO_DATE('2013-05-27 08:00:00','yyyy-MM-dd HH24:mi:ss'), null, '0');
INSERT INTO CMS_ARTICLE(ID,CATEGORY_ID,TITLE,COLOR,IMAGE,KEYWORDS,DESCRIPTION,WEIGHT,WEIGHT_DATE,HITS,POSID,CREATE_BY,CREATE_DATE,UPDATE_BY,UPDATE_DATE,REMARKS,DEL_FLAG) VALUES ('18', '8', '文章标题标题标题标题', null, null, '关键字1,关键字2', null, '0', null, '0', null, '1', TO_DATE('2013-05-27 08:00:00','yyyy-MM-dd HH24:mi:ss'), '1', TO_DATE('2013-05-27 08:00:00','yyyy-MM-dd HH24:mi:ss'), null, '0');
INSERT INTO CMS_ARTICLE(ID,CATEGORY_ID,TITLE,COLOR,IMAGE,KEYWORDS,DESCRIPTION,WEIGHT,WEIGHT_DATE,HITS,POSID,CREATE_BY,CREATE_DATE,UPDATE_BY,UPDATE_DATE,REMARKS,DEL_FLAG) VALUES ('19', '8', '文章标题标题标题标题', null, null, '关键字1,关键字2', null, '0', null, '0', null, '1', TO_DATE('2013-05-27 08:00:00','yyyy-MM-dd HH24:mi:ss'), '1', TO_DATE('2013-05-27 08:00:00','yyyy-MM-dd HH24:mi:ss'), null, '0');
INSERT INTO CMS_ARTICLE(ID,CATEGORY_ID,TITLE,COLOR,IMAGE,KEYWORDS,DESCRIPTION,WEIGHT,WEIGHT_DATE,HITS,POSID,CREATE_BY,CREATE_DATE,UPDATE_BY,UPDATE_DATE,REMARKS,DEL_FLAG) VALUES ('20', '8', '文章标题标题标题标题', null, null, '关键字1,关键字2', null, '0', null, '0', null, '1', TO_DATE('2013-05-27 08:00:00','yyyy-MM-dd HH24:mi:ss'), '1', TO_DATE('2013-05-27 08:00:00','yyyy-MM-dd HH24:mi:ss'), null, '0');
INSERT INTO CMS_ARTICLE(ID,CATEGORY_ID,TITLE,COLOR,IMAGE,KEYWORDS,DESCRIPTION,WEIGHT,WEIGHT_DATE,HITS,POSID,CREATE_BY,CREATE_DATE,UPDATE_BY,UPDATE_DATE,REMARKS,DEL_FLAG) VALUES ('21', '8', '文章标题标题标题标题', null, null, '关键字1,关键字2', null, '0', null, '0', null, '1', TO_DATE('2013-05-27 08:00:00','yyyy-MM-dd HH24:mi:ss'), '1', TO_DATE('2013-05-27 08:00:00','yyyy-MM-dd HH24:mi:ss'), null, '0');
INSERT INTO CMS_ARTICLE(ID,CATEGORY_ID,TITLE,COLOR,IMAGE,KEYWORDS,DESCRIPTION,WEIGHT,WEIGHT_DATE,HITS,POSID,CREATE_BY,CREATE_DATE,UPDATE_BY,UPDATE_DATE,REMARKS,DEL_FLAG) VALUES ('22', '9', '文章标题标题标题标题', null, null, '关键字1,关键字2', null, '0', null, '0', null, '1', TO_DATE('2013-05-27 08:00:00','yyyy-MM-dd HH24:mi:ss'), '1', TO_DATE('2013-05-27 08:00:00','yyyy-MM-dd HH24:mi:ss'), null, '0');
INSERT INTO CMS_ARTICLE(ID,CATEGORY_ID,TITLE,COLOR,IMAGE,KEYWORDS,DESCRIPTION,WEIGHT,WEIGHT_DATE,HITS,POSID,CREATE_BY,CREATE_DATE,UPDATE_BY,UPDATE_DATE,REMARKS,DEL_FLAG) VALUES ('23', '9', '文章标题标题标题标题', null, null, '关键字1,关键字2', null, '0', null, '0', null, '1', TO_DATE('2013-05-27 08:00:00','yyyy-MM-dd HH24:mi:ss'), '1', TO_DATE('2013-05-27 08:00:00','yyyy-MM-dd HH24:mi:ss'), null, '0');
INSERT INTO CMS_ARTICLE(ID,CATEGORY_ID,TITLE,COLOR,IMAGE,KEYWORDS,DESCRIPTION,WEIGHT,WEIGHT_DATE,HITS,POSID,CREATE_BY,CREATE_DATE,UPDATE_BY,UPDATE_DATE,REMARKS,DEL_FLAG) VALUES ('24', '9', '文章标题标题标题标题', null, null, '关键字1,关键字2', null, '0', null, '0', null, '1', TO_DATE('2013-05-27 08:00:00','yyyy-MM-dd HH24:mi:ss'), '1', TO_DATE('2013-05-27 08:00:00','yyyy-MM-dd HH24:mi:ss'), null, '0');
INSERT INTO CMS_ARTICLE(ID,CATEGORY_ID,TITLE,COLOR,IMAGE,KEYWORDS,DESCRIPTION,WEIGHT,WEIGHT_DATE,HITS,POSID,CREATE_BY,CREATE_DATE,UPDATE_BY,UPDATE_DATE,REMARKS,DEL_FLAG) VALUES ('25', '9', '文章标题标题标题标题', null, null, '关键字1,关键字2', null, '0', null, '0', null, '1', TO_DATE('2013-05-27 08:00:00','yyyy-MM-dd HH24:mi:ss'), '1', TO_DATE('2013-05-27 08:00:00','yyyy-MM-dd HH24:mi:ss'), null, '0');
INSERT INTO CMS_ARTICLE(ID,CATEGORY_ID,TITLE,COLOR,IMAGE,KEYWORDS,DESCRIPTION,WEIGHT,WEIGHT_DATE,HITS,POSID,CREATE_BY,CREATE_DATE,UPDATE_BY,UPDATE_DATE,REMARKS,DEL_FLAG) VALUES ('26', '9', '文章标题标题标题标题', null, null, '关键字1,关键字2', null, '0', null, '0', null, '1', TO_DATE('2013-05-27 08:00:00','yyyy-MM-dd HH24:mi:ss'), '1', TO_DATE('2013-05-27 08:00:00','yyyy-MM-dd HH24:mi:ss'), null, '0');
INSERT INTO CMS_ARTICLE(ID,CATEGORY_ID,TITLE,COLOR,IMAGE,KEYWORDS,DESCRIPTION,WEIGHT,WEIGHT_DATE,HITS,POSID,CREATE_BY,CREATE_DATE,UPDATE_BY,UPDATE_DATE,REMARKS,DEL_FLAG) VALUES ('27', '11', '文章标题标题标题标题', null, null, '关键字1,关键字2', null, '0', null, '0', null, '1', TO_DATE('2013-05-27 08:00:00','yyyy-MM-dd HH24:mi:ss'), '1', TO_DATE('2013-05-27 08:00:00','yyyy-MM-dd HH24:mi:ss'), null, '0');
INSERT INTO CMS_ARTICLE(ID,CATEGORY_ID,TITLE,COLOR,IMAGE,KEYWORDS,DESCRIPTION,WEIGHT,WEIGHT_DATE,HITS,POSID,CREATE_BY,CREATE_DATE,UPDATE_BY,UPDATE_DATE,REMARKS,DEL_FLAG) VALUES ('28', '11', '文章标题标题标题标题', null, null, '关键字1,关键字2', null, '0', null, '0', null, '1', TO_DATE('2013-05-27 08:00:00','yyyy-MM-dd HH24:mi:ss'), '1', TO_DATE('2013-05-27 08:00:00','yyyy-MM-dd HH24:mi:ss'), null, '0');
INSERT INTO CMS_ARTICLE(ID,CATEGORY_ID,TITLE,COLOR,IMAGE,KEYWORDS,DESCRIPTION,WEIGHT,WEIGHT_DATE,HITS,POSID,CREATE_BY,CREATE_DATE,UPDATE_BY,UPDATE_DATE,REMARKS,DEL_FLAG) VALUES ('29', '11', '文章标题标题标题标题', null, null, '关键字1,关键字2', null, '0', null, '0', null, '1', TO_DATE('2013-05-27 08:00:00','yyyy-MM-dd HH24:mi:ss'), '1', TO_DATE('2013-05-27 08:00:00','yyyy-MM-dd HH24:mi:ss'), null, '0');
INSERT INTO CMS_ARTICLE(ID,CATEGORY_ID,TITLE,COLOR,IMAGE,KEYWORDS,DESCRIPTION,WEIGHT,WEIGHT_DATE,HITS,POSID,CREATE_BY,CREATE_DATE,UPDATE_BY,UPDATE_DATE,REMARKS,DEL_FLAG) VALUES ('30', '11', '文章标题标题标题标题', null, null, '关键字1,关键字2', null, '0', null, '0', null, '1', TO_DATE('2013-05-27 08:00:00','yyyy-MM-dd HH24:mi:ss'), '1', TO_DATE('2013-05-27 08:00:00','yyyy-MM-dd HH24:mi:ss'), null, '0');
INSERT INTO CMS_ARTICLE(ID,CATEGORY_ID,TITLE,COLOR,IMAGE,KEYWORDS,DESCRIPTION,WEIGHT,WEIGHT_DATE,HITS,POSID,CREATE_BY,CREATE_DATE,UPDATE_BY,UPDATE_DATE,REMARKS,DEL_FLAG) VALUES ('31', '11', '文章标题标题标题标题', null, null, '关键字1,关键字2', null, '0', null, '0', null, '1', TO_DATE('2013-05-27 08:00:00','yyyy-MM-dd HH24:mi:ss'), '1', TO_DATE('2013-05-27 08:00:00','yyyy-MM-dd HH24:mi:ss'), null, '0');
INSERT INTO CMS_ARTICLE(ID,CATEGORY_ID,TITLE,COLOR,IMAGE,KEYWORDS,DESCRIPTION,WEIGHT,WEIGHT_DATE,HITS,POSID,CREATE_BY,CREATE_DATE,UPDATE_BY,UPDATE_DATE,REMARKS,DEL_FLAG) VALUES ('32', '12', '文章标题标题标题标题', null, null, '关键字1,关键字2', null, '0', null, '0', null, '1', TO_DATE('2013-05-27 08:00:00','yyyy-MM-dd HH24:mi:ss'), '1', TO_DATE('2013-05-27 08:00:00','yyyy-MM-dd HH24:mi:ss'), null, '0');
INSERT INTO CMS_ARTICLE(ID,CATEGORY_ID,TITLE,COLOR,IMAGE,KEYWORDS,DESCRIPTION,WEIGHT,WEIGHT_DATE,HITS,POSID,CREATE_BY,CREATE_DATE,UPDATE_BY,UPDATE_DATE,REMARKS,DEL_FLAG) VALUES ('33', '12', '文章标题标题标题标题', null, null, '关键字1,关键字2', null, '0', null, '0', null, '1', TO_DATE('2013-05-27 08:00:00','yyyy-MM-dd HH24:mi:ss'), '1', TO_DATE('2013-05-27 08:00:00','yyyy-MM-dd HH24:mi:ss'), null, '0');
INSERT INTO CMS_ARTICLE(ID,CATEGORY_ID,TITLE,COLOR,IMAGE,KEYWORDS,DESCRIPTION,WEIGHT,WEIGHT_DATE,HITS,POSID,CREATE_BY,CREATE_DATE,UPDATE_BY,UPDATE_DATE,REMARKS,DEL_FLAG) VALUES ('34', '12', '文章标题标题标题标题', null, null, '关键字1,关键字2', null, '0', null, '0', null, '1', TO_DATE('2013-05-27 08:00:00','yyyy-MM-dd HH24:mi:ss'), '1', TO_DATE('2013-05-27 08:00:00','yyyy-MM-dd HH24:mi:ss'), null, '0');
INSERT INTO CMS_ARTICLE(ID,CATEGORY_ID,TITLE,COLOR,IMAGE,KEYWORDS,DESCRIPTION,WEIGHT,WEIGHT_DATE,HITS,POSID,CREATE_BY,CREATE_DATE,UPDATE_BY,UPDATE_DATE,REMARKS,DEL_FLAG) VALUES ('35', '12', '文章标题标题标题标题', null, null, '关键字1,关键字2', null, '0', null, '0', null, '1', TO_DATE('2013-05-27 08:00:00','yyyy-MM-dd HH24:mi:ss'), '1', TO_DATE('2013-05-27 08:00:00','yyyy-MM-dd HH24:mi:ss'), null, '0');
INSERT INTO CMS_ARTICLE(ID,CATEGORY_ID,TITLE,COLOR,IMAGE,KEYWORDS,DESCRIPTION,WEIGHT,WEIGHT_DATE,HITS,POSID,CREATE_BY,CREATE_DATE,UPDATE_BY,UPDATE_DATE,REMARKS,DEL_FLAG) VALUES ('36', '12', '文章标题标题标题标题', null, null, '关键字1,关键字2', null, '0', null, '0', null, '1', TO_DATE('2013-05-27 08:00:00','yyyy-MM-dd HH24:mi:ss'), '1', TO_DATE('2013-05-27 08:00:00','yyyy-MM-dd HH24:mi:ss'), null, '0');
INSERT INTO CMS_ARTICLE(ID,CATEGORY_ID,TITLE,COLOR,IMAGE,KEYWORDS,DESCRIPTION,WEIGHT,WEIGHT_DATE,HITS,POSID,CREATE_BY,CREATE_DATE,UPDATE_BY,UPDATE_DATE,REMARKS,DEL_FLAG) VALUES ('37', '13', '文章标题标题标题标题', null, null, '关键字1,关键字2', null, '0', null, '0', null, '1', TO_DATE('2013-05-27 08:00:00','yyyy-MM-dd HH24:mi:ss'), '1', TO_DATE('2013-05-27 08:00:00','yyyy-MM-dd HH24:mi:ss'), null, '0');
INSERT INTO CMS_ARTICLE(ID,CATEGORY_ID,TITLE,COLOR,IMAGE,KEYWORDS,DESCRIPTION,WEIGHT,WEIGHT_DATE,HITS,POSID,CREATE_BY,CREATE_DATE,UPDATE_BY,UPDATE_DATE,REMARKS,DEL_FLAG) VALUES ('38', '13', '文章标题标题标题标题', null, null, '关键字1,关键字2', null, '0', null, '0', null, '1', TO_DATE('2013-05-27 08:00:00','yyyy-MM-dd HH24:mi:ss'), '1', TO_DATE('2013-05-27 08:00:00','yyyy-MM-dd HH24:mi:ss'), null, '0');
INSERT INTO CMS_ARTICLE(ID,CATEGORY_ID,TITLE,COLOR,IMAGE,KEYWORDS,DESCRIPTION,WEIGHT,WEIGHT_DATE,HITS,POSID,CREATE_BY,CREATE_DATE,UPDATE_BY,UPDATE_DATE,REMARKS,DEL_FLAG) VALUES ('39', '13', '文章标题标题标题标题', null, null, '关键字1,关键字2', null, '0', null, '0', null, '1', TO_DATE('2013-05-27 08:00:00','yyyy-MM-dd HH24:mi:ss'), '1', TO_DATE('2013-05-27 08:00:00','yyyy-MM-dd HH24:mi:ss'), null, '0');
INSERT INTO CMS_ARTICLE(ID,CATEGORY_ID,TITLE,COLOR,IMAGE,KEYWORDS,DESCRIPTION,WEIGHT,WEIGHT_DATE,HITS,POSID,CREATE_BY,CREATE_DATE,UPDATE_BY,UPDATE_DATE,REMARKS,DEL_FLAG) VALUES ('40', '13', '文章标题标题标题标题', null, null, '关键字1,关键字2', null, '0', null, '0', null, '1', TO_DATE('2013-05-27 08:00:00','yyyy-MM-dd HH24:mi:ss'), '1', TO_DATE('2013-05-27 08:00:00','yyyy-MM-dd HH24:mi:ss'), null, '0');
INSERT INTO CMS_ARTICLE(ID,CATEGORY_ID,TITLE,COLOR,IMAGE,KEYWORDS,DESCRIPTION,WEIGHT,WEIGHT_DATE,HITS,POSID,CREATE_BY,CREATE_DATE,UPDATE_BY,UPDATE_DATE,REMARKS,DEL_FLAG) VALUES ('41', '14', '文章标题标题标题标题', null, null, '关键字1,关键字2', null, '0', null, '0', null, '1', TO_DATE('2013-05-27 08:00:00','yyyy-MM-dd HH24:mi:ss'), '1', TO_DATE('2013-05-27 08:00:00','yyyy-MM-dd HH24:mi:ss'), null, '0');
INSERT INTO CMS_ARTICLE(ID,CATEGORY_ID,TITLE,COLOR,IMAGE,KEYWORDS,DESCRIPTION,WEIGHT,WEIGHT_DATE,HITS,POSID,CREATE_BY,CREATE_DATE,UPDATE_BY,UPDATE_DATE,REMARKS,DEL_FLAG) VALUES ('42', '14', '文章标题标题标题标题', null, null, '关键字1,关键字2', null, '0', null, '0', null, '1', TO_DATE('2013-05-27 08:00:00','yyyy-MM-dd HH24:mi:ss'), '1', TO_DATE('2013-05-27 08:00:00','yyyy-MM-dd HH24:mi:ss'), null, '0');
INSERT INTO CMS_ARTICLE(ID,CATEGORY_ID,TITLE,COLOR,IMAGE,KEYWORDS,DESCRIPTION,WEIGHT,WEIGHT_DATE,HITS,POSID,CREATE_BY,CREATE_DATE,UPDATE_BY,UPDATE_DATE,REMARKS,DEL_FLAG) VALUES ('43', '14', '文章标题标题标题标题', null, null, '关键字1,关键字2', null, '0', null, '0', null, '1', TO_DATE('2013-05-27 08:00:00','yyyy-MM-dd HH24:mi:ss'), '1', TO_DATE('2013-05-27 08:00:00','yyyy-MM-dd HH24:mi:ss'), null, '0');
INSERT INTO CMS_ARTICLE(ID,CATEGORY_ID,TITLE,COLOR,IMAGE,KEYWORDS,DESCRIPTION,WEIGHT,WEIGHT_DATE,HITS,POSID,CREATE_BY,CREATE_DATE,UPDATE_BY,UPDATE_DATE,REMARKS,DEL_FLAG) VALUES ('44', '14', '文章标题标题标题标题', null, null, '关键字1,关键字2', null, '0', null, '0', null, '1', TO_DATE('2013-05-27 08:00:00','yyyy-MM-dd HH24:mi:ss'), '1', TO_DATE('2013-05-27 08:00:00','yyyy-MM-dd HH24:mi:ss'), null, '0');
INSERT INTO CMS_ARTICLE(ID,CATEGORY_ID,TITLE,COLOR,IMAGE,KEYWORDS,DESCRIPTION,WEIGHT,WEIGHT_DATE,HITS,POSID,CREATE_BY,CREATE_DATE,UPDATE_BY,UPDATE_DATE,REMARKS,DEL_FLAG) VALUES ('45', '14', '文章标题标题标题标题', null, null, '关键字1,关键字2', null, '0', null, '0', null, '1', TO_DATE('2013-05-27 08:00:00','yyyy-MM-dd HH24:mi:ss'), '1', TO_DATE('2013-05-27 08:00:00','yyyy-MM-dd HH24:mi:ss'), null, '0');
INSERT INTO CMS_ARTICLE(ID,CATEGORY_ID,TITLE,COLOR,IMAGE,KEYWORDS,DESCRIPTION,WEIGHT,WEIGHT_DATE,HITS,POSID,CREATE_BY,CREATE_DATE,UPDATE_BY,UPDATE_DATE,REMARKS,DEL_FLAG) VALUES ('46', '15', '文章标题标题标题标题', null, null, '关键字1,关键字2', null, '0', null, '0', null, '1', TO_DATE('2013-05-27 08:00:00','yyyy-MM-dd HH24:mi:ss'), '1', TO_DATE('2013-05-27 08:00:00','yyyy-MM-dd HH24:mi:ss'), null, '0');
INSERT INTO CMS_ARTICLE(ID,CATEGORY_ID,TITLE,COLOR,IMAGE,KEYWORDS,DESCRIPTION,WEIGHT,WEIGHT_DATE,HITS,POSID,CREATE_BY,CREATE_DATE,UPDATE_BY,UPDATE_DATE,REMARKS,DEL_FLAG) VALUES ('47', '15', '文章标题标题标题标题', null, null, '关键字1,关键字2', null, '0', null, '0', null, '1', TO_DATE('2013-05-27 08:00:00','yyyy-MM-dd HH24:mi:ss'), '1', TO_DATE('2013-05-27 08:00:00','yyyy-MM-dd HH24:mi:ss'), null, '0');
INSERT INTO CMS_ARTICLE(ID,CATEGORY_ID,TITLE,COLOR,IMAGE,KEYWORDS,DESCRIPTION,WEIGHT,WEIGHT_DATE,HITS,POSID,CREATE_BY,CREATE_DATE,UPDATE_BY,UPDATE_DATE,REMARKS,DEL_FLAG) VALUES ('48', '15', '文章标题标题标题标题', null, null, '关键字1,关键字2', null, '0', null, '0', null, '1', TO_DATE('2013-05-27 08:00:00','yyyy-MM-dd HH24:mi:ss'), '1', TO_DATE('2013-05-27 08:00:00','yyyy-MM-dd HH24:mi:ss'), null, '0');
INSERT INTO CMS_ARTICLE(ID,CATEGORY_ID,TITLE,COLOR,IMAGE,KEYWORDS,DESCRIPTION,WEIGHT,WEIGHT_DATE,HITS,POSID,CREATE_BY,CREATE_DATE,UPDATE_BY,UPDATE_DATE,REMARKS,DEL_FLAG) VALUES ('49', '16', '文章标题标题标题标题', null, null, '关键字1,关键字2', null, '0', null, '0', null, '1', TO_DATE('2013-05-27 08:00:00','yyyy-MM-dd HH24:mi:ss'), '1', TO_DATE('2013-05-27 08:00:00','yyyy-MM-dd HH24:mi:ss'), null, '0');
INSERT INTO CMS_ARTICLE(ID,CATEGORY_ID,TITLE,COLOR,IMAGE,KEYWORDS,DESCRIPTION,WEIGHT,WEIGHT_DATE,HITS,POSID,CREATE_BY,CREATE_DATE,UPDATE_BY,UPDATE_DATE,REMARKS,DEL_FLAG) VALUES ('50', '17', '文章标题标题标题标题', null, null, '关键字1,关键字2', null, '0', null, '0', null, '1', TO_DATE('2013-05-27 08:00:00','yyyy-MM-dd HH24:mi:ss'), '1', TO_DATE('2013-05-27 08:00:00','yyyy-MM-dd HH24:mi:ss'), null, '0');
INSERT INTO CMS_ARTICLE(ID,CATEGORY_ID,TITLE,COLOR,IMAGE,KEYWORDS,DESCRIPTION,WEIGHT,WEIGHT_DATE,HITS,POSID,CREATE_BY,CREATE_DATE,UPDATE_BY,UPDATE_DATE,REMARKS,DEL_FLAG) VALUES ('51', '17', '文章标题标题标题标题', null, null, '关键字1,关键字2', null, '0', null, '0', null, '1', TO_DATE('2013-05-27 08:00:00','yyyy-MM-dd HH24:mi:ss'), '1', TO_DATE('2013-05-27 08:00:00','yyyy-MM-dd HH24:mi:ss'), null, '0');
INSERT INTO CMS_ARTICLE(ID,CATEGORY_ID,TITLE,COLOR,IMAGE,KEYWORDS,DESCRIPTION,WEIGHT,WEIGHT_DATE,HITS,POSID,CREATE_BY,CREATE_DATE,UPDATE_BY,UPDATE_DATE,REMARKS,DEL_FLAG) VALUES ('52', '26', '文章标题标题标题标题', null, null, '关键字1,关键字2', null, '0', null, '0', null, '1', TO_DATE('2013-05-27 08:00:00','yyyy-MM-dd HH24:mi:ss'), '1', TO_DATE('2013-05-27 08:00:00','yyyy-MM-dd HH24:mi:ss'), null, '0');
INSERT INTO CMS_ARTICLE(ID,CATEGORY_ID,TITLE,COLOR,IMAGE,KEYWORDS,DESCRIPTION,WEIGHT,WEIGHT_DATE,HITS,POSID,CREATE_BY,CREATE_DATE,UPDATE_BY,UPDATE_DATE,REMARKS,DEL_FLAG) VALUES ('53', '26', '文章标题标题标题标题', null, null, '关键字1,关键字2', null, '0', null, '0', null, '1', TO_DATE('2013-05-27 08:00:00','yyyy-MM-dd HH24:mi:ss'), '1', TO_DATE('2013-05-27 08:00:00','yyyy-MM-dd HH24:mi:ss'), null, '0');


-- ----------------------------
-- Records of CMS_ARTICLE_data
-- ----------------------------
INSERT INTO CMS_ARTICLE_DATA(ID,CONTENT,COPYFROM,RELATION,ALLOW_COMMENT) VALUES ('1', '文章内容内容内容内容', '来源', '1,2,3', '1');
INSERT INTO CMS_ARTICLE_DATA(ID,CONTENT,COPYFROM,RELATION,ALLOW_COMMENT) VALUES ('2', '文章内容内容内容内容', '来源', '1,2,3', '1');
INSERT INTO CMS_ARTICLE_DATA(ID,CONTENT,COPYFROM,RELATION,ALLOW_COMMENT) VALUES ('3', '文章内容内容内容内容', '来源', '1,2,3', '1');
INSERT INTO CMS_ARTICLE_DATA(ID,CONTENT,COPYFROM,RELATION,ALLOW_COMMENT) VALUES ('4', '文章内容内容内容内容', '来源', '1,2,3', '1');
INSERT INTO CMS_ARTICLE_DATA(ID,CONTENT,COPYFROM,RELATION,ALLOW_COMMENT) VALUES ('5', '文章内容内容内容内容', '来源', '1,2,3', '1');
INSERT INTO CMS_ARTICLE_DATA(ID,CONTENT,COPYFROM,RELATION,ALLOW_COMMENT) VALUES ('6', '文章内容内容内容内容', '来源', '1,2,3', '1');
INSERT INTO CMS_ARTICLE_DATA(ID,CONTENT,COPYFROM,RELATION,ALLOW_COMMENT) VALUES ('7', '文章内容内容内容内容', '来源', '1,2,3', '1');
INSERT INTO CMS_ARTICLE_DATA(ID,CONTENT,COPYFROM,RELATION,ALLOW_COMMENT) VALUES ('8', '文章内容内容内容内容', '来源', '1,2,3', '1');
INSERT INTO CMS_ARTICLE_DATA(ID,CONTENT,COPYFROM,RELATION,ALLOW_COMMENT) VALUES ('9', '文章内容内容内容内容', '来源', '1,2,3', '1');
INSERT INTO CMS_ARTICLE_DATA(ID,CONTENT,COPYFROM,RELATION,ALLOW_COMMENT) VALUES ('10', '文章内容内容内容内容', '来源', '1,2,3', '1');
INSERT INTO CMS_ARTICLE_DATA(ID,CONTENT,COPYFROM,RELATION,ALLOW_COMMENT) VALUES ('11', '文章内容内容内容内容', '来源', '1,2,3', '1');
INSERT INTO CMS_ARTICLE_DATA(ID,CONTENT,COPYFROM,RELATION,ALLOW_COMMENT) VALUES ('12', '文章内容内容内容内容', '来源', '1,2,3', '1');
INSERT INTO CMS_ARTICLE_DATA(ID,CONTENT,COPYFROM,RELATION,ALLOW_COMMENT) VALUES ('13', '文章内容内容内容内容', '来源', '1,2,3', '1');
INSERT INTO CMS_ARTICLE_DATA(ID,CONTENT,COPYFROM,RELATION,ALLOW_COMMENT) VALUES ('14', '文章内容内容内容内容', '来源', '1,2,3', '1');
INSERT INTO CMS_ARTICLE_DATA(ID,CONTENT,COPYFROM,RELATION,ALLOW_COMMENT) VALUES ('15', '文章内容内容内容内容', '来源', '1,2,3', '1');
INSERT INTO CMS_ARTICLE_DATA(ID,CONTENT,COPYFROM,RELATION,ALLOW_COMMENT) VALUES ('16', '文章内容内容内容内容', '来源', '1,2,3', '1');
INSERT INTO CMS_ARTICLE_DATA(ID,CONTENT,COPYFROM,RELATION,ALLOW_COMMENT) VALUES ('17', '文章内容内容内容内容', '来源', '1,2,3', '1');
INSERT INTO CMS_ARTICLE_DATA(ID,CONTENT,COPYFROM,RELATION,ALLOW_COMMENT) VALUES ('18', '文章内容内容内容内容', '来源', '1,2,3', '1');
INSERT INTO CMS_ARTICLE_DATA(ID,CONTENT,COPYFROM,RELATION,ALLOW_COMMENT) VALUES ('19', '文章内容内容内容内容', '来源', '1,2,3', '1');
INSERT INTO CMS_ARTICLE_DATA(ID,CONTENT,COPYFROM,RELATION,ALLOW_COMMENT) VALUES ('20', '文章内容内容内容内容', '来源', '1,2,3', '1');
INSERT INTO CMS_ARTICLE_DATA(ID,CONTENT,COPYFROM,RELATION,ALLOW_COMMENT) VALUES ('21', '文章内容内容内容内容', '来源', '1,2,3', '1');
INSERT INTO CMS_ARTICLE_DATA(ID,CONTENT,COPYFROM,RELATION,ALLOW_COMMENT) VALUES ('22', '文章内容内容内容内容', '来源', '1,2,3', '1');
INSERT INTO CMS_ARTICLE_DATA(ID,CONTENT,COPYFROM,RELATION,ALLOW_COMMENT) VALUES ('23', '文章内容内容内容内容', '来源', '1,2,3', '1');
INSERT INTO CMS_ARTICLE_DATA(ID,CONTENT,COPYFROM,RELATION,ALLOW_COMMENT) VALUES ('24', '文章内容内容内容内容', '来源', '1,2,3', '1');
INSERT INTO CMS_ARTICLE_DATA(ID,CONTENT,COPYFROM,RELATION,ALLOW_COMMENT) VALUES ('25', '文章内容内容内容内容', '来源', '1,2,3', '1');
INSERT INTO CMS_ARTICLE_DATA(ID,CONTENT,COPYFROM,RELATION,ALLOW_COMMENT) VALUES ('26', '文章内容内容内容内容', '来源', '1,2,3', '1');
INSERT INTO CMS_ARTICLE_DATA(ID,CONTENT,COPYFROM,RELATION,ALLOW_COMMENT) VALUES ('27', '文章内容内容内容内容', '来源', '1,2,3', '1');
INSERT INTO CMS_ARTICLE_DATA(ID,CONTENT,COPYFROM,RELATION,ALLOW_COMMENT) VALUES ('28', '文章内容内容内容内容', '来源', '1,2,3', '1');
INSERT INTO CMS_ARTICLE_DATA(ID,CONTENT,COPYFROM,RELATION,ALLOW_COMMENT) VALUES ('29', '文章内容内容内容内容', '来源', '1,2,3', '1');
INSERT INTO CMS_ARTICLE_DATA(ID,CONTENT,COPYFROM,RELATION,ALLOW_COMMENT) VALUES ('30', '文章内容内容内容内容', '来源', '1,2,3', '1');
INSERT INTO CMS_ARTICLE_DATA(ID,CONTENT,COPYFROM,RELATION,ALLOW_COMMENT) VALUES ('31', '文章内容内容内容内容', '来源', '1,2,3', '1');
INSERT INTO CMS_ARTICLE_DATA(ID,CONTENT,COPYFROM,RELATION,ALLOW_COMMENT) VALUES ('32', '文章内容内容内容内容', '来源', '1,2,3', '1');
INSERT INTO CMS_ARTICLE_DATA(ID,CONTENT,COPYFROM,RELATION,ALLOW_COMMENT) VALUES ('33', '文章内容内容内容内容', '来源', '1,2,3', '1');
INSERT INTO CMS_ARTICLE_DATA(ID,CONTENT,COPYFROM,RELATION,ALLOW_COMMENT) VALUES ('34', '文章内容内容内容内容', '来源', '1,2,3', '1');
INSERT INTO CMS_ARTICLE_DATA(ID,CONTENT,COPYFROM,RELATION,ALLOW_COMMENT) VALUES ('35', '文章内容内容内容内容', '来源', '1,2,3', '1');
INSERT INTO CMS_ARTICLE_DATA(ID,CONTENT,COPYFROM,RELATION,ALLOW_COMMENT) VALUES ('36', '文章内容内容内容内容', '来源', '1,2,3', '1');
INSERT INTO CMS_ARTICLE_DATA(ID,CONTENT,COPYFROM,RELATION,ALLOW_COMMENT) VALUES ('37', '文章内容内容内容内容', '来源', '1,2,3', '1');
INSERT INTO CMS_ARTICLE_DATA(ID,CONTENT,COPYFROM,RELATION,ALLOW_COMMENT) VALUES ('38', '文章内容内容内容内容', '来源', '1,2,3', '1');
INSERT INTO CMS_ARTICLE_DATA(ID,CONTENT,COPYFROM,RELATION,ALLOW_COMMENT) VALUES ('39', '文章内容内容内容内容', '来源', '1,2,3', '1');
INSERT INTO CMS_ARTICLE_DATA(ID,CONTENT,COPYFROM,RELATION,ALLOW_COMMENT) VALUES ('40', '文章内容内容内容内容', '来源', '1,2,3', '1');
INSERT INTO CMS_ARTICLE_DATA(ID,CONTENT,COPYFROM,RELATION,ALLOW_COMMENT) VALUES ('41', '文章内容内容内容内容', '来源', '1,2,3', '1');
INSERT INTO CMS_ARTICLE_DATA(ID,CONTENT,COPYFROM,RELATION,ALLOW_COMMENT) VALUES ('42', '文章内容内容内容内容', '来源', '1,2,3', '1');
INSERT INTO CMS_ARTICLE_DATA(ID,CONTENT,COPYFROM,RELATION,ALLOW_COMMENT) VALUES ('43', '文章内容内容内容内容', '来源', '1,2,3', '1');
INSERT INTO CMS_ARTICLE_DATA(ID,CONTENT,COPYFROM,RELATION,ALLOW_COMMENT) VALUES ('44', '文章内容内容内容内容', '来源', '1,2,3', '1');
INSERT INTO CMS_ARTICLE_DATA(ID,CONTENT,COPYFROM,RELATION,ALLOW_COMMENT) VALUES ('45', '文章内容内容内容内容', '来源', '1,2,3', '1');
INSERT INTO CMS_ARTICLE_DATA(ID,CONTENT,COPYFROM,RELATION,ALLOW_COMMENT) VALUES ('46', '文章内容内容内容内容', '来源', '1,2,3', '1');
INSERT INTO CMS_ARTICLE_DATA(ID,CONTENT,COPYFROM,RELATION,ALLOW_COMMENT) VALUES ('47', '文章内容内容内容内容', '来源', '1,2,3', '1');
INSERT INTO CMS_ARTICLE_DATA(ID,CONTENT,COPYFROM,RELATION,ALLOW_COMMENT) VALUES ('48', '文章内容内容内容内容', '来源', '1,2,3', '1');
INSERT INTO CMS_ARTICLE_DATA(ID,CONTENT,COPYFROM,RELATION,ALLOW_COMMENT) VALUES ('49', '文章内容内容内容内容', '来源', '1,2,3', '1');
INSERT INTO CMS_ARTICLE_DATA(ID,CONTENT,COPYFROM,RELATION,ALLOW_COMMENT) VALUES ('50', '文章内容内容内容内容', '来源', '1,2,3', '1');
INSERT INTO CMS_ARTICLE_DATA(ID,CONTENT,COPYFROM,RELATION,ALLOW_COMMENT) VALUES ('51', '文章内容内容内容内容', '来源', '1,2,3', '1');
INSERT INTO CMS_ARTICLE_DATA(ID,CONTENT,COPYFROM,RELATION,ALLOW_COMMENT) VALUES ('52', '文章内容内容内容内容', '来源', '1,2,3', '1');
INSERT INTO CMS_ARTICLE_DATA(ID,CONTENT,COPYFROM,RELATION,ALLOW_COMMENT) VALUES ('53', '文章内容内容内容内容', '来源', '1,2,3', '1');


-- ----------------------------
-- Records of CMS_CATEGORY
-- ----------------------------
INSERT INTO CMS_CATEGORY(ID,SITE_ID,OFFICE_ID,PARENT_ID,PARENT_IDS,MODULE,NAME,IMAGE,HREF,TARGET,DESCRIPTION,KEYWORDS,SORT,IN_MENU,IN_LIST,SHOU_MODES,ALLOW_COMMENT,IS_AUDIT,CUSTOM_LIST_VIEW,CUSTOM_CONTENT_VIEW,CREATE_DATE,UPDATE_BY,UPDATE_DATE,REMARKS,DEL_FLAG) VALUES ('1', '0', '1', '0', '0,', null, '顶级栏目', null, null, null, null, null, '0', '1', '1', '0', '0', '1', null, null, '1', TO_DATE('2013-05-27 08:00:00','yyyy-MM-dd HH24:mi:ss'), '1', TO_DATE('2013-05-27 08:00:00','yyyy-MM-dd HH24:mi:ss'), null, '0');
INSERT INTO CMS_CATEGORY(ID,SITE_ID,OFFICE_ID,PARENT_ID,PARENT_IDS,MODULE,NAME,IMAGE,HREF,TARGET,DESCRIPTION,KEYWORDS,SORT,IN_MENU,IN_LIST,SHOU_MODES,ALLOW_COMMENT,IS_AUDIT,CUSTOM_LIST_VIEW,CUSTOM_CONTENT_VIEW,CREATE_DATE,UPDATE_BY,UPDATE_DATE,REMARKS,DEL_FLAG) VALUES ('2', '1', '1', '1', '0,1,', 'article', '组织机构', null, null, null, null, null, '10', '1', '1', '0', '0', '1', null, null, '1', TO_DATE('2013-05-27 08:00:00','yyyy-MM-dd HH24:mi:ss'), '1', TO_DATE('2013-05-27 08:00:00','yyyy-MM-dd HH24:mi:ss'), null, '0');
INSERT INTO CMS_CATEGORY(ID,SITE_ID,OFFICE_ID,PARENT_ID,PARENT_IDS,MODULE,NAME,IMAGE,HREF,TARGET,DESCRIPTION,KEYWORDS,SORT,IN_MENU,IN_LIST,SHOU_MODES,ALLOW_COMMENT,IS_AUDIT,CUSTOM_LIST_VIEW,CUSTOM_CONTENT_VIEW,CREATE_DATE,UPDATE_BY,UPDATE_DATE,REMARKS,DEL_FLAG) VALUES ('3', '1', '1', '2', '0,1,2,', 'article', '网站简介', null, null, null, null, null, '30', '1', '1', '0', '0', '1', null, null, '1', TO_DATE('2013-05-27 08:00:00','yyyy-MM-dd HH24:mi:ss'), '1', TO_DATE('2013-05-27 08:00:00','yyyy-MM-dd HH24:mi:ss'), null, '0');
INSERT INTO CMS_CATEGORY(ID,SITE_ID,OFFICE_ID,PARENT_ID,PARENT_IDS,MODULE,NAME,IMAGE,HREF,TARGET,DESCRIPTION,KEYWORDS,SORT,IN_MENU,IN_LIST,SHOU_MODES,ALLOW_COMMENT,IS_AUDIT,CUSTOM_LIST_VIEW,CUSTOM_CONTENT_VIEW,CREATE_DATE,UPDATE_BY,UPDATE_DATE,REMARKS,DEL_FLAG) VALUES ('4', '1', '1', '2', '0,1,2,', 'article', '内部机构', null, null, null, null, null, '40', '1', '1', '0', '0', '1', null, null, '1', TO_DATE('2013-05-27 08:00:00','yyyy-MM-dd HH24:mi:ss'), '1', TO_DATE('2013-05-27 08:00:00','yyyy-MM-dd HH24:mi:ss'), null, '0');
INSERT INTO CMS_CATEGORY(ID,SITE_ID,OFFICE_ID,PARENT_ID,PARENT_IDS,MODULE,NAME,IMAGE,HREF,TARGET,DESCRIPTION,KEYWORDS,SORT,IN_MENU,IN_LIST,SHOU_MODES,ALLOW_COMMENT,IS_AUDIT,CUSTOM_LIST_VIEW,CUSTOM_CONTENT_VIEW,CREATE_DATE,UPDATE_BY,UPDATE_DATE,REMARKS,DEL_FLAG) VALUES ('5', '1', '1', '2', '0,1,2,', 'article', '地方机构', null, null, null, null, null, '50', '1', '1', '0', '0', '1', null, null, '1', TO_DATE('2013-05-27 08:00:00','yyyy-MM-dd HH24:mi:ss'), '1', TO_DATE('2013-05-27 08:00:00','yyyy-MM-dd HH24:mi:ss'), null, '0');
INSERT INTO CMS_CATEGORY(ID,SITE_ID,OFFICE_ID,PARENT_ID,PARENT_IDS,MODULE,NAME,IMAGE,HREF,TARGET,DESCRIPTION,KEYWORDS,SORT,IN_MENU,IN_LIST,SHOU_MODES,ALLOW_COMMENT,IS_AUDIT,CUSTOM_LIST_VIEW,CUSTOM_CONTENT_VIEW,CREATE_DATE,UPDATE_BY,UPDATE_DATE,REMARKS,DEL_FLAG) VALUES ('6', '1', '1', '1', '0,1,', 'article', '质量检验', null, null, null, null, null, '20', '1', '1', '1', '1', '0', null, null, '1', TO_DATE('2013-05-27 08:00:00','yyyy-MM-dd HH24:mi:ss'), '1', TO_DATE('2013-05-27 08:00:00','yyyy-MM-dd HH24:mi:ss'), null, '0');
INSERT INTO CMS_CATEGORY(ID,SITE_ID,OFFICE_ID,PARENT_ID,PARENT_IDS,MODULE,NAME,IMAGE,HREF,TARGET,DESCRIPTION,KEYWORDS,SORT,IN_MENU,IN_LIST,SHOU_MODES,ALLOW_COMMENT,IS_AUDIT,CUSTOM_LIST_VIEW,CUSTOM_CONTENT_VIEW,CREATE_DATE,UPDATE_BY,UPDATE_DATE,REMARKS,DEL_FLAG) VALUES ('7', '1', '1', '6', '0,1,6,', 'article', '产品质量', null, null, null, null, null, '30', '1', '1', '0', '1', '0', null, null, '1', TO_DATE('2013-05-27 08:00:00','yyyy-MM-dd HH24:mi:ss'), '1', TO_DATE('2013-05-27 08:00:00','yyyy-MM-dd HH24:mi:ss'), null, '0');
INSERT INTO CMS_CATEGORY(ID,SITE_ID,OFFICE_ID,PARENT_ID,PARENT_IDS,MODULE,NAME,IMAGE,HREF,TARGET,DESCRIPTION,KEYWORDS,SORT,IN_MENU,IN_LIST,SHOU_MODES,ALLOW_COMMENT,IS_AUDIT,CUSTOM_LIST_VIEW,CUSTOM_CONTENT_VIEW,CREATE_DATE,UPDATE_BY,UPDATE_DATE,REMARKS,DEL_FLAG) VALUES ('8', '1', '1', '6', '0,1,6,', 'article', '技术质量', null, null, null, null, null, '40', '1', '1', '0', '1', '0', null, null, '1', TO_DATE('2013-05-27 08:00:00','yyyy-MM-dd HH24:mi:ss'), '1', TO_DATE('2013-05-27 08:00:00','yyyy-MM-dd HH24:mi:ss'), null, '0');
INSERT INTO CMS_CATEGORY(ID,SITE_ID,OFFICE_ID,PARENT_ID,PARENT_IDS,MODULE,NAME,IMAGE,HREF,TARGET,DESCRIPTION,KEYWORDS,SORT,IN_MENU,IN_LIST,SHOU_MODES,ALLOW_COMMENT,IS_AUDIT,CUSTOM_LIST_VIEW,CUSTOM_CONTENT_VIEW,CREATE_DATE,UPDATE_BY,UPDATE_DATE,REMARKS,DEL_FLAG) VALUES ('9', '1', '1', '6', '0,1,6,', 'article', '工程质量', null, null, null, null, null, '50', '1', '1', '0', '1', '0', null, null, '1', TO_DATE('2013-05-27 08:00:00','yyyy-MM-dd HH24:mi:ss'), '1', TO_DATE('2013-05-27 08:00:00','yyyy-MM-dd HH24:mi:ss'), null, '0');
INSERT INTO CMS_CATEGORY(ID,SITE_ID,OFFICE_ID,PARENT_ID,PARENT_IDS,MODULE,NAME,IMAGE,HREF,TARGET,DESCRIPTION,KEYWORDS,SORT,IN_MENU,IN_LIST,SHOU_MODES,ALLOW_COMMENT,IS_AUDIT,CUSTOM_LIST_VIEW,CUSTOM_CONTENT_VIEW,CREATE_DATE,UPDATE_BY,UPDATE_DATE,REMARKS,DEL_FLAG) VALUES ('10', '1', '1', '1', '0,1,', 'article', '软件介绍', null, null, null, null, null, '20', '1', '1', '0', '1', '0', null, null, '1', TO_DATE('2013-05-27 08:00:00','yyyy-MM-dd HH24:mi:ss'), '1', TO_DATE('2013-05-27 08:00:00','yyyy-MM-dd HH24:mi:ss'), null, '0');
INSERT INTO CMS_CATEGORY(ID,SITE_ID,OFFICE_ID,PARENT_ID,PARENT_IDS,MODULE,NAME,IMAGE,HREF,TARGET,DESCRIPTION,KEYWORDS,SORT,IN_MENU,IN_LIST,SHOU_MODES,ALLOW_COMMENT,IS_AUDIT,CUSTOM_LIST_VIEW,CUSTOM_CONTENT_VIEW,CREATE_DATE,UPDATE_BY,UPDATE_DATE,REMARKS,DEL_FLAG) VALUES ('11', '1', '1', '10', '0,1,10,', 'article', '网络工具', null, null, null, null, null, '30', '1', '1', '0', '1', '0', null, null, '1', TO_DATE('2013-05-27 08:00:00','yyyy-MM-dd HH24:mi:ss'), '1', TO_DATE('2013-05-27 08:00:00','yyyy-MM-dd HH24:mi:ss'), null, '0');
INSERT INTO CMS_CATEGORY(ID,SITE_ID,OFFICE_ID,PARENT_ID,PARENT_IDS,MODULE,NAME,IMAGE,HREF,TARGET,DESCRIPTION,KEYWORDS,SORT,IN_MENU,IN_LIST,SHOU_MODES,ALLOW_COMMENT,IS_AUDIT,CUSTOM_LIST_VIEW,CUSTOM_CONTENT_VIEW,CREATE_DATE,UPDATE_BY,UPDATE_DATE,REMARKS,DEL_FLAG) VALUES ('12', '1', '1', '10', '0,1,10,', 'article', '浏览工具', null, null, null, null, null, '40', '1', '1', '0', '1', '0', null, null, '1', TO_DATE('2013-05-27 08:00:00','yyyy-MM-dd HH24:mi:ss'), '1', TO_DATE('2013-05-27 08:00:00','yyyy-MM-dd HH24:mi:ss'), null, '0');
INSERT INTO CMS_CATEGORY(ID,SITE_ID,OFFICE_ID,PARENT_ID,PARENT_IDS,MODULE,NAME,IMAGE,HREF,TARGET,DESCRIPTION,KEYWORDS,SORT,IN_MENU,IN_LIST,SHOU_MODES,ALLOW_COMMENT,IS_AUDIT,CUSTOM_LIST_VIEW,CUSTOM_CONTENT_VIEW,CREATE_DATE,UPDATE_BY,UPDATE_DATE,REMARKS,DEL_FLAG) VALUES ('13', '1', '1', '10', '0,1,10,', 'article', '浏览辅助', null, null, null, null, null, '50', '1', '1', '0', '1', '0', null, null, '1', TO_DATE('2013-05-27 08:00:00','yyyy-MM-dd HH24:mi:ss'), '1', TO_DATE('2013-05-27 08:00:00','yyyy-MM-dd HH24:mi:ss'), null, '0');
INSERT INTO CMS_CATEGORY(ID,SITE_ID,OFFICE_ID,PARENT_ID,PARENT_IDS,MODULE,NAME,IMAGE,HREF,TARGET,DESCRIPTION,KEYWORDS,SORT,IN_MENU,IN_LIST,SHOU_MODES,ALLOW_COMMENT,IS_AUDIT,CUSTOM_LIST_VIEW,CUSTOM_CONTENT_VIEW,CREATE_DATE,UPDATE_BY,UPDATE_DATE,REMARKS,DEL_FLAG) VALUES ('14', '1', '1', '10', '0,1,10,', 'article', '网络优化', null, null, null, null, null, '50', '1', '1', '0', '1', '0', null, null, '1', TO_DATE('2013-05-27 08:00:00','yyyy-MM-dd HH24:mi:ss'), '1', TO_DATE('2013-05-27 08:00:00','yyyy-MM-dd HH24:mi:ss'), null, '0');
INSERT INTO CMS_CATEGORY(ID,SITE_ID,OFFICE_ID,PARENT_ID,PARENT_IDS,MODULE,NAME,IMAGE,HREF,TARGET,DESCRIPTION,KEYWORDS,SORT,IN_MENU,IN_LIST,SHOU_MODES,ALLOW_COMMENT,IS_AUDIT,CUSTOM_LIST_VIEW,CUSTOM_CONTENT_VIEW,CREATE_DATE,UPDATE_BY,UPDATE_DATE,REMARKS,DEL_FLAG) VALUES ('15', '1', '1', '10', '0,1,10,', 'article', '邮件处理', null, null, null, null, null, '50', '1', '1', '0', '1', '0', null, null, '1', TO_DATE('2013-05-27 08:00:00','yyyy-MM-dd HH24:mi:ss'), '1', TO_DATE('2013-05-27 08:00:00','yyyy-MM-dd HH24:mi:ss'), null, '0');
INSERT INTO CMS_CATEGORY(ID,SITE_ID,OFFICE_ID,PARENT_ID,PARENT_IDS,MODULE,NAME,IMAGE,HREF,TARGET,DESCRIPTION,KEYWORDS,SORT,IN_MENU,IN_LIST,SHOU_MODES,ALLOW_COMMENT,IS_AUDIT,CUSTOM_LIST_VIEW,CUSTOM_CONTENT_VIEW,CREATE_DATE,UPDATE_BY,UPDATE_DATE,REMARKS,DEL_FLAG) VALUES ('16', '1', '1', '10', '0,1,10,', 'article', '下载工具', null, null, null, null, null, '50', '1', '1', '0', '1', '0', null, null, '1', TO_DATE('2013-05-27 08:00:00','yyyy-MM-dd HH24:mi:ss'), '1', TO_DATE('2013-05-27 08:00:00','yyyy-MM-dd HH24:mi:ss'), null, '0');
INSERT INTO CMS_CATEGORY(ID,SITE_ID,OFFICE_ID,PARENT_ID,PARENT_IDS,MODULE,NAME,IMAGE,HREF,TARGET,DESCRIPTION,KEYWORDS,SORT,IN_MENU,IN_LIST,SHOU_MODES,ALLOW_COMMENT,IS_AUDIT,CUSTOM_LIST_VIEW,CUSTOM_CONTENT_VIEW,CREATE_DATE,UPDATE_BY,UPDATE_DATE,REMARKS,DEL_FLAG) VALUES ('17', '1', '1', '10', '0,1,10,', 'article', '搜索工具', null, null, null, null, null, '50', '1', '1', '2', '1', '0', null, null, '1', TO_DATE('2013-05-27 08:00:00','yyyy-MM-dd HH24:mi:ss'), '1', TO_DATE('2013-05-27 08:00:00','yyyy-MM-dd HH24:mi:ss'), null, '0');
INSERT INTO CMS_CATEGORY(ID,SITE_ID,OFFICE_ID,PARENT_ID,PARENT_IDS,MODULE,NAME,IMAGE,HREF,TARGET,DESCRIPTION,KEYWORDS,SORT,IN_MENU,IN_LIST,SHOU_MODES,ALLOW_COMMENT,IS_AUDIT,CUSTOM_LIST_VIEW,CUSTOM_CONTENT_VIEW,CREATE_DATE,UPDATE_BY,UPDATE_DATE,REMARKS,DEL_FLAG) VALUES ('18', '1', '1', '1', '0,1,', 'link', '友情链接', null, null, null, null, null, '90', '1', '1', '0', '1', '0', null, null, '1', TO_DATE('2013-05-27 08:00:00','yyyy-MM-dd HH24:mi:ss'), '1', TO_DATE('2013-05-27 08:00:00','yyyy-MM-dd HH24:mi:ss'), null, '0');
INSERT INTO CMS_CATEGORY(ID,SITE_ID,OFFICE_ID,PARENT_ID,PARENT_IDS,MODULE,NAME,IMAGE,HREF,TARGET,DESCRIPTION,KEYWORDS,SORT,IN_MENU,IN_LIST,SHOU_MODES,ALLOW_COMMENT,IS_AUDIT,CUSTOM_LIST_VIEW,CUSTOM_CONTENT_VIEW,CREATE_DATE,UPDATE_BY,UPDATE_DATE,REMARKS,DEL_FLAG) VALUES ('19', '1', '1', '18', '0,1,18,', 'link', '常用网站', null, null, null, null, null, '50', '1', '1', '0', '1', '0', null, null, '1', TO_DATE('2013-05-27 08:00:00','yyyy-MM-dd HH24:mi:ss'), '1', TO_DATE('2013-05-27 08:00:00','yyyy-MM-dd HH24:mi:ss'), null, '0');
INSERT INTO CMS_CATEGORY(ID,SITE_ID,OFFICE_ID,PARENT_ID,PARENT_IDS,MODULE,NAME,IMAGE,HREF,TARGET,DESCRIPTION,KEYWORDS,SORT,IN_MENU,IN_LIST,SHOU_MODES,ALLOW_COMMENT,IS_AUDIT,CUSTOM_LIST_VIEW,CUSTOM_CONTENT_VIEW,CREATE_DATE,UPDATE_BY,UPDATE_DATE,REMARKS,DEL_FLAG) VALUES ('20', '1', '1', '18', '0,1,18,', 'link', '门户网站', null, null, null, null, null, '50', '1', '1', '0', '1', '0', null, null, '1', TO_DATE('2013-05-27 08:00:00','yyyy-MM-dd HH24:mi:ss'), '1', TO_DATE('2013-05-27 08:00:00','yyyy-MM-dd HH24:mi:ss'), null, '0');
INSERT INTO CMS_CATEGORY(ID,SITE_ID,OFFICE_ID,PARENT_ID,PARENT_IDS,MODULE,NAME,IMAGE,HREF,TARGET,DESCRIPTION,KEYWORDS,SORT,IN_MENU,IN_LIST,SHOU_MODES,ALLOW_COMMENT,IS_AUDIT,CUSTOM_LIST_VIEW,CUSTOM_CONTENT_VIEW,CREATE_DATE,UPDATE_BY,UPDATE_DATE,REMARKS,DEL_FLAG) VALUES ('21', '1', '1', '18', '0,1,18,', 'link', '购物网站', null, null, null, null, null, '50', '1', '1', '0', '1', '0', null, null, '1', TO_DATE('2013-05-27 08:00:00','yyyy-MM-dd HH24:mi:ss'), '1', TO_DATE('2013-05-27 08:00:00','yyyy-MM-dd HH24:mi:ss'), null, '0');
INSERT INTO CMS_CATEGORY(ID,SITE_ID,OFFICE_ID,PARENT_ID,PARENT_IDS,MODULE,NAME,IMAGE,HREF,TARGET,DESCRIPTION,KEYWORDS,SORT,IN_MENU,IN_LIST,SHOU_MODES,ALLOW_COMMENT,IS_AUDIT,CUSTOM_LIST_VIEW,CUSTOM_CONTENT_VIEW,CREATE_DATE,UPDATE_BY,UPDATE_DATE,REMARKS,DEL_FLAG) VALUES ('22', '1', '1', '18', '0,1,18,', 'link', '交友社区', null, null, null, null, null, '50', '1', '1', '0', '1', '0', null, null, '1', TO_DATE('2013-05-27 08:00:00','yyyy-MM-dd HH24:mi:ss'), '1', TO_DATE('2013-05-27 08:00:00','yyyy-MM-dd HH24:mi:ss'), null, '0');
INSERT INTO CMS_CATEGORY(ID,SITE_ID,OFFICE_ID,PARENT_ID,PARENT_IDS,MODULE,NAME,IMAGE,HREF,TARGET,DESCRIPTION,KEYWORDS,SORT,IN_MENU,IN_LIST,SHOU_MODES,ALLOW_COMMENT,IS_AUDIT,CUSTOM_LIST_VIEW,CUSTOM_CONTENT_VIEW,CREATE_DATE,UPDATE_BY,UPDATE_DATE,REMARKS,DEL_FLAG) VALUES ('23', '1', '1', '18', '0,1,18,', 'link', '音乐视频', null, null, null, null, null, '50', '1', '1', '0', '1', '0', null, null, '1', TO_DATE('2013-05-27 08:00:00','yyyy-MM-dd HH24:mi:ss'), '1', TO_DATE('2013-05-27 08:00:00','yyyy-MM-dd HH24:mi:ss'), null, '0');
INSERT INTO CMS_CATEGORY(ID,SITE_ID,OFFICE_ID,PARENT_ID,PARENT_IDS,MODULE,NAME,IMAGE,HREF,TARGET,DESCRIPTION,KEYWORDS,SORT,IN_MENU,IN_LIST,SHOU_MODES,ALLOW_COMMENT,IS_AUDIT,CUSTOM_LIST_VIEW,CUSTOM_CONTENT_VIEW,CREATE_DATE,UPDATE_BY,UPDATE_DATE,REMARKS,DEL_FLAG) VALUES ('24', '1', '1', '1', '0,1,', null, '百度一下', null, 'http://www.baidu.com', '_blank', null, null, '90', '1', '1', '0', '1', '0', null, null, '1', TO_DATE('2013-05-27 08:00:00','yyyy-MM-dd HH24:mi:ss'), '1', TO_DATE('2013-05-27 08:00:00','yyyy-MM-dd HH24:mi:ss'), null, '0');
INSERT INTO CMS_CATEGORY(ID,SITE_ID,OFFICE_ID,PARENT_ID,PARENT_IDS,MODULE,NAME,IMAGE,HREF,TARGET,DESCRIPTION,KEYWORDS,SORT,IN_MENU,IN_LIST,SHOU_MODES,ALLOW_COMMENT,IS_AUDIT,CUSTOM_LIST_VIEW,CUSTOM_CONTENT_VIEW,CREATE_DATE,UPDATE_BY,UPDATE_DATE,REMARKS,DEL_FLAG) VALUES ('25', '1', '1', '1', '0,1,', null, '全文检索', null, '/search', null, null, null, '90', '0', '1', '0', '1', '0', null, null, '1', TO_DATE('2013-05-27 08:00:00','yyyy-MM-dd HH24:mi:ss'), '1', TO_DATE('2013-05-27 08:00:00','yyyy-MM-dd HH24:mi:ss'), null, '0');
INSERT INTO CMS_CATEGORY(ID,SITE_ID,OFFICE_ID,PARENT_ID,PARENT_IDS,MODULE,NAME,IMAGE,HREF,TARGET,DESCRIPTION,KEYWORDS,SORT,IN_MENU,IN_LIST,SHOU_MODES,ALLOW_COMMENT,IS_AUDIT,CUSTOM_LIST_VIEW,CUSTOM_CONTENT_VIEW,CREATE_DATE,UPDATE_BY,UPDATE_DATE,REMARKS,DEL_FLAG) VALUES ('26', '2', '1', '1', '0,1,', 'article', '测试栏目', null, null, null, null, null, '90', '1', '1', '0', '1', '0', null, null, '1', TO_DATE('2013-05-27 08:00:00','yyyy-MM-dd HH24:mi:ss'), '1', TO_DATE('2013-05-27 08:00:00','yyyy-MM-dd HH24:mi:ss'), null, '0');

-- ----------------------------
-- Records of CMS_LINK
-- ----------------------------
INSERT INTO CMS_LINK(ID,CATEGORY_ID,TITLE,COLOR,IMAGE,HREF,WEIGHT,WEIGHT_DATE,CREATE_BY,CREATE_DATE,UPDATE_BY,UPDATE_DATE,REMARKS,DEL_FLAG) VALUES ('1', '19', 'JeeSite', null, null, 'http://thinkgem.github.com/jeesite', '0', null, '1', TO_DATE('2013-05-27 08:00:00','yyyy-MM-dd HH24:mi:ss'), '1', TO_DATE('2013-05-27 08:00:00','yyyy-MM-dd HH24:mi:ss'), null, '0');
INSERT INTO CMS_LINK(ID,CATEGORY_ID,TITLE,COLOR,IMAGE,HREF,WEIGHT,WEIGHT_DATE,CREATE_BY,CREATE_DATE,UPDATE_BY,UPDATE_DATE,REMARKS,DEL_FLAG) VALUES ('2', '19', 'ThinkGem', null, null, 'http://thinkgem.iteye.com/', '0', null, '1', TO_DATE('2013-05-27 08:00:00','yyyy-MM-dd HH24:mi:ss'), '1', TO_DATE('2013-05-27 08:00:00','yyyy-MM-dd HH24:mi:ss'), null, '0');
INSERT INTO CMS_LINK(ID,CATEGORY_ID,TITLE,COLOR,IMAGE,HREF,WEIGHT,WEIGHT_DATE,CREATE_BY,CREATE_DATE,UPDATE_BY,UPDATE_DATE,REMARKS,DEL_FLAG) VALUES ('3', '19', '百度一下', null, null, 'http://www.baidu.com', '0', null, '1', TO_DATE('2013-05-27 08:00:00','yyyy-MM-dd HH24:mi:ss'), '1', TO_DATE('2013-05-27 08:00:00','yyyy-MM-dd HH24:mi:ss'), null, '0');
INSERT INTO CMS_LINK(ID,CATEGORY_ID,TITLE,COLOR,IMAGE,HREF,WEIGHT,WEIGHT_DATE,CREATE_BY,CREATE_DATE,UPDATE_BY,UPDATE_DATE,REMARKS,DEL_FLAG) VALUES ('4', '19', '谷歌搜索', null, null, 'http://www.google.com', '0', null, '1', TO_DATE('2013-05-27 08:00:00','yyyy-MM-dd HH24:mi:ss'), '1', TO_DATE('2013-05-27 08:00:00','yyyy-MM-dd HH24:mi:ss'), null, '0');
INSERT INTO CMS_LINK(ID,CATEGORY_ID,TITLE,COLOR,IMAGE,HREF,WEIGHT,WEIGHT_DATE,CREATE_BY,CREATE_DATE,UPDATE_BY,UPDATE_DATE,REMARKS,DEL_FLAG) VALUES ('5', '20', '新浪网', null, null, 'http://www.sina.com.cn', '0', null, '1', TO_DATE('2013-05-27 08:00:00','yyyy-MM-dd HH24:mi:ss'), '1', TO_DATE('2013-05-27 08:00:00','yyyy-MM-dd HH24:mi:ss'), null, '0');
INSERT INTO CMS_LINK(ID,CATEGORY_ID,TITLE,COLOR,IMAGE,HREF,WEIGHT,WEIGHT_DATE,CREATE_BY,CREATE_DATE,UPDATE_BY,UPDATE_DATE,REMARKS,DEL_FLAG) VALUES ('6', '20', '腾讯网', null, null, 'http://www.qq.com/', '0', null, '1', TO_DATE('2013-05-27 08:00:00','yyyy-MM-dd HH24:mi:ss'), '1', TO_DATE('2013-05-27 08:00:00','yyyy-MM-dd HH24:mi:ss'), null, '0');
INSERT INTO CMS_LINK(ID,CATEGORY_ID,TITLE,COLOR,IMAGE,HREF,WEIGHT,WEIGHT_DATE,CREATE_BY,CREATE_DATE,UPDATE_BY,UPDATE_DATE,REMARKS,DEL_FLAG) VALUES ('7', '21', '淘宝网', null, null, 'http://www.taobao.com/', '0', null, '1', TO_DATE('2013-05-27 08:00:00','yyyy-MM-dd HH24:mi:ss'), '1', TO_DATE('2013-05-27 08:00:00','yyyy-MM-dd HH24:mi:ss'), null, '0');
INSERT INTO CMS_LINK(ID,CATEGORY_ID,TITLE,COLOR,IMAGE,HREF,WEIGHT,WEIGHT_DATE,CREATE_BY,CREATE_DATE,UPDATE_BY,UPDATE_DATE,REMARKS,DEL_FLAG) VALUES ('8', '21', '新华网', null, null, 'http://www.xinhuanet.com/', '0', null, '1', TO_DATE('2013-05-27 08:00:00','yyyy-MM-dd HH24:mi:ss'), '1', TO_DATE('2013-05-27 08:00:00','yyyy-MM-dd HH24:mi:ss'), null, '0');
INSERT INTO CMS_LINK(ID,CATEGORY_ID,TITLE,COLOR,IMAGE,HREF,WEIGHT,WEIGHT_DATE,CREATE_BY,CREATE_DATE,UPDATE_BY,UPDATE_DATE,REMARKS,DEL_FLAG) VALUES ('9', '22', '赶集网', null, null, 'http://www.ganji.com/', '0', null, '1', TO_DATE('2013-05-27 08:00:00','yyyy-MM-dd HH24:mi:ss'), '1', TO_DATE('2013-05-27 08:00:00','yyyy-MM-dd HH24:mi:ss'), null, '0');
INSERT INTO CMS_LINK(ID,CATEGORY_ID,TITLE,COLOR,IMAGE,HREF,WEIGHT,WEIGHT_DATE,CREATE_BY,CREATE_DATE,UPDATE_BY,UPDATE_DATE,REMARKS,DEL_FLAG) VALUES ('10', '22', '58同城', null, null, 'http://www.58.com/', '0', null, '1', TO_DATE('2013-05-27 08:00:00','yyyy-MM-dd HH24:mi:ss'), '1', TO_DATE('2013-05-27 08:00:00','yyyy-MM-dd HH24:mi:ss'), null, '0');
INSERT INTO CMS_LINK(ID,CATEGORY_ID,TITLE,COLOR,IMAGE,HREF,WEIGHT,WEIGHT_DATE,CREATE_BY,CREATE_DATE,UPDATE_BY,UPDATE_DATE,REMARKS,DEL_FLAG) VALUES ('11', '23', '视频大全', null, null, 'http://v.360.cn/', '0', null, '1', TO_DATE('2013-05-27 08:00:00','yyyy-MM-dd HH24:mi:ss'), '1', TO_DATE('2013-05-27 08:00:00','yyyy-MM-dd HH24:mi:ss'), null, '0');
INSERT INTO CMS_LINK(ID,CATEGORY_ID,TITLE,COLOR,IMAGE,HREF,WEIGHT,WEIGHT_DATE,CREATE_BY,CREATE_DATE,UPDATE_BY,UPDATE_DATE,REMARKS,DEL_FLAG) VALUES ('12', '23', '凤凰网', null, null, 'http://www.ifeng.com/', '0', null, '1', TO_DATE('2013-05-27 08:00:00','yyyy-MM-dd HH24:mi:ss'), '1', TO_DATE('2013-05-27 08:00:00','yyyy-MM-dd HH24:mi:ss'), null, '0');


-- ----------------------------
-- Records of cms_site
-- ----------------------------
INSERT INTO CMS_SITE(ID,NAME,TITLE,LOGO,DOMAIN,DESCRIPTION,KEYWORDS,THEME,COPYRIGHT,CUSTOM_INDEX_VIEW,CREATE_BY,CREATE_DATE,UPDATE_BY,UPDATE_DATE,REMARKS,DEL_FLAG) VALUES ('1', '默认站点', 'JeeSite Web', null, null, 'JeeSite', 'JeeSite', 'basic', 'Copyright &copy; 2012-2013 <a href=\'http://thinkgem.iteye.com\' target=\'_blank\'>ThinkGem</a> - Powered By <a href=\'https://github.com/thinkgem/jeesite\' target=\'_blank\'>JeeSite</a> V1.0', null, '1', TO_DATE('2013-05-27 08:00:00','yyyy-MM-dd HH24:mi:ss'), '1', TO_DATE('2013-05-27 08:00:00','yyyy-MM-dd HH24:mi:ss'), null, '0');
INSERT INTO CMS_SITE(ID,NAME,TITLE,LOGO,DOMAIN,DESCRIPTION,KEYWORDS,THEME,COPYRIGHT,CUSTOM_INDEX_VIEW,CREATE_BY,CREATE_DATE,UPDATE_BY,UPDATE_DATE,REMARKS,DEL_FLAG) VALUES ('2', '子站点测试', 'JeeSite Subsite', null, null, 'JeeSite subsite', 'JeeSite subsite', 'basic', 'Copyright &copy; 2012-2013 <a href=\'http://thinkgem.iteye.com\' target=\'_blank\'>ThinkGem</a> - Powered By <a href=\'https://github.com/thinkgem/jeesite\' target=\'_blank\'>JeeSite</a> V1.0', null, '1', TO_DATE('2013-05-27 08:00:00','yyyy-MM-dd HH24:mi:ss'), '1', TO_DATE('2013-05-27 08:00:00','yyyy-MM-dd HH24:mi:ss'), null, '0');


-- ----------------------------
-- Records of common_attach
-- ----------------------------
INSERT INTO COMMON_ATTACH(ID,ATTACH_NAME,CONTENT_ID,OLD_FILE_NAME,PATH,REAL_PATH,REMARK,STATUS,SUFFIX,UPLOAD_COUNT,UPLOAD_MODEL,UPLOAD_USER_NAME,UPLOAD_USER_ORG_NAME,UPLOAD_USER_ORGID,UPLOAD_USERID,UPLOAD_TIME,GROUPID) VALUES ('20', '1b74eae7-818b-4720-8884-ae57c48e9f49', null, '6f0b9c3ftw1eibvy6xcrbj20dw070aac.jpg', 'uploadFile/2014/07/14', 'D:/tomcats/tomcat7_ukey/fileupload//2014/07/14', '', '1', '.jpg', '1', '1', 'robust', '四川CA网点', '34', '1', '2014-07-14 09:50:35', 'd5be453f-c92d-405d-afdb-63ba5354508b');


-- ----------------------------
-- Records of common_staff
-- ----------------------------

-- ----------------------------
-- Records of gateway
-- ----------------------------
INSERT INTO GATEWAY(ID,CAN_SUPPORT_WAPPUSH,CONNECTION_COUNT,CREATE_TIME,DAY_SEND_COUNT,GATE_WAY_API,GATE_WAY_TYPE,GATEWAY_NAME,OPERATORS_ID,OPERATORS_NAME,SEND_SEC_COUNT,SIGNATURE,STATUS,CREATE_DATE,DEL_FLAG,REMARKS,UPDATE_DATE,CREATE_BY,SMS_PER_COUNT,CH_DESC,DELIVRD,MSG_SIZE,PACKNUM,PRICE,PRICE_SIZE) VALUES ('1', '1', '321', TO_DATE('2013-07-21 02:21:50','yyyy-MM-dd HH24:mi:ss'), '321', '1', '1', '通道001', '1', '范德萨', '15', '1', '1', null, null, null, null, null, null, '65', null, null, null, null, null, null);
INSERT INTO GATEWAY(ID,CAN_SUPPORT_WAPPUSH,CONNECTION_COUNT,CREATE_TIME,DAY_SEND_COUNT,GATE_WAY_API,GATE_WAY_TYPE,GATEWAY_NAME,OPERATORS_ID,OPERATORS_NAME,SEND_SEC_COUNT,SIGNATURE,STATUS,CREATE_DATE,DEL_FLAG,REMARKS,UPDATE_DATE,CREATE_BY,SMS_PER_COUNT,CH_DESC,DELIVRD,MSG_SIZE,PACKNUM,PRICE,PRICE_SIZE) VALUES ('2', '1', '321', TO_DATE('2013-07-21 02:21:50','yyyy-MM-dd HH24:mi:ss'), '321', '1', '1', '通道002', '1', '范德萨', '15', '1', '1', null, null, null, null, null, null, '66', null, null, null, null, null, null);
INSERT INTO GATEWAY(ID,CAN_SUPPORT_WAPPUSH,CONNECTION_COUNT,CREATE_TIME,DAY_SEND_COUNT,GATE_WAY_API,GATE_WAY_TYPE,GATEWAY_NAME,OPERATORS_ID,OPERATORS_NAME,SEND_SEC_COUNT,SIGNATURE,STATUS,CREATE_DATE,DEL_FLAG,REMARKS,UPDATE_DATE,CREATE_BY,SMS_PER_COUNT,CH_DESC,DELIVRD,MSG_SIZE,PACKNUM,PRICE,PRICE_SIZE) VALUES ('3', '1', '321', TO_DATE('2013-07-21 02:21:50','yyyy-MM-dd HH24:mi:ss'), '321', '1', '2', '通道003', '1', '范德萨', '15', '1', '1', null, null, null, null, null, null, '67', null, null, null, null, null, null);
INSERT INTO GATEWAY(ID,CAN_SUPPORT_WAPPUSH,CONNECTION_COUNT,CREATE_TIME,DAY_SEND_COUNT,GATE_WAY_API,GATE_WAY_TYPE,GATEWAY_NAME,OPERATORS_ID,OPERATORS_NAME,SEND_SEC_COUNT,SIGNATURE,STATUS,CREATE_DATE,DEL_FLAG,REMARKS,UPDATE_DATE,CREATE_BY,SMS_PER_COUNT,CH_DESC,DELIVRD,MSG_SIZE,PACKNUM,PRICE,PRICE_SIZE) VALUES ('4', '1', '321', TO_DATE('2013-07-21 02:21:50','yyyy-MM-dd HH24:mi:ss'), '321', '1', '2', '通道004', '1', '范德萨', '15', '1', '1', null, null, null, null, null, null, '70', null, null, null, null, null, null);


-- ----------------------------
-- Records of key_usb_key_depot
-- ----------------------------
INSERT INTO KEY_USB_KEY_DEPOT(ID,CREATE_DATE,DEL_FLAG,REMARKS,UPDATE_DATE,AMOUNT_DELIVERY,AMOUNT_TOTAL,AMOUNT_VALID,DEPOT_NAME,KEY_TYPE_ID,LINKMAN_CODE,LINKMAN_EMAIL,LINKMAN_LOCATION,LINKMAN_MOBLIE_PHONE,LINKMAN_NAME,LINKMAN_OFFICAL,LINKMAN_ORG,LINKMAN_POST,LINKMAN_SEX,LINKMAN_TEL,MANUFACTURER_ID,CREATE_BY,UPDATE_BY.OFFICE_ID) VALUES ('1', TO_DATE('2014-07-14 16:08:50','yyyy-MM-dd HH24:mi:ss'), '0', null, TO_DATE('2014-07-14 16:08:50','yyyy-MM-dd HH24:mi:ss'), null, null, null, '四川CA总库房', null, null, '321@3123.com', '1321', '321321', 'fff', null, 'xxx', '231231', '1', '213213', null, '1', '1', '34');
INSERT INTO KEY_USB_KEY_DEPOT(ID,CREATE_DATE,DEL_FLAG,REMARKS,UPDATE_DATE,AMOUNT_DELIVERY,AMOUNT_TOTAL,AMOUNT_VALID,DEPOT_NAME,KEY_TYPE_ID,LINKMAN_CODE,LINKMAN_EMAIL,LINKMAN_LOCATION,LINKMAN_MOBLIE_PHONE,LINKMAN_NAME,LINKMAN_OFFICAL,LINKMAN_ORG,LINKMAN_POST,LINKMAN_SEX,LINKMAN_TEL,MANUFACTURER_ID,CREATE_BY,UPDATE_BY.OFFICE_ID) VALUES ('2', TO_DATE('2014-07-14 16:08:50','yyyy-MM-dd HH24:mi:ss'), '0', '', TO_DATE('2014-07-14 16:08:50','yyyy-MM-dd HH24:mi:ss'), null, null, null, '四川CA坏KEY库房', null, '', '321@3123.com', '1321', '321321', 'fff', '', 'xxx', '231231', '1', '213213', null, '1', '1', '34');

-- ----------------------------
-- Records of MMS_CONTENT
-- ----------------------------
INSERT INTO MMS_CONTENT(ID,BATCH_ID,CONTENT_INDEX,CPID,CREATE_TIME,IMG_PATH,TXT_PATH) VALUES ('468', '299', '4', '1', '1374340054175', '20130721/299/content/mms004.png', '20130721/299/content/mms/004.txt');
INSERT INTO MMS_CONTENT(ID,BATCH_ID,CONTENT_INDEX,CPID,CREATE_TIME,IMG_PATH,TXT_PATH) VALUES ('469', '299', '5', '1', '1374340072629', '20130721/299/content/mms005.png', '20130721/299/content/mms/005.txt');
INSERT INTO MMS_CONTENT(ID,BATCH_ID,CONTENT_INDEX,CPID,CREATE_TIME,IMG_PATH,TXT_PATH) VALUES ('470', '300', '1', '1', '1374340675514', null, '20130721/300/content/mms/001.txt');
INSERT INTO MMS_CONTENT(ID,BATCH_ID,CONTENT_INDEX,CPID,CREATE_TIME,IMG_PATH,TXT_PATH) VALUES ('471', '301', '1', '1', '1374340957906', null, '20130721/301/content/mms/001.txt');
INSERT INTO MMS_CONTENT(ID,BATCH_ID,CONTENT_INDEX,CPID,CREATE_TIME,IMG_PATH,TXT_PATH) VALUES ('472', '302', '1', '1', '1374346501662', null, '20130721/302/content/mms/001.txt');
INSERT INTO MMS_CONTENT(ID,BATCH_ID,CONTENT_INDEX,CPID,CREATE_TIME,IMG_PATH,TXT_PATH) VALUES ('473', '303', '1', '1', '1374346600029', null, '20130721/303/content/mms/001.txt');
INSERT INTO MMS_CONTENT(ID,BATCH_ID,CONTENT_INDEX,CPID,CREATE_TIME,IMG_PATH,TXT_PATH) VALUES ('474', '304', '1', '1', '1374348528708', null, '20130721/304/content/mms/001.txt');
INSERT INTO MMS_CONTENT(ID,BATCH_ID,CONTENT_INDEX,CPID,CREATE_TIME,IMG_PATH,TXT_PATH) VALUES ('475', '305', '1', '1', '1374348728925', null, '20130721/305/content/mms/001.txt');
INSERT INTO MMS_CONTENT(ID,BATCH_ID,CONTENT_INDEX,CPID,CREATE_TIME,IMG_PATH,TXT_PATH) VALUES ('476', '306', '1', '1', '1374348729550', null, '20130721/306/content/mms/001.txt');
INSERT INTO MMS_CONTENT(ID,BATCH_ID,CONTENT_INDEX,CPID,CREATE_TIME,IMG_PATH,TXT_PATH) VALUES ('477', '307', '1', '1', '1374348830843', null, '20130721/307/content/mms/001.txt');
INSERT INTO MMS_CONTENT(ID,BATCH_ID,CONTENT_INDEX,CPID,CREATE_TIME,IMG_PATH,TXT_PATH) VALUES ('478', '308', '1', '1', '1374349278660', null, '20130721/308/content/mms/001.txt');
INSERT INTO MMS_CONTENT(ID,BATCH_ID,CONTENT_INDEX,CPID,CREATE_TIME,IMG_PATH,TXT_PATH) VALUES ('479', '309', '1', '1', '1374349570346', null, '20130721/309/content/mms/001.txt');
INSERT INTO MMS_CONTENT(ID,BATCH_ID,CONTENT_INDEX,CPID,CREATE_TIME,IMG_PATH,TXT_PATH) VALUES ('480', '310', '1', '1', '1374458973799', null, '20130722/310/content/mms/001.txt');
INSERT INTO MMS_CONTENT(ID,BATCH_ID,CONTENT_INDEX,CPID,CREATE_TIME,IMG_PATH,TXT_PATH) VALUES ('481', '311', '1', '1', '1374459146618', null, '20130722/311/content/mms/001.txt');
INSERT INTO MMS_CONTENT(ID,BATCH_ID,CONTENT_INDEX,CPID,CREATE_TIME,IMG_PATH,TXT_PATH) VALUES ('482', '312', '1', '1', '1374459382146', null, '20130722/312/content/mms/001.txt');
INSERT INTO MMS_CONTENT(ID,BATCH_ID,CONTENT_INDEX,CPID,CREATE_TIME,IMG_PATH,TXT_PATH) VALUES ('483', '313', '1', '1', '1374460098052', null, '20130722/313/content/mms/001.txt');
INSERT INTO MMS_CONTENT(ID,BATCH_ID,CONTENT_INDEX,CPID,CREATE_TIME,IMG_PATH,TXT_PATH) VALUES ('484', '317', '1', '1', '1374550519984', null, '20130723/317/content/mms/001.txt');
INSERT INTO MMS_CONTENT(ID,BATCH_ID,CONTENT_INDEX,CPID,CREATE_TIME,IMG_PATH,TXT_PATH) VALUES ('485', '317', '2', '1', '1374550522673', null, '20130723/317/content/mms/002.txt');
INSERT INTO MMS_CONTENT(ID,BATCH_ID,CONTENT_INDEX,CPID,CREATE_TIME,IMG_PATH,TXT_PATH) VALUES ('486', '317', '3', '1', '1374550529213', '20130723/317/content/mms/003.jpg', '20130723/317/content/mms/003.txt');
INSERT INTO MMS_CONTENT(ID,BATCH_ID,CONTENT_INDEX,CPID,CREATE_TIME,IMG_PATH,TXT_PATH) VALUES ('487', '317', '4', '1', '1374550542104', '20130723/317/content/mms/004.jpg', '20130723/317/content/mms/004.txt');
INSERT INTO MMS_CONTENT(ID,BATCH_ID,CONTENT_INDEX,CPID,CREATE_TIME,IMG_PATH,TXT_PATH) VALUES ('488', '317', '5', '1', '1374550551061', '20130723/317/content/mms/005.jpg', '20130723/317/content/mms/005.txt');
INSERT INTO MMS_CONTENT(ID,BATCH_ID,CONTENT_INDEX,CPID,CREATE_TIME,IMG_PATH,TXT_PATH) VALUES ('489', '318', '1', '1', '1374550957929', null, '20130723/318/content/mms/001.txt');
INSERT INTO MMS_CONTENT(ID,BATCH_ID,CONTENT_INDEX,CPID,CREATE_TIME,IMG_PATH,TXT_PATH) VALUES ('490', '318', '2', '1', '1374550963316', '20130723/318/content/mms/002.jpg', '20130723/318/content/mms/002.txt');
INSERT INTO MMS_CONTENT(ID,BATCH_ID,CONTENT_INDEX,CPID,CREATE_TIME,IMG_PATH,TXT_PATH) VALUES ('491', '318', '3', '1', '1374550971934', '20130723/318/content/mms/003.jpg', '20130723/318/content/mms/003.txt');
INSERT INTO MMS_CONTENT(ID,BATCH_ID,CONTENT_INDEX,CPID,CREATE_TIME,IMG_PATH,TXT_PATH) VALUES ('492', '318', '4', '1', '1374550979093', '20130723/318/content/mms/004.jpg', '20130723/318/content/mms/004.txt');
INSERT INTO MMS_CONTENT(ID,BATCH_ID,CONTENT_INDEX,CPID,CREATE_TIME,IMG_PATH,TXT_PATH) VALUES ('493', '318', '5', '1', '1374550985597', '20130723/318/content/mms/005.jpg', '20130723/318/content/mms/005.txt');
INSERT INTO MMS_CONTENT(ID,BATCH_ID,CONTENT_INDEX,CPID,CREATE_TIME,IMG_PATH,TXT_PATH) VALUES ('494', '318', '6', '1', '1374550991628', null, '20130723/318/content/mms/006.txt');
INSERT INTO MMS_CONTENT(ID,BATCH_ID,CONTENT_INDEX,CPID,CREATE_TIME,IMG_PATH,TXT_PATH) VALUES ('495', '319', '2', '1', '1374551476966', null, '20130723/319/content/mms/001.txt');
INSERT INTO MMS_CONTENT(ID,BATCH_ID,CONTENT_INDEX,CPID,CREATE_TIME,IMG_PATH,TXT_PATH) VALUES ('496', '319', '1', '1', '1374551483084', '20130723/319/content/mms/002.jpg', '20130723/319/content/mms/002.txt');
INSERT INTO MMS_CONTENT(ID,BATCH_ID,CONTENT_INDEX,CPID,CREATE_TIME,IMG_PATH,TXT_PATH) VALUES ('497', '319', '3', '1', '1374551488292', '20130723/319/content/mms/003.jpg', '20130723/319/content/mms/003.txt');
INSERT INTO MMS_CONTENT(ID,BATCH_ID,CONTENT_INDEX,CPID,CREATE_TIME,IMG_PATH,TXT_PATH) VALUES ('498', '319', '6', '1', '1374551495152', '20130723/319/content/mms/004.jpg', '20130723/319/content/mms/004.txt');
INSERT INTO MMS_CONTENT(ID,BATCH_ID,CONTENT_INDEX,CPID,CREATE_TIME,IMG_PATH,TXT_PATH) VALUES ('499', '319', '4', '1', '1374551497606', null, '20130723/319/content/mms/005.txt');
INSERT INTO MMS_CONTENT(ID,BATCH_ID,CONTENT_INDEX,CPID,CREATE_TIME,IMG_PATH,TXT_PATH) VALUES ('500', '319', '5', '1', '1374551499382', null, '20130723/319/content/mms/006.txt');
INSERT INTO MMS_CONTENT(ID,BATCH_ID,CONTENT_INDEX,CPID,CREATE_TIME,IMG_PATH,TXT_PATH) VALUES ('502', '320', '1', '1', '1374552393496', null, '20130723/320/content/mms/001.txt');
INSERT INTO MMS_CONTENT(ID,BATCH_ID,CONTENT_INDEX,CPID,CREATE_TIME,IMG_PATH,TXT_PATH) VALUES ('503', '320', '2', '1', '1374552419597', '20130723/320/content/mms/002.jpg', '20130723/320/content/mms/002.txt');
INSERT INTO MMS_CONTENT(ID,BATCH_ID,CONTENT_INDEX,CPID,CREATE_TIME,IMG_PATH,TXT_PATH) VALUES ('505', '320', '4', '1', '1374552433224', null, '20130723/320/content/mms/004.txt');
INSERT INTO MMS_CONTENT(ID,BATCH_ID,CONTENT_INDEX,CPID,CREATE_TIME,IMG_PATH,TXT_PATH) VALUES ('507', '321', '1', '1', '1374553180735', null, '20130723/321/content/mms/001.txt');
INSERT INTO MMS_CONTENT(ID,BATCH_ID,CONTENT_INDEX,CPID,CREATE_TIME,IMG_PATH,TXT_PATH) VALUES ('508', '321', '2', '1', '1374553186476', '20130723/321/content/mms/002.jpg', '20130723/321/content/mms/002.txt');
INSERT INTO MMS_CONTENT(ID,BATCH_ID,CONTENT_INDEX,CPID,CREATE_TIME,IMG_PATH,TXT_PATH) VALUES ('509', '321', '3', '1', '1374553189985', null, '20130723/321/content/mms/003.txt');
INSERT INTO MMS_CONTENT(ID,BATCH_ID,CONTENT_INDEX,CPID,CREATE_TIME,IMG_PATH,TXT_PATH) VALUES ('510', '321', '4', '1', '1374553198973', '20130723/321/content/mms/004.jpg', '20130723/321/content/mms/004.txt');
INSERT INTO MMS_CONTENT(ID,BATCH_ID,CONTENT_INDEX,CPID,CREATE_TIME,IMG_PATH,TXT_PATH) VALUES ('511', '321', '5', '1', '1374553209762', null, '20130723/321/content/mms/005.txt');
INSERT INTO MMS_CONTENT(ID,BATCH_ID,CONTENT_INDEX,CPID,CREATE_TIME,IMG_PATH,TXT_PATH) VALUES ('512', '321', '6', '1', '1374553212195', null, '20130723/321/content/mms/006.txt');
INSERT INTO MMS_CONTENT(ID,BATCH_ID,CONTENT_INDEX,CPID,CREATE_TIME,IMG_PATH,TXT_PATH) VALUES ('513', '322', '1', '1', '1374553540701', null, '20130723/322/content/mms/001.txt');
INSERT INTO MMS_CONTENT(ID,BATCH_ID,CONTENT_INDEX,CPID,CREATE_TIME,IMG_PATH,TXT_PATH) VALUES ('514', '322', '2', '1', '1374553548017', null, '20130723/322/content/mms/002.txt');
INSERT INTO MMS_CONTENT(ID,BATCH_ID,CONTENT_INDEX,CPID,CREATE_TIME,IMG_PATH,TXT_PATH) VALUES ('515', '322', '3', '1', '1374553554243', '20130723/322/content/mms/003.jpg', '20130723/322/content/mms/003.txt');
INSERT INTO MMS_CONTENT(ID,BATCH_ID,CONTENT_INDEX,CPID,CREATE_TIME,IMG_PATH,TXT_PATH) VALUES ('516', '322', '4', '1', '1374553566517', '20130723/322/content/mms/004.jpg', '20130723/322/content/mms/004.txt');
INSERT INTO MMS_CONTENT(ID,BATCH_ID,CONTENT_INDEX,CPID,CREATE_TIME,IMG_PATH,TXT_PATH) VALUES ('517', '322', '5', '1', '1374553575018', '20130723/322/content/mms/005.jpg', '20130723/322/content/mms/005.txt');
INSERT INTO MMS_CONTENT(ID,BATCH_ID,CONTENT_INDEX,CPID,CREATE_TIME,IMG_PATH,TXT_PATH) VALUES ('519', '324', '1', '1', '1374553870376', null, '20130723/324/content/mms/001.txt');
INSERT INTO MMS_CONTENT(ID,BATCH_ID,CONTENT_INDEX,CPID,CREATE_TIME,IMG_PATH,TXT_PATH) VALUES ('520', '324', '4', '1', '1374553873656', null, '20130723/324/content/mms/002.txt');
INSERT INTO MMS_CONTENT(ID,BATCH_ID,CONTENT_INDEX,CPID,CREATE_TIME,IMG_PATH,TXT_PATH) VALUES ('522', '324', '2', '1', '1374553897274', '20130723/324/content/mms/004.jpg', '20130723/324/content/mms/004.txt');
INSERT INTO MMS_CONTENT(ID,BATCH_ID,CONTENT_INDEX,CPID,CREATE_TIME,IMG_PATH,TXT_PATH) VALUES ('523', '325', '1', '1', '1374580501270', '20130723/325/content/mms/001.jpg', '20130723/325/content/mms/001.txt');
INSERT INTO MMS_CONTENT(ID,BATCH_ID,CONTENT_INDEX,CPID,CREATE_TIME,IMG_PATH,TXT_PATH) VALUES ('524', '326', '1', '1', '1374581171370', null, '20130723/326/content/mms/001.txt');
INSERT INTO MMS_CONTENT(ID,BATCH_ID,CONTENT_INDEX,CPID,CREATE_TIME,IMG_PATH,TXT_PATH) VALUES ('525', '327', '1', '1', '1374653716479', null, '20130724/327/content/mms/001.txt');
INSERT INTO MMS_CONTENT(ID,BATCH_ID,CONTENT_INDEX,CPID,CREATE_TIME,IMG_PATH,TXT_PATH) VALUES ('526', '328', '1', '1', '1374653901993', null, '20130724/328/content/mms/001.txt');
INSERT INTO MMS_CONTENT(ID,BATCH_ID,CONTENT_INDEX,CPID,CREATE_TIME,IMG_PATH,TXT_PATH) VALUES ('527', '329', '1', '1', '1374654373639', null, '20130724/329/content/mms/001.txt');
INSERT INTO MMS_CONTENT(ID,BATCH_ID,CONTENT_INDEX,CPID,CREATE_TIME,IMG_PATH,TXT_PATH) VALUES ('528', '330', '1', '1', '1374654532446', null, '20130724/330/content/mms/001.txt');
INSERT INTO MMS_CONTENT(ID,BATCH_ID,CONTENT_INDEX,CPID,CREATE_TIME,IMG_PATH,TXT_PATH) VALUES ('529', '331', '1', '1', '1374654702677', null, '20130724/331/content/mms/001.txt');
INSERT INTO MMS_CONTENT(ID,BATCH_ID,CONTENT_INDEX,CPID,CREATE_TIME,IMG_PATH,TXT_PATH) VALUES ('530', '332', '1', '1', '1374654835332', null, '20130724/332/content/mms/001.txt');
INSERT INTO MMS_CONTENT(ID,BATCH_ID,CONTENT_INDEX,CPID,CREATE_TIME,IMG_PATH,TXT_PATH) VALUES ('531', '333', '1', '1', '1374654957900', null, '20130724/333/content/mms/001.txt');
INSERT INTO MMS_CONTENT(ID,BATCH_ID,CONTENT_INDEX,CPID,CREATE_TIME,IMG_PATH,TXT_PATH) VALUES ('532', '334', '1', '1', '1374655584954', null, '20130724/334/content/mms/001.txt');
INSERT INTO MMS_CONTENT(ID,BATCH_ID,CONTENT_INDEX,CPID,CREATE_TIME,IMG_PATH,TXT_PATH) VALUES ('533', '335', '1', '1', '1374655824432', null, '20130724/335/content/mms/001.txt');
INSERT INTO MMS_CONTENT(ID,BATCH_ID,CONTENT_INDEX,CPID,CREATE_TIME,IMG_PATH,TXT_PATH) VALUES ('534', '336', '1', '1', '1374656059654', null, '20130724/336/content/mms/001.txt');
INSERT INTO MMS_CONTENT(ID,BATCH_ID,CONTENT_INDEX,CPID,CREATE_TIME,IMG_PATH,TXT_PATH) VALUES ('535', '337', '1', '1', '1374656411816', null, '20130724/337/content/mms/001.txt');
INSERT INTO MMS_CONTENT(ID,BATCH_ID,CONTENT_INDEX,CPID,CREATE_TIME,IMG_PATH,TXT_PATH) VALUES ('536', '338', '1', '1', '1374656876737', null, '20130724/338/content/mms/001.txt');
INSERT INTO MMS_CONTENT(ID,BATCH_ID,CONTENT_INDEX,CPID,CREATE_TIME,IMG_PATH,TXT_PATH) VALUES ('537', '339', '1', '1', '1374657029656', null, '20130724/339/content/mms/001.txt');
INSERT INTO MMS_CONTENT(ID,BATCH_ID,CONTENT_INDEX,CPID,CREATE_TIME,IMG_PATH,TXT_PATH) VALUES ('538', '340', '1', '1', '1374743796138', null, '20130725/340/content/mms/001.txt');
INSERT INTO MMS_CONTENT(ID,BATCH_ID,CONTENT_INDEX,CPID,CREATE_TIME,IMG_PATH,TXT_PATH) VALUES ('539', '341', '1', '1', '1374744964743', null, '20130725/341/content/mms/001.txt');
INSERT INTO MMS_CONTENT(ID,BATCH_ID,CONTENT_INDEX,CPID,CREATE_TIME,IMG_PATH,TXT_PATH) VALUES ('540', '342', '1', '1', '1374802797026', null, '20130726/342/content/mms/001.txt');


-- ----------------------------
-- Records of receipt_depot_info
-- ----------------------------
INSERT INTO RECEIPT_DEPOT_INFO(ID,CREATE_DATE,DEL_FLAG,REMARKS,UPDATE_DATE,ADDRESS,CODE_ZIP,DEPARTMENT,EMAIL,PHONE,RECEIPT_COMM_MOBILE,RECEIPT_COMM_USER,RECEIPT_NAME,RECEIPT_OUT,RECEIPT_RESIDUE,RECEIPT_TOTAL,RECEIPT_TYPE,SEX,CREATE_BY,UPDATE_BY,ATEA_ID,OFFICE_ID,PREWARNING) VALUES ('1', '2014-07-14 16:12:10', '0', null, TO_DATE('2014-08-01 10:53:07','yyyy-MM-dd HH24:mi:ss'), '测试地址', '123456', '测试部门', '123456789@163.com', '18686868686', '0100-80808080', '测试姓名', '四川CA总库房', '0', '0', '0', null, '0', '1', '1', '1', '34', '500');


-- ----------------------------
-- Records of sys_area
-- ----------------------------
INSERT INTO SYS_AREA(ID,PARENT_ID,PARENT_IDS,CODE,NAME,TYPE,CREATE_BY,CREATE_DATE,UPDATE_BY,UPDATE_DATE,REMARKS,DEL_FLAG) VALUES ('1', '0', '0,', '100000', '中国', '1', '1', TO_DATE('2013-05-27 08:00:00','yyyy-MM-dd HH24:mi:ss'), '1', TO_DATE('2013-05-27 08:00:00','yyyy-MM-dd HH24:mi:ss'), null, '0');
INSERT INTO SYS_AREA(ID,PARENT_ID,PARENT_IDS,CODE,NAME,TYPE,CREATE_BY,CREATE_DATE,UPDATE_BY,UPDATE_DATE,REMARKS,DEL_FLAG) VALUES ('2', '1', '0,1,', '110000', '北京市', '2', '1', TO_DATE('2013-05-27 08:00:00','yyyy-MM-dd HH24:mi:ss'), '1', TO_DATE('2013-05-27 08:00:00','yyyy-MM-dd HH24:mi:ss'), null, '0');
INSERT INTO SYS_AREA(ID,PARENT_ID,PARENT_IDS,CODE,NAME,TYPE,CREATE_BY,CREATE_DATE,UPDATE_BY,UPDATE_DATE,REMARKS,DEL_FLAG) VALUES ('3', '1', '0,1,', '110101', '东城区', '4', '1', TO_DATE('2013-05-27 08:00:00','yyyy-MM-dd HH24:mi:ss'), '1', TO_DATE('2013-05-27 08:00:00','yyyy-MM-dd HH24:mi:ss'), null, '1');
INSERT INTO SYS_AREA(ID,PARENT_ID,PARENT_IDS,CODE,NAME,TYPE,CREATE_BY,CREATE_DATE,UPDATE_BY,UPDATE_DATE,REMARKS,DEL_FLAG) VALUES ('4', '1', '0,1,', '110102', '西城区', '4', '1', TO_DATE('2013-05-27 08:00:00','yyyy-MM-dd HH24:mi:ss'), '1', TO_DATE('2013-05-27 08:00:00','yyyy-MM-dd HH24:mi:ss'), null, '1');
INSERT INTO SYS_AREA(ID,PARENT_ID,PARENT_IDS,CODE,NAME,TYPE,CREATE_BY,CREATE_DATE,UPDATE_BY,UPDATE_DATE,REMARKS,DEL_FLAG) VALUES ('5', '1', '0,1,', '110103', '朝阳区', '4', '1', TO_DATE('2013-05-27 08:00:00','yyyy-MM-dd HH24:mi:ss'), '1', TO_DATE('2013-05-27 08:00:00','yyyy-MM-dd HH24:mi:ss'), null, '1');
INSERT INTO SYS_AREA(ID,PARENT_ID,PARENT_IDS,CODE,NAME,TYPE,CREATE_BY,CREATE_DATE,UPDATE_BY,UPDATE_DATE,REMARKS,DEL_FLAG) VALUES ('6', '1', '0,1,', '110104', '丰台区', '4', '1', TO_DATE('2013-05-27 08:00:00','yyyy-MM-dd HH24:mi:ss'), '1', TO_DATE('2013-05-27 08:00:00','yyyy-MM-dd HH24:mi:ss'), null, '1');
INSERT INTO SYS_AREA(ID,PARENT_ID,PARENT_IDS,CODE,NAME,TYPE,CREATE_BY,CREATE_DATE,UPDATE_BY,UPDATE_DATE,REMARKS,DEL_FLAG) VALUES ('7', '1', '0,1,', '110105', '海淀区', '4', '1', TO_DATE('2013-05-27 08:00:00','yyyy-MM-dd HH24:mi:ss'), '1', TO_DATE('2013-05-27 08:00:00','yyyy-MM-dd HH24:mi:ss'), null, '1');
INSERT INTO SYS_AREA(ID,PARENT_ID,PARENT_IDS,CODE,NAME,TYPE,CREATE_BY,CREATE_DATE,UPDATE_BY,UPDATE_DATE,REMARKS,DEL_FLAG) VALUES ('8', '1', '0,1,', '370000', '山东省', '2', '1', TO_DATE('2013-05-27 08:00:00','yyyy-MM-dd HH24:mi:ss'), '1', TO_DATE('2013-05-27 08:00:00','yyyy-MM-dd HH24:mi:ss'), null, '1');
INSERT INTO SYS_AREA(ID,PARENT_ID,PARENT_IDS,CODE,NAME,TYPE,CREATE_BY,CREATE_DATE,UPDATE_BY,UPDATE_DATE,REMARKS,DEL_FLAG) VALUES ('9', '1', '0,1,', '370531', '济南市', '3', '1', TO_DATE('2013-05-27 08:00:00','yyyy-MM-dd HH24:mi:ss'), '1', TO_DATE('2013-05-27 08:00:00','yyyy-MM-dd HH24:mi:ss'), null, '1');
INSERT INTO SYS_AREA(ID,PARENT_ID,PARENT_IDS,CODE,NAME,TYPE,CREATE_BY,CREATE_DATE,UPDATE_BY,UPDATE_DATE,REMARKS,DEL_FLAG) VALUES ('10', '1', '0,1,', '370532', '历城区', '4', '1', TO_DATE('2013-05-27 08:00:00','yyyy-MM-dd HH24:mi:ss'), '1', TO_DATE('2013-05-27 08:00:00','yyyy-MM-dd HH24:mi:ss'), null, '1');
INSERT INTO SYS_AREA(ID,PARENT_ID,PARENT_IDS,CODE,NAME,TYPE,CREATE_BY,CREATE_DATE,UPDATE_BY,UPDATE_DATE,REMARKS,DEL_FLAG) VALUES ('11', '1', '0,1,', '370533', '历城区', '4', '1', TO_DATE('2013-05-27 08:00:00','yyyy-MM-dd HH24:mi:ss'), '1', TO_DATE('2013-05-27 08:00:00','yyyy-MM-dd HH24:mi:ss'), null, '1');
INSERT INTO SYS_AREA(ID,PARENT_ID,PARENT_IDS,CODE,NAME,TYPE,CREATE_BY,CREATE_DATE,UPDATE_BY,UPDATE_DATE,REMARKS,DEL_FLAG) VALUES ('12', '1', '0,1,', '370534', '历下区', '4', '1', TO_DATE('2013-05-27 08:00:00','yyyy-MM-dd HH24:mi:ss'), '1', TO_DATE('2013-05-27 08:00:00','yyyy-MM-dd HH24:mi:ss'), null, '1');
INSERT INTO SYS_AREA(ID,PARENT_ID,PARENT_IDS,CODE,NAME,TYPE,CREATE_BY,CREATE_DATE,UPDATE_BY,UPDATE_DATE,REMARKS,DEL_FLAG) VALUES ('13', '1', '0,1,', '370535', '天桥区', '4', '1', TO_DATE('2013-05-27 08:00:00','yyyy-MM-dd HH24:mi:ss'), '1', TO_DATE('2013-05-27 08:00:00','yyyy-MM-dd HH24:mi:ss'), null, '1');
INSERT INTO SYS_AREA(ID,PARENT_ID,PARENT_IDS,CODE,NAME,TYPE,CREATE_BY,CREATE_DATE,UPDATE_BY,UPDATE_DATE,REMARKS,DEL_FLAG) VALUES ('14', '1', '0,1,', '370536', '槐荫区', '4', '1', TO_DATE('2013-05-27 08:00:00','yyyy-MM-dd HH24:mi:ss'), '1', TO_DATE('2013-05-27 08:00:00','yyyy-MM-dd HH24:mi:ss'), null, '1');
INSERT INTO SYS_AREA(ID,PARENT_ID,PARENT_IDS,CODE,NAME,TYPE,CREATE_BY,CREATE_DATE,UPDATE_BY,UPDATE_DATE,REMARKS,DEL_FLAG) VALUES ('15', '1', '0,1,', '150000', '黑龙江省', '2', '1', TO_DATE('2014-06-12 11:12:35','yyyy-MM-dd HH24:mi:ss'), '1', TO_DATE('2014-06-12 11:12:35','yyyy-MM-dd HH24:mi:ss'), '', '1');
INSERT INTO SYS_AREA(ID,PARENT_ID,PARENT_IDS,CODE,NAME,TYPE,CREATE_BY,CREATE_DATE,UPDATE_BY,UPDATE_DATE,REMARKS,DEL_FLAG) VALUES ('16', '1', '0,1,', '154106', '鹤岗市', '3', '1', TO_DATE('2014-06-12 11:12:35','yyyy-MM-dd HH24:mi:ss'), '1', TO_DATE('2014-06-12 11:12:35','yyyy-MM-dd HH24:mi:ss'), '', '1');
INSERT INTO SYS_AREA(ID,PARENT_ID,PARENT_IDS,CODE,NAME,TYPE,CREATE_BY,CREATE_DATE,UPDATE_BY,UPDATE_DATE,REMARKS,DEL_FLAG) VALUES ('17', '1', '0,1,', '1', '12312', '2', '1', TO_DATE('2014-06-12 11:12:35','yyyy-MM-dd HH24:mi:ss'), '1', TO_DATE('2014-06-12 11:12:35','yyyy-MM-dd HH24:mi:ss'), '', '1');
INSERT INTO SYS_AREA(ID,PARENT_ID,PARENT_IDS,CODE,NAME,TYPE,CREATE_BY,CREATE_DATE,UPDATE_BY,UPDATE_DATE,REMARKS,DEL_FLAG) VALUES ('18', '1', '0,1,', '1', '1231231', '2', '1', TO_DATE('2014-06-12 11:12:35','yyyy-MM-dd HH24:mi:ss'), '1', TO_DATE('2014-06-12 11:12:35','yyyy-MM-dd HH24:mi:ss'), '', '1');
INSERT INTO SYS_AREA(ID,PARENT_ID,PARENT_IDS,CODE,NAME,TYPE,CREATE_BY,CREATE_DATE,UPDATE_BY,UPDATE_DATE,REMARKS,DEL_FLAG) VALUES ('19', '1', '0,1,', '1', '海淀区', '2', '1', TO_DATE('2014-06-12 11:12:35','yyyy-MM-dd HH24:mi:ss'), '1', TO_DATE('2014-06-12 11:12:35','yyyy-MM-dd HH24:mi:ss'), '', '0');
INSERT INTO SYS_AREA(ID,PARENT_ID,PARENT_IDS,CODE,NAME,TYPE,CREATE_BY,CREATE_DATE,UPDATE_BY,UPDATE_DATE,REMARKS,DEL_FLAG) VALUES ('20', '1', '0,1,', '1', '昌平线', '2', '1', TO_DATE('2014-06-12 11:12:35','yyyy-MM-dd HH24:mi:ss'), '1', TO_DATE('2014-06-12 11:12:35','yyyy-MM-dd HH24:mi:ss'), '', '0');
INSERT INTO SYS_AREA(ID,PARENT_ID,PARENT_IDS,CODE,NAME,TYPE,CREATE_BY,CREATE_DATE,UPDATE_BY,UPDATE_DATE,REMARKS,DEL_FLAG) VALUES ('21', '1', '0,1,', '1', '北京', '2', '1', TO_DATE('2014-06-12 11:12:35','yyyy-MM-dd HH24:mi:ss'), '1', TO_DATE('2014-06-12 11:12:35','yyyy-MM-dd HH24:mi:ss'), '', '0');
INSERT INTO SYS_AREA(ID,PARENT_ID,PARENT_IDS,CODE,NAME,TYPE,CREATE_BY,CREATE_DATE,UPDATE_BY,UPDATE_DATE,REMARKS,DEL_FLAG) VALUES ('22', '1', '0,1,', '1', '测试区域', '2', '1', TO_DATE('2014-06-12 11:12:35','yyyy-MM-dd HH24:mi:ss'), '1', TO_DATE('2014-06-12 11:12:35','yyyy-MM-dd HH24:mi:ss'), '', '0');
INSERT INTO SYS_AREA(ID,PARENT_ID,PARENT_IDS,CODE,NAME,TYPE,CREATE_BY,CREATE_DATE,UPDATE_BY,UPDATE_DATE,REMARKS,DEL_FLAG) VALUES ('23', '1', '0,1,', '1', '测试区域1', '2', '1', TO_DATE('2014-06-12 11:12:35','yyyy-MM-dd HH24:mi:ss'), '1', TO_DATE('2014-06-12 11:12:35','yyyy-MM-dd HH24:mi:ss'), '', '0');


-- ----------------------------
-- Records of sys_channel_info
-- ----------------------------
INSERT INTO SYS_CHANNEL_INFO(CHANNEL_ID,CHANNEL_NAME,CHANNEL_TYPE,CHANNEL_STATUS,CREATE_DATE,DEL_FALG,REMARKS,UPDATE_DATE,CREATE_BY,UODATE_BY) VALUES ('1', 'test', '1', '00000000001', null, null, null, null, null, null);
INSERT INTO SYS_CHANNEL_INFO(CHANNEL_ID,CHANNEL_NAME,CHANNEL_TYPE,CHANNEL_STATUS,CREATE_DATE,DEL_FALG,REMARKS,UPDATE_DATE,CREATE_BY,UODATE_BY) VALUES ('2', '123', '1', '00000000001', null, null, null, null, null, null);


-- ----------------------------
-- Records of sys_config
-- ----------------------------
INSERT INTO SYS_CONFIG(ID,CONFIG,TYPE,VERSION,CREATE_DATE,DEL_FLAG,REMARKS,UPDATE_DATE,CREATE_BY,UPDATE_BY) VALUES ('1', '1401069406484', 'version', null, null, null, null, null, null, null);
INSERT INTO SYS_CONFIG(ID,CONFIG,TYPE,VERSION,CREATE_DATE,DEL_FLAG,REMARKS,UPDATE_DATE,CREATE_BY,UPDATE_BY) VALUES ('2', '1401693707743', 'dynamicMsg', null, null, null, null, null, null, null);
INSERT INTO SYS_CONFIG(ID,CONFIG,TYPE,VERSION,CREATE_DATE,DEL_FLAG,REMARKS,UPDATE_DATE,CREATE_BY,UPDATE_BY) VALUES ('3', '1401069406711', 'auxLock', null, null, null, null, null, null, null);
INSERT INTO SYS_CONFIG(ID,CONFIG,TYPE,VERSION,CREATE_DATE,DEL_FLAG,REMARKS,UPDATE_DATE,CREATE_BY,UPDATE_BY) VALUES ('4', '1398133744587', 'sysconfit', null, null, null, null, null, null, null);
INSERT INTO SYS_CONFIG(ID,CONFIG,TYPE,VERSION,CREATE_DATE,DEL_FLAG,REMARKS,UPDATE_DATE,CREATE_BY,UPDATE_BY) VALUES ('5', '1399191677521', 'project', null, null, null, null, null, null, null);
INSERT INTO SYS_CONFIG(ID,CONFIG,TYPE,VERSION,CREATE_DATE,DEL_FLAG,REMARKS,UPDATE_DATE,CREATE_BY,UPDATE_BY) VALUES ('6', '1401076644751', 'projectProducts', null, null, null, null, null, null, null);
INSERT INTO SYS_CONFIG(ID,CONFIG,TYPE,VERSION,CREATE_DATE,DEL_FLAG,REMARKS,UPDATE_DATE,CREATE_BY,UPDATE_BY) VALUES ('7', '1401164741950', 'license', null, null, null, null, null, null, null);
INSERT INTO SYS_CONFIG(ID,CONFIG,TYPE,VERSION,CREATE_DATE,DEL_FLAG,REMARKS,UPDATE_DATE,CREATE_BY,UPDATE_BY) VALUES ('8', '1399438018756', 'projectKeyInfo', null, null, null, null, null, null, null);
INSERT INTO SYS_CONFIG(ID,CONFIG,TYPE,VERSION,CREATE_DATE,DEL_FLAG,REMARKS,UPDATE_DATE,CREATE_BY,UPDATE_BY) VALUES ('9', '1399185582411', 'vppidLock', null, null, null, null, null, null, null);
INSERT INTO SYS_CONFIG(ID,CONFIG,TYPE,VERSION,CREATE_DATE,DEL_FLAG,REMARKS,UPDATE_DATE,CREATE_BY,UPDATE_BY) VALUES ('10', 'C:\\ukeysoft', 'softDir', null, null, null, null, null, null, null);
INSERT INTO SYS_CONFIG(ID,CONFIG,TYPE,VERSION,CREATE_DATE,DEL_FLAG,REMARKS,UPDATE_DATE,CREATE_BY,UPDATE_BY) VALUES ('11', '3.0.0.1', 'mvtu', null, null, null, null, null, null, null);
INSERT INTO SYS_CONFIG(ID,CONFIG,TYPE,VERSION,CREATE_DATE,DEL_FLAG,REMARKS,UPDATE_DATE,CREATE_BY,UPDATE_BY) VALUES ('12', 'true', 'isUpdate', null, null, null, null, null, null, null);
INSERT INTO SYS_CONFIG(ID,CONFIG,TYPE,VERSION,CREATE_DATE,DEL_FLAG,REMARKS,UPDATE_DATE,CREATE_BY,UPDATE_BY) VALUES ('13', 'true', 'isLogNoSn', null, null, null, null, null, null, null);
INSERT INTO SYS_CONFIG(ID,CONFIG,TYPE,VERSION,CREATE_DATE,DEL_FLAG,REMARKS,UPDATE_DATE,CREATE_BY,UPDATE_BY) VALUES ('14', 'http://www.itrus.com/smsService.pl', 'sms_url', null, null, null, null, null, null, null);
INSERT INTO SYS_CONFIG(ID,CONFIG,TYPE,VERSION,CREATE_DATE,DEL_FLAG,REMARKS,UPDATE_DATE,CREATE_BY,UPDATE_BY) VALUES ('15', 'adsa', 'sms_user_name', null, null, null, null, null, null, null);
INSERT INTO SYS_CONFIG(ID,CONFIG,TYPE,VERSION,CREATE_DATE,DEL_FLAG,REMARKS,UPDATE_DATE,CREATE_BY,UPDATE_BY) VALUES ('16', 'dsfd', 'sms_user_pass', null, null, null, null, null, null, null);
INSERT INTO SYS_CONFIG(ID,CONFIG,TYPE,VERSION,CREATE_DATE,DEL_FLAG,REMARKS,UPDATE_DATE,CREATE_BY,UPDATE_BY) VALUES ('17', 'smtp.qq.com', 'email_url', null, null, null, null, '2014-06-03 17:32:54', null, '1');
INSERT INTO SYS_CONFIG(ID,CONFIG,TYPE,VERSION,CREATE_DATE,DEL_FLAG,REMARKS,UPDATE_DATE,CREATE_BY,UPDATE_BY) VALUES ('18', 'false', 'is_need_ssl', null, null, null, null, '2014-06-03 18:11:06', null, '1');
INSERT INTO SYS_CONFIG(ID,CONFIG,TYPE,VERSION,CREATE_DATE,DEL_FLAG,REMARKS,UPDATE_DATE,CREATE_BY,UPDATE_BY) VALUES ('19', '34572806', 'email_user_name', null, null, null, null, null, null, null);
INSERT INTO SYS_CONFIG(ID,CONFIG,TYPE,VERSION,CREATE_DATE,DEL_FLAG,REMARKS,UPDATE_DATE,CREATE_BY,UPDATE_BY) VALUES ('20', 'asdf1234', 'email_user_pass', null, null, null, null, null, null, null);
INSERT INTO SYS_CONFIG(ID,CONFIG,TYPE,VERSION,CREATE_DATE,DEL_FLAG,REMARKS,UPDATE_DATE,CREATE_BY,UPDATE_BY) VALUES ('21', '25', 'port', null, null, null, null, null, null, null);
INSERT INTO SYS_CONFIG(ID,CONFIG,TYPE,VERSION,CREATE_DATE,DEL_FLAG,REMARKS,UPDATE_DATE,CREATE_BY,UPDATE_BY) VALUES ('22', '1', 'cert_audit_mode', null, null, null, null, null, null, null);
INSERT INTO SYS_CONFIG(ID,CONFIG,TYPE,VERSION,CREATE_DATE,DEL_FLAG,REMARKS,UPDATE_DATE,CREATE_BY,UPDATE_BY) VALUES ('23', 'http://itrus_ca.com', 'ca_link_url', null, null, null, null, null, null, null);


-- ----------------------------
-- Records of sys_dict
-- ----------------------------
INSERT INTO SYS_DICT(ID,LABEL,VALUE,TYPE,DESCRIPTION,SORT,CREATE_BY,CREATE_DATE,UPDATE_BY,UPDATE_DATE,REMARKS,DEL_FLAG) VALUES ('1', '正常', '0', 'del_flag', '删除标记', '10', '1', TO_DATE('2013-05-27 08:00:00','yyyy-MM-dd HH24:mi:ss'), '1', TO_DATE('2013-05-27 08:00:00','yyyy-MM-dd HH24:mi:ss'), null, '0');
INSERT INTO SYS_DICT(ID,LABEL,VALUE,TYPE,DESCRIPTION,SORT,CREATE_BY,CREATE_DATE,UPDATE_BY,UPDATE_DATE,REMARKS,DEL_FLAG) VALUES ('2', '删除', '1', 'del_flag', '删除标记', '20', '1', TO_DATE('2013-05-27 08:00:00','yyyy-MM-dd HH24:mi:ss'), '1', TO_DATE('2013-05-27 08:00:00','yyyy-MM-dd HH24:mi:ss'), null, '0');
INSERT INTO SYS_DICT(ID,LABEL,VALUE,TYPE,DESCRIPTION,SORT,CREATE_BY,CREATE_DATE,UPDATE_BY,UPDATE_DATE,REMARKS,DEL_FLAG) VALUES ('3', '显示', '1', 'show_hide', '显示/隐藏', '10', '1', TO_DATE('2013-05-27 08:00:00','yyyy-MM-dd HH24:mi:ss'), '1', TO_DATE('2013-05-27 08:00:00','yyyy-MM-dd HH24:mi:ss'), null, '0');
INSERT INTO SYS_DICT(ID,LABEL,VALUE,TYPE,DESCRIPTION,SORT,CREATE_BY,CREATE_DATE,UPDATE_BY,UPDATE_DATE,REMARKS,DEL_FLAG) VALUES ('4', '隐藏', '0', 'show_hide', '显示/隐藏', '20', '1', TO_DATE('2013-05-27 08:00:00','yyyy-MM-dd HH24:mi:ss'), '1', TO_DATE('2013-05-27 08:00:00','yyyy-MM-dd HH24:mi:ss'), null, '0');
INSERT INTO SYS_DICT(ID,LABEL,VALUE,TYPE,DESCRIPTION,SORT,CREATE_BY,CREATE_DATE,UPDATE_BY,UPDATE_DATE,REMARKS,DEL_FLAG) VALUES ('5', '是', '1', 'yes_no', '是/否', '10', '1', TO_DATE('2013-05-27 08:00:00','yyyy-MM-dd HH24:mi:ss'), '1', TO_DATE('2013-05-27 08:00:00','yyyy-MM-dd HH24:mi:ss'), null, '0');
INSERT INTO SYS_DICT(ID,LABEL,VALUE,TYPE,DESCRIPTION,SORT,CREATE_BY,CREATE_DATE,UPDATE_BY,UPDATE_DATE,REMARKS,DEL_FLAG) VALUES ('6', '否', '0', 'yes_no', '是/否', '20', '1', TO_DATE('2013-05-27 08:00:00','yyyy-MM-dd HH24:mi:ss'), '1', TO_DATE('2013-05-27 08:00:00','yyyy-MM-dd HH24:mi:ss'), null, '0');
INSERT INTO SYS_DICT(ID,LABEL,VALUE,TYPE,DESCRIPTION,SORT,CREATE_BY,CREATE_DATE,UPDATE_BY,UPDATE_DATE,REMARKS,DEL_FLAG) VALUES ('7', '红色', 'red', 'color', '颜色值', '10', '1', TO_DATE('2013-05-27 08:00:00','yyyy-MM-dd HH24:mi:ss'), '1', TO_DATE('2013-05-27 08:00:00','yyyy-MM-dd HH24:mi:ss'), null, '0');
INSERT INTO SYS_DICT(ID,LABEL,VALUE,TYPE,DESCRIPTION,SORT,CREATE_BY,CREATE_DATE,UPDATE_BY,UPDATE_DATE,REMARKS,DEL_FLAG) VALUES ('8', '绿色', 'green', 'color', '颜色值', '20', '1', TO_DATE('2013-05-27 08:00:00','yyyy-MM-dd HH24:mi:ss'), '1', TO_DATE('2013-05-27 08:00:00','yyyy-MM-dd HH24:mi:ss'), null, '0');
INSERT INTO SYS_DICT(ID,LABEL,VALUE,TYPE,DESCRIPTION,SORT,CREATE_BY,CREATE_DATE,UPDATE_BY,UPDATE_DATE,REMARKS,DEL_FLAG) VALUES ('9', '蓝色', 'blue', 'color', '颜色值', '30', '1', TO_DATE('2013-05-27 08:00:00','yyyy-MM-dd HH24:mi:ss'), '1', TO_DATE('2013-05-27 08:00:00','yyyy-MM-dd HH24:mi:ss'), null, '0');
INSERT INTO SYS_DICT(ID,LABEL,VALUE,TYPE,DESCRIPTION,SORT,CREATE_BY,CREATE_DATE,UPDATE_BY,UPDATE_DATE,REMARKS,DEL_FLAG) VALUES ('10', '黄色', 'yellow', 'color', '颜色值', '40', '1', TO_DATE('2013-05-27 08:00:00','yyyy-MM-dd HH24:mi:ss'), '1', TO_DATE('2013-05-27 08:00:00','yyyy-MM-dd HH24:mi:ss'), null, '0');
INSERT INTO SYS_DICT(ID,LABEL,VALUE,TYPE,DESCRIPTION,SORT,CREATE_BY,CREATE_DATE,UPDATE_BY,UPDATE_DATE,REMARKS,DEL_FLAG) VALUES ('11', '橙色', 'orange', 'color', '颜色值', '50', '1', TO_DATE('2013-05-27 08:00:00','yyyy-MM-dd HH24:mi:ss'), '1', TO_DATE('2013-05-27 08:00:00','yyyy-MM-dd HH24:mi:ss'), null, '0');
INSERT INTO SYS_DICT(ID,LABEL,VALUE,TYPE,DESCRIPTION,SORT,CREATE_BY,CREATE_DATE,UPDATE_BY,UPDATE_DATE,REMARKS,DEL_FLAG) VALUES ('12', '默认主题', 'default', 'theme', '主题方案', '10', '1', TO_DATE('2013-05-27 08:00:00','yyyy-MM-dd HH24:mi:ss'), '1', TO_DATE('2013-05-27 08:00:00','yyyy-MM-dd HH24:mi:ss'), null, '0');
INSERT INTO SYS_DICT(ID,LABEL,VALUE,TYPE,DESCRIPTION,SORT,CREATE_BY,CREATE_DATE,UPDATE_BY,UPDATE_DATE,REMARKS,DEL_FLAG) VALUES ('13', '天蓝主题', 'cerulean', 'theme', '主题方案', '20', '1', TO_DATE('2013-05-27 08:00:00','yyyy-MM-dd HH24:mi:ss'), '1', TO_DATE('2013-05-27 08:00:00','yyyy-MM-dd HH24:mi:ss'), null, '0');
INSERT INTO SYS_DICT(ID,LABEL,VALUE,TYPE,DESCRIPTION,SORT,CREATE_BY,CREATE_DATE,UPDATE_BY,UPDATE_DATE,REMARKS,DEL_FLAG) VALUES ('14', '橙色主题', 'readable', 'theme', '主题方案', '30', '1', TO_DATE('2013-05-27 08:00:00','yyyy-MM-dd HH24:mi:ss'), '1', TO_DATE('2013-05-27 08:00:00','yyyy-MM-dd HH24:mi:ss'), null, '0');
INSERT INTO SYS_DICT(ID,LABEL,VALUE,TYPE,DESCRIPTION,SORT,CREATE_BY,CREATE_DATE,UPDATE_BY,UPDATE_DATE,REMARKS,DEL_FLAG) VALUES ('15', '红色主题', 'united', 'theme', '主题方案', '40', '1', TO_DATE('2013-05-27 08:00:00','yyyy-MM-dd HH24:mi:ss'), '1', TO_DATE('2013-05-27 08:00:00','yyyy-MM-dd HH24:mi:ss'), null, '0');
INSERT INTO SYS_DICT(ID,LABEL,VALUE,TYPE,DESCRIPTION,SORT,CREATE_BY,CREATE_DATE,UPDATE_BY,UPDATE_DATE,REMARKS,DEL_FLAG) VALUES ('16', 'Flat主题', 'flat', 'theme', '主题方案', '60', '1', TO_DATE('2013-05-27 08:00:00','yyyy-MM-dd HH24:mi:ss'), '1', TO_DATE('2013-05-27 08:00:00','yyyy-MM-dd HH24:mi:ss'), null, '0');
INSERT INTO SYS_DICT(ID,LABEL,VALUE,TYPE,DESCRIPTION,SORT,CREATE_BY,CREATE_DATE,UPDATE_BY,UPDATE_DATE,REMARKS,DEL_FLAG) VALUES ('17', '国家', '1', 'sys_area_type', '区域类型', '10', '1', TO_DATE('2013-05-27 08:00:00','yyyy-MM-dd HH24:mi:ss'), '1', TO_DATE('2013-05-27 08:00:00','yyyy-MM-dd HH24:mi:ss'), null, '0');
INSERT INTO SYS_DICT(ID,LABEL,VALUE,TYPE,DESCRIPTION,SORT,CREATE_BY,CREATE_DATE,UPDATE_BY,UPDATE_DATE,REMARKS,DEL_FLAG) VALUES ('18', '省份、直辖市', '2', 'sys_area_type', '区域类型', '20', '1', TO_DATE('2013-05-27 08:00:00','yyyy-MM-dd HH24:mi:ss'), '1', TO_DATE('2013-05-27 08:00:00','yyyy-MM-dd HH24:mi:ss'), null, '0');
INSERT INTO SYS_DICT(ID,LABEL,VALUE,TYPE,DESCRIPTION,SORT,CREATE_BY,CREATE_DATE,UPDATE_BY,UPDATE_DATE,REMARKS,DEL_FLAG) VALUES ('19', '地市', '3', 'sys_area_type', '区域类型', '30', '1', TO_DATE('2013-05-27 08:00:00','yyyy-MM-dd HH24:mi:ss'), '1', TO_DATE('2013-05-27 08:00:00','yyyy-MM-dd HH24:mi:ss'), null, '0');
INSERT INTO SYS_DICT(ID,LABEL,VALUE,TYPE,DESCRIPTION,SORT,CREATE_BY,CREATE_DATE,UPDATE_BY,UPDATE_DATE,REMARKS,DEL_FLAG) VALUES ('20', '区县', '4', 'sys_area_type', '区域类型', '40', '1', TO_DATE('2013-05-27 08:00:00','yyyy-MM-dd HH24:mi:ss'), '1', TO_DATE('2013-05-27 08:00:00','yyyy-MM-dd HH24:mi:ss'), null, '0');
INSERT INTO SYS_DICT(ID,LABEL,VALUE,TYPE,DESCRIPTION,SORT,CREATE_BY,CREATE_DATE,UPDATE_BY,UPDATE_DATE,REMARKS,DEL_FLAG) VALUES ('21', '公司', '1', 'sys_office_type', '机构类型', '60', '1', TO_DATE('2013-05-27 08:00:00','yyyy-MM-dd HH24:mi:ss'), '1', TO_DATE('2013-05-27 08:00:00','yyyy-MM-dd HH24:mi:ss'), null, '0');
INSERT INTO SYS_DICT(ID,LABEL,VALUE,TYPE,DESCRIPTION,SORT,CREATE_BY,CREATE_DATE,UPDATE_BY,UPDATE_DATE,REMARKS,DEL_FLAG) VALUES ('22', '部门', '2', 'sys_office_type', '机构类型', '70', '1', TO_DATE('2013-05-27 08:00:00','yyyy-MM-dd HH24:mi:ss'), '1', TO_DATE('2013-05-27 08:00:00','yyyy-MM-dd HH24:mi:ss'), null, '0');
INSERT INTO SYS_DICT(ID,LABEL,VALUE,TYPE,DESCRIPTION,SORT,CREATE_BY,CREATE_DATE,UPDATE_BY,UPDATE_DATE,REMARKS,DEL_FLAG) VALUES ('23', '一级', '1', 'sys_office_grade', '机构等级', '10', '1', TO_DATE('2013-05-27 08:00:00','yyyy-MM-dd HH24:mi:ss'), '1', TO_DATE('2013-05-27 08:00:00','yyyy-MM-dd HH24:mi:ss'), null, '0');
INSERT INTO SYS_DICT(ID,LABEL,VALUE,TYPE,DESCRIPTION,SORT,CREATE_BY,CREATE_DATE,UPDATE_BY,UPDATE_DATE,REMARKS,DEL_FLAG) VALUES ('24', '二级', '2', 'sys_office_grade', '机构等级', '20', '1', TO_DATE('2013-05-27 08:00:00','yyyy-MM-dd HH24:mi:ss'), '1', TO_DATE('2013-05-27 08:00:00','yyyy-MM-dd HH24:mi:ss'), null, '0');
INSERT INTO SYS_DICT(ID,LABEL,VALUE,TYPE,DESCRIPTION,SORT,CREATE_BY,CREATE_DATE,UPDATE_BY,UPDATE_DATE,REMARKS,DEL_FLAG) VALUES ('25', '三级', '3', 'sys_office_grade', '机构等级', '30', '1', TO_DATE('2013-05-27 08:00:00','yyyy-MM-dd HH24:mi:ss'), '1', TO_DATE('2013-05-27 08:00:00','yyyy-MM-dd HH24:mi:ss'), null, '0');
INSERT INTO SYS_DICT(ID,LABEL,VALUE,TYPE,DESCRIPTION,SORT,CREATE_BY,CREATE_DATE,UPDATE_BY,UPDATE_DATE,REMARKS,DEL_FLAG) VALUES ('26', '四级', '4', 'sys_office_grade', '机构等级', '40', '1', TO_DATE('2013-05-27 08:00:00','yyyy-MM-dd HH24:mi:ss'), '1', TO_DATE('2013-05-27 08:00:00','yyyy-MM-dd HH24:mi:ss'), null, '0');
INSERT INTO SYS_DICT(ID,LABEL,VALUE,TYPE,DESCRIPTION,SORT,CREATE_BY,CREATE_DATE,UPDATE_BY,UPDATE_DATE,REMARKS,DEL_FLAG) VALUES ('27', '所有数据', '1', 'sys_data_scope', '数据范围', '10', '1', TO_DATE('2013-05-27 08:00:00','yyyy-MM-dd HH24:mi:ss'), '1', TO_DATE('2013-05-27 08:00:00','yyyy-MM-dd HH24:mi:ss'), null, '0');
INSERT INTO SYS_DICT(ID,LABEL,VALUE,TYPE,DESCRIPTION,SORT,CREATE_BY,CREATE_DATE,UPDATE_BY,UPDATE_DATE,REMARKS,DEL_FLAG) VALUES ('28', '所在区域及以下数据', '2', 'sys_data_scope', '数据范围', '20', '1', TO_DATE('2013-05-27 08:00:00','yyyy-MM-dd HH24:mi:ss'), '1', TO_DATE('2013-05-27 08:00:00','yyyy-MM-dd HH24:mi:ss'), null, '0');
INSERT INTO SYS_DICT(ID,LABEL,VALUE,TYPE,DESCRIPTION,SORT,CREATE_BY,CREATE_DATE,UPDATE_BY,UPDATE_DATE,REMARKS,DEL_FLAG) VALUES ('29', '所在区域数据', '3', 'sys_data_scope', '数据范围', '30', '1', TO_DATE('2013-05-27 08:00:00','yyyy-MM-dd HH24:mi:ss'), '1', TO_DATE('2013-05-27 08:00:00','yyyy-MM-dd HH24:mi:ss'), null, '0');
INSERT INTO SYS_DICT(ID,LABEL,VALUE,TYPE,DESCRIPTION,SORT,CREATE_BY,CREATE_DATE,UPDATE_BY,UPDATE_DATE,REMARKS,DEL_FLAG) VALUES ('30', '所在网点及以下数据', '4', 'sys_data_scope', '数据范围', '40', '1', TO_DATE('2013-05-27 08:00:00','yyyy-MM-dd HH24:mi:ss'), '1', TO_DATE('2013-05-27 08:00:00','yyyy-MM-dd HH24:mi:ss'), null, '0');
INSERT INTO SYS_DICT(ID,LABEL,VALUE,TYPE,DESCRIPTION,SORT,CREATE_BY,CREATE_DATE,UPDATE_BY,UPDATE_DATE,REMARKS,DEL_FLAG) VALUES ('31', '所在网点数据', '5', 'sys_data_scope', '数据范围', '50', '1', TO_DATE('2013-05-27 08:00:00','yyyy-MM-dd HH24:mi:ss'), '1', TO_DATE('2013-05-27 08:00:00','yyyy-MM-dd HH24:mi:ss'), null, '0');
INSERT INTO SYS_DICT(ID,LABEL,VALUE,TYPE,DESCRIPTION,SORT,CREATE_BY,CREATE_DATE,UPDATE_BY,UPDATE_DATE,REMARKS,DEL_FLAG) VALUES ('32', '仅本人数据', '8', 'sys_data_scope', '数据范围', '90', '1', TO_DATE('2013-05-27 08:00:00','yyyy-MM-dd HH24:mi:ss'), '1', TO_DATE('2013-05-27 08:00:00','yyyy-MM-dd HH24:mi:ss'), null, '0');
INSERT INTO SYS_DICT(ID,LABEL,VALUE,TYPE,DESCRIPTION,SORT,CREATE_BY,CREATE_DATE,UPDATE_BY,UPDATE_DATE,REMARKS,DEL_FLAG) VALUES ('33', '按明细设置', '9', 'sys_data_scope', '数据范围', '100', '1', TO_DATE('2013-05-27 08:00:00','yyyy-MM-dd HH24:mi:ss'), '1', TO_DATE('2013-05-27 08:00:00','yyyy-MM-dd HH24:mi:ss'), null, '0');
INSERT INTO SYS_DICT(ID,LABEL,VALUE,TYPE,DESCRIPTION,SORT,CREATE_BY,CREATE_DATE,UPDATE_BY,UPDATE_DATE,REMARKS,DEL_FLAG) VALUES ('34', '系统管理', '1', 'sys_user_type', '用户类型', '10', '1', TO_DATE('2013-05-27 08:00:00','yyyy-MM-dd HH24:mi:ss'), '1', TO_DATE('2013-05-27 08:00:00','yyyy-MM-dd HH24:mi:ss'), null, '0');
INSERT INTO SYS_DICT(ID,LABEL,VALUE,TYPE,DESCRIPTION,SORT,CREATE_BY,CREATE_DATE,UPDATE_BY,UPDATE_DATE,REMARKS,DEL_FLAG) VALUES ('35', '部门经理', '2', 'sys_user_type', '用户类型', '20', '1', TO_DATE('2013-05-27 08:00:00','yyyy-MM-dd HH24:mi:ss'), '1', TO_DATE('2013-05-27 08:00:00','yyyy-MM-dd HH24:mi:ss'), null, '0');
INSERT INTO SYS_DICT(ID,LABEL,VALUE,TYPE,DESCRIPTION,SORT,CREATE_BY,CREATE_DATE,UPDATE_BY,UPDATE_DATE,REMARKS,DEL_FLAG) VALUES ('36', '普通用户', '3', 'sys_user_type', '用户类型', '30', '1', TO_DATE('2013-05-27 08:00:00','yyyy-MM-dd HH24:mi:ss'), '1', TO_DATE('2013-05-27 08:00:00','yyyy-MM-dd HH24:mi:ss'), null, '0');
INSERT INTO SYS_DICT(ID,LABEL,VALUE,TYPE,DESCRIPTION,SORT,CREATE_BY,CREATE_DATE,UPDATE_BY,UPDATE_DATE,REMARKS,DEL_FLAG) VALUES ('37', '基础主题', 'basic', 'cms_theme', '站点主题', '10', '1', TO_DATE('2013-05-27 08:00:00','yyyy-MM-dd HH24:mi:ss'), '1', TO_DATE('2013-05-27 08:00:00','yyyy-MM-dd HH24:mi:ss'), null, '0');
INSERT INTO SYS_DICT(ID,LABEL,VALUE,TYPE,DESCRIPTION,SORT,CREATE_BY,CREATE_DATE,UPDATE_BY,UPDATE_DATE,REMARKS,DEL_FLAG) VALUES ('38', '蓝色主题', 'blue', 'cms_theme', '站点主题', '20', '1', TO_DATE('2013-05-27 08:00:00','yyyy-MM-dd HH24:mi:ss'), '1', TO_DATE('2013-05-27 08:00:00','yyyy-MM-dd HH24:mi:ss'), null, '1');
INSERT INTO SYS_DICT(ID,LABEL,VALUE,TYPE,DESCRIPTION,SORT,CREATE_BY,CREATE_DATE,UPDATE_BY,UPDATE_DATE,REMARKS,DEL_FLAG) VALUES ('39', '红色主题', 'red', 'cms_theme', '站点主题', '30', '1', TO_DATE('2013-05-27 08:00:00','yyyy-MM-dd HH24:mi:ss'), '1', TO_DATE('2013-05-27 08:00:00','yyyy-MM-dd HH24:mi:ss'), null, '1');
INSERT INTO SYS_DICT(ID,LABEL,VALUE,TYPE,DESCRIPTION,SORT,CREATE_BY,CREATE_DATE,UPDATE_BY,UPDATE_DATE,REMARKS,DEL_FLAG) VALUES ('40', '文章模型', 'article', 'cms_module', '栏目模型', '10', '1', TO_DATE('2013-05-27 08:00:00','yyyy-MM-dd HH24:mi:ss'), '1', TO_DATE('2013-05-27 08:00:00','yyyy-MM-dd HH24:mi:ss'), null, '0');
INSERT INTO SYS_DICT(ID,LABEL,VALUE,TYPE,DESCRIPTION,SORT,CREATE_BY,CREATE_DATE,UPDATE_BY,UPDATE_DATE,REMARKS,DEL_FLAG) VALUES ('41', '图片模型', 'picture', 'cms_module', '栏目模型', '20', '1', TO_DATE('2013-05-27 08:00:00','yyyy-MM-dd HH24:mi:ss'), '1', TO_DATE('2013-05-27 08:00:00','yyyy-MM-dd HH24:mi:ss'), null, '1');
INSERT INTO SYS_DICT(ID,LABEL,VALUE,TYPE,DESCRIPTION,SORT,CREATE_BY,CREATE_DATE,UPDATE_BY,UPDATE_DATE,REMARKS,DEL_FLAG) VALUES ('42', '下载模型', 'download', 'cms_module', '栏目模型', '30', '1', TO_DATE('2013-05-27 08:00:00','yyyy-MM-dd HH24:mi:ss'), '1', TO_DATE('2013-05-27 08:00:00','yyyy-MM-dd HH24:mi:ss'), null, '1');
INSERT INTO SYS_DICT(ID,LABEL,VALUE,TYPE,DESCRIPTION,SORT,CREATE_BY,CREATE_DATE,UPDATE_BY,UPDATE_DATE,REMARKS,DEL_FLAG) VALUES ('43', '链接模型', 'link', 'cms_module', '栏目模型', '40', '1', TO_DATE('2013-05-27 08:00:00','yyyy-MM-dd HH24:mi:ss'), '1', TO_DATE('2013-05-27 08:00:00','yyyy-MM-dd HH24:mi:ss'), null, '0');
INSERT INTO SYS_DICT(ID,LABEL,VALUE,TYPE,DESCRIPTION,SORT,CREATE_BY,CREATE_DATE,UPDATE_BY,UPDATE_DATE,REMARKS,DEL_FLAG) VALUES ('44', '专题模型', 'special', 'cms_module', '栏目模型', '50', '1', TO_DATE('2013-05-27 08:00:00','yyyy-MM-dd HH24:mi:ss'), '1', TO_DATE('2013-05-27 08:00:00','yyyy-MM-dd HH24:mi:ss'), null, '1');
INSERT INTO SYS_DICT(ID,LABEL,VALUE,TYPE,DESCRIPTION,SORT,CREATE_BY,CREATE_DATE,UPDATE_BY,UPDATE_DATE,REMARKS,DEL_FLAG) VALUES ('45', '默认展现方式', '0', 'cms_show_modes', '展现方式', '10', '1', TO_DATE('2013-05-27 08:00:00','yyyy-MM-dd HH24:mi:ss'), '1', TO_DATE('2013-05-27 08:00:00','yyyy-MM-dd HH24:mi:ss'), null, '0');
INSERT INTO SYS_DICT(ID,LABEL,VALUE,TYPE,DESCRIPTION,SORT,CREATE_BY,CREATE_DATE,UPDATE_BY,UPDATE_DATE,REMARKS,DEL_FLAG) VALUES ('46', '首栏目内容列表', '1', 'cms_show_modes', '展现方式', '20', '1', TO_DATE('2013-05-27 08:00:00','yyyy-MM-dd HH24:mi:ss'), '1', TO_DATE('2013-05-27 08:00:00','yyyy-MM-dd HH24:mi:ss'), null, '0');
INSERT INTO SYS_DICT(ID,LABEL,VALUE,TYPE,DESCRIPTION,SORT,CREATE_BY,CREATE_DATE,UPDATE_BY,UPDATE_DATE,REMARKS,DEL_FLAG) VALUES ('47', '栏目第一条内容', '2', 'cms_show_modes', '展现方式', '30', '1', TO_DATE('2013-05-27 08:00:00','yyyy-MM-dd HH24:mi:ss'), '1', TO_DATE('2013-05-27 08:00:00','yyyy-MM-dd HH24:mi:ss'), null, '0');
INSERT INTO SYS_DICT(ID,LABEL,VALUE,TYPE,DESCRIPTION,SORT,CREATE_BY,CREATE_DATE,UPDATE_BY,UPDATE_DATE,REMARKS,DEL_FLAG) VALUES ('48', '发布', '0', 'cms_del_flag', '内容状态', '10', '1', TO_DATE('2013-05-27 08:00:00','yyyy-MM-dd HH24:mi:ss'), '1', TO_DATE('2013-05-27 08:00:00','yyyy-MM-dd HH24:mi:ss'), null, '0');
INSERT INTO SYS_DICT(ID,LABEL,VALUE,TYPE,DESCRIPTION,SORT,CREATE_BY,CREATE_DATE,UPDATE_BY,UPDATE_DATE,REMARKS,DEL_FLAG) VALUES ('49', '删除', '1', 'cms_del_flag', '内容状态', '20', '1', TO_DATE('2013-05-27 08:00:00','yyyy-MM-dd HH24:mi:ss'), '1', TO_DATE('2013-05-27 08:00:00','yyyy-MM-dd HH24:mi:ss'), null, '0');
INSERT INTO SYS_DICT(ID,LABEL,VALUE,TYPE,DESCRIPTION,SORT,CREATE_BY,CREATE_DATE,UPDATE_BY,UPDATE_DATE,REMARKS,DEL_FLAG) VALUES ('50', '审核', '2', 'cms_del_flag', '内容状态', '15', '1', TO_DATE('2013-05-27 08:00:00','yyyy-MM-dd HH24:mi:ss'), '1', TO_DATE('2013-05-27 08:00:00','yyyy-MM-dd HH24:mi:ss'), null, '0');
INSERT INTO SYS_DICT(ID,LABEL,VALUE,TYPE,DESCRIPTION,SORT,CREATE_BY,CREATE_DATE,UPDATE_BY,UPDATE_DATE,REMARKS,DEL_FLAG) VALUES ('51', '首页焦点图', '1', 'cms_posid', '推荐位', '10', '1', TO_DATE('2013-05-27 08:00:00','yyyy-MM-dd HH24:mi:ss'), '1', TO_DATE('2013-05-27 08:00:00','yyyy-MM-dd HH24:mi:ss'), null, '0');
INSERT INTO SYS_DICT(ID,LABEL,VALUE,TYPE,DESCRIPTION,SORT,CREATE_BY,CREATE_DATE,UPDATE_BY,UPDATE_DATE,REMARKS,DEL_FLAG) VALUES ('52', '栏目页文章推荐', '2', 'cms_posid', '推荐位', '20', '1', TO_DATE('2013-05-27 08:00:00','yyyy-MM-dd HH24:mi:ss'), '1', TO_DATE('2013-05-27 08:00:00','yyyy-MM-dd HH24:mi:ss'), null, '0');
INSERT INTO SYS_DICT(ID,LABEL,VALUE,TYPE,DESCRIPTION,SORT,CREATE_BY,CREATE_DATE,UPDATE_BY,UPDATE_DATE,REMARKS,DEL_FLAG) VALUES ('53', '咨询', '1', 'cms_guestbook', '留言板分类', '10', '1', TO_DATE('2013-05-27 08:00:00','yyyy-MM-dd HH24:mi:ss'), '1', TO_DATE('2013-05-27 08:00:00','yyyy-MM-dd HH24:mi:ss'), null, '0');
INSERT INTO SYS_DICT(ID,LABEL,VALUE,TYPE,DESCRIPTION,SORT,CREATE_BY,CREATE_DATE,UPDATE_BY,UPDATE_DATE,REMARKS,DEL_FLAG) VALUES ('54', '建议', '2', 'cms_guestbook', '留言板分类', '20', '1', TO_DATE('2013-05-27 08:00:00','yyyy-MM-dd HH24:mi:ss'), '1', TO_DATE('2013-05-27 08:00:00','yyyy-MM-dd HH24:mi:ss'), null, '0');
INSERT INTO SYS_DICT(ID,LABEL,VALUE,TYPE,DESCRIPTION,SORT,CREATE_BY,CREATE_DATE,UPDATE_BY,UPDATE_DATE,REMARKS,DEL_FLAG) VALUES ('55', '投诉', '3', 'cms_guestbook', '留言板分类', '30', '1', TO_DATE('2013-05-27 08:00:00','yyyy-MM-dd HH24:mi:ss'), '1', TO_DATE('2013-05-27 08:00:00','yyyy-MM-dd HH24:mi:ss'), null, '0');
INSERT INTO SYS_DICT(ID,LABEL,VALUE,TYPE,DESCRIPTION,SORT,CREATE_BY,CREATE_DATE,UPDATE_BY,UPDATE_DATE,REMARKS,DEL_FLAG) VALUES ('56', '其它', '4', 'cms_guestbook', '留言板分类', '40', '1', TO_DATE('2013-05-27 08:00:00','yyyy-MM-dd HH24:mi:ss'), '1', TO_DATE('2013-05-27 08:00:00','yyyy-MM-dd HH24:mi:ss'), null, '0');
INSERT INTO SYS_DICT(ID,LABEL,VALUE,TYPE,DESCRIPTION,SORT,CREATE_BY,CREATE_DATE,UPDATE_BY,UPDATE_DATE,REMARKS,DEL_FLAG) VALUES ('57', '公休', '1', 'oa_leave_type', '请假类型', '10', '1', TO_DATE('2013-05-27 08:00:00','yyyy-MM-dd HH24:mi:ss'), '1', TO_DATE('2013-05-27 08:00:00','yyyy-MM-dd HH24:mi:ss'), null, '0');
INSERT INTO SYS_DICT(ID,LABEL,VALUE,TYPE,DESCRIPTION,SORT,CREATE_BY,CREATE_DATE,UPDATE_BY,UPDATE_DATE,REMARKS,DEL_FLAG) VALUES ('58', '病假', '2', 'oa_leave_type', '请假类型', '20', '1', TO_DATE('2013-05-27 08:00:00','yyyy-MM-dd HH24:mi:ss'), '1', TO_DATE('2013-05-27 08:00:00','yyyy-MM-dd HH24:mi:ss'), null, '0');
INSERT INTO SYS_DICT(ID,LABEL,VALUE,TYPE,DESCRIPTION,SORT,CREATE_BY,CREATE_DATE,UPDATE_BY,UPDATE_DATE,REMARKS,DEL_FLAG) VALUES ('59', '事假', '3', 'oa_leave_type', '请假类型', '30', '1', TO_DATE('2013-05-27 08:00:00','yyyy-MM-dd HH24:mi:ss'), '1', TO_DATE('2013-05-27 08:00:00','yyyy-MM-dd HH24:mi:ss'), null, '0');
INSERT INTO SYS_DICT(ID,LABEL,VALUE,TYPE,DESCRIPTION,SORT,CREATE_BY,CREATE_DATE,UPDATE_BY,UPDATE_DATE,REMARKS,DEL_FLAG) VALUES ('60', '调休', '4', 'oa_leave_type', '请假类型', '40', '1', TO_DATE('2013-05-27 08:00:00','yyyy-MM-dd HH24:mi:ss'), '1', TO_DATE('2013-05-27 08:00:00','yyyy-MM-dd HH24:mi:ss'), null, '0');
INSERT INTO SYS_DICT(ID,LABEL,VALUE,TYPE,DESCRIPTION,SORT,CREATE_BY,CREATE_DATE,UPDATE_BY,UPDATE_DATE,REMARKS,DEL_FLAG) VALUES ('61', '婚假', '5', 'oa_leave_type', '请假类型', '60', '1', TO_DATE('2013-05-27 08:00:00','yyyy-MM-dd HH24:mi:ss'), '1', TO_DATE('2013-05-27 08:00:00','yyyy-MM-dd HH24:mi:ss'), null, '0');
INSERT INTO SYS_DICT(ID,LABEL,VALUE,TYPE,DESCRIPTION,SORT,CREATE_BY,CREATE_DATE,UPDATE_BY,UPDATE_DATE,REMARKS,DEL_FLAG) VALUES ('62', '接入日志', '1', 'sys_log_type', '日志类型', '30', '1', TO_DATE('2013-05-27 08:00:00','yyyy-MM-dd HH24:mi:ss'), '1', TO_DATE('2013-05-27 08:00:00','yyyy-MM-dd HH24:mi:ss'), null, '0');
INSERT INTO SYS_DICT(ID,LABEL,VALUE,TYPE,DESCRIPTION,SORT,CREATE_BY,CREATE_DATE,UPDATE_BY,UPDATE_DATE,REMARKS,DEL_FLAG) VALUES ('63', '异常日志', '2', 'sys_log_type', '日志类型', '40', '1', TO_DATE('2013-05-27 08:00:00','yyyy-MM-dd HH24:mi:ss'), '1', TO_DATE('2013-05-27 08:00:00','yyyy-MM-dd HH24:mi:ss'), null, '0');


-- ----------------------------
-- Records of sys_menu
-- ----------------------------
INSERT INTO SYS_MENU(ID,PARENT_ID,PARENT_IDS,NAME,HREF,TARGET,ICON,SORT,IS_SHOW,PERMISSION,CREATE_BY,CREATE_DATE,UPDATE_BY,UODATE_DATE,REMARKS,DEL_FLAG) VALUES ('1', '0', '0,', '顶级菜单', null, null, null, '0', '1', null, '1', TO_DATE('2013-05-27 08:00:00','yyyy-MM-dd HH24:mi:ss'), '1', TO_DATE('2013-05-27 08:00:00','yyyy-MM-dd HH24:mi:ss'), null, '0');
INSERT INTO SYS_MENU(ID,PARENT_ID,PARENT_IDS,NAME,HREF,TARGET,ICON,SORT,IS_SHOW,PERMISSION,CREATE_BY,CREATE_DATE,UPDATE_BY,UODATE_DATE,REMARKS,DEL_FLAG) VALUES ('2', '1', '0,1,', '系统管理', '', '', '', '900', '1', '', '1', TO_DATE('2013-05-27 08:00:00','yyyy-MM-dd HH24:mi:ss'), '1', TO_DATE('2013-05-27 08:00:00','yyyy-MM-dd HH24:mi:ss'), null, '0');
INSERT INTO SYS_MENU(ID,PARENT_ID,PARENT_IDS,NAME,HREF,TARGET,ICON,SORT,IS_SHOW,PERMISSION,CREATE_BY,CREATE_DATE,UPDATE_BY,UODATE_DATE,REMARKS,DEL_FLAG) VALUES ('3', '2', '0,1,2,', '系统管理', '', '', '', '980', '0', '', '1', TO_DATE('2013-05-27 08:00:00','yyyy-MM-dd HH24:mi:ss'), '1', TO_DATE('2013-05-27 08:00:00','yyyy-MM-dd HH24:mi:ss'), null, '0');
INSERT INTO SYS_MENU(ID,PARENT_ID,PARENT_IDS,NAME,HREF,TARGET,ICON,SORT,IS_SHOW,PERMISSION,CREATE_BY,CREATE_DATE,UPDATE_BY,UODATE_DATE,REMARKS,DEL_FLAG) VALUES ('4', '193', '0,1,2,193,', '菜单管理', '/sys/menu/', '', 'list-alt', '70', '1', '', '1', TO_DATE('2013-05-27 08:00:00','yyyy-MM-dd HH24:mi:ss'), '1', TO_DATE('2013-05-27 08:00:00','yyyy-MM-dd HH24:mi:ss'), null, '0');
INSERT INTO SYS_MENU(ID,PARENT_ID,PARENT_IDS,NAME,HREF,TARGET,ICON,SORT,IS_SHOW,PERMISSION,CREATE_BY,CREATE_DATE,UPDATE_BY,UODATE_DATE,REMARKS,DEL_FLAG) VALUES ('5', '4', '0,1,2,193,4,', '查看', null, null, null, '30', '0', 'sys:menu:view', '1', TO_DATE('2013-05-27 08:00:00','yyyy-MM-dd HH24:mi:ss'), '1', TO_DATE('2013-05-27 08:00:00','yyyy-MM-dd HH24:mi:ss'), null, '0');
INSERT INTO SYS_MENU(ID,PARENT_ID,PARENT_IDS,NAME,HREF,TARGET,ICON,SORT,IS_SHOW,PERMISSION,CREATE_BY,CREATE_DATE,UPDATE_BY,UODATE_DATE,REMARKS,DEL_FLAG) VALUES ('6', '4', '0,1,2,193,4,', '修改', null, null, null, '30', '0', 'sys:menu:edit', '1', TO_DATE('2013-05-27 08:00:00','yyyy-MM-dd HH24:mi:ss'), '1', TO_DATE('2013-05-27 08:00:00','yyyy-MM-dd HH24:mi:ss'), null, '0');
INSERT INTO SYS_MENU(ID,PARENT_ID,PARENT_IDS,NAME,HREF,TARGET,ICON,SORT,IS_SHOW,PERMISSION,CREATE_BY,CREATE_DATE,UPDATE_BY,UODATE_DATE,REMARKS,DEL_FLAG) VALUES ('7', '193', '0,1,2,193,', '角色管理', '/sys/role/', '', 'lock', '10', '1', '', '1', TO_DATE('2013-05-27 08:00:00','yyyy-MM-dd HH24:mi:ss'), '1', TO_DATE('2013-05-27 08:00:00','yyyy-MM-dd HH24:mi:ss'), null, '0');
INSERT INTO SYS_MENU(ID,PARENT_ID,PARENT_IDS,NAME,HREF,TARGET,ICON,SORT,IS_SHOW,PERMISSION,CREATE_BY,CREATE_DATE,UPDATE_BY,UODATE_DATE,REMARKS,DEL_FLAG) VALUES ('8', '7', '0,1,2,193,7,', '查看', null, null, null, '30', '0', 'sys:role:view', '1', TO_DATE('2013-05-27 08:00:00','yyyy-MM-dd HH24:mi:ss'), '1', TO_DATE('2013-05-27 08:00:00','yyyy-MM-dd HH24:mi:ss'), null, '0');
INSERT INTO SYS_MENU(ID,PARENT_ID,PARENT_IDS,NAME,HREF,TARGET,ICON,SORT,IS_SHOW,PERMISSION,CREATE_BY,CREATE_DATE,UPDATE_BY,UODATE_DATE,REMARKS,DEL_FLAG) VALUES ('9', '7', '0,1,2,193,7,', '修改', null, null, null, '30', '0', 'sys:role:edit', '1', TO_DATE('2013-05-27 08:00:00','yyyy-MM-dd HH24:mi:ss'), '1', TO_DATE('2013-05-27 08:00:00','yyyy-MM-dd HH24:mi:ss'), null, '0');
INSERT INTO SYS_MENU(ID,PARENT_ID,PARENT_IDS,NAME,HREF,TARGET,ICON,SORT,IS_SHOW,PERMISSION,CREATE_BY,CREATE_DATE,UPDATE_BY,UODATE_DATE,REMARKS,DEL_FLAG) VALUES ('10', '3', '0,1,2,3,', '字典管理', '/sys/dict/', null, 'th-list', '60', '1', null, '1', TO_DATE('2013-05-27 08:00:00','yyyy-MM-dd HH24:mi:ss'), '1', TO_DATE('2013-05-27 08:00:00','yyyy-MM-dd HH24:mi:ss'), null, '0');
INSERT INTO SYS_MENU(ID,PARENT_ID,PARENT_IDS,NAME,HREF,TARGET,ICON,SORT,IS_SHOW,PERMISSION,CREATE_BY,CREATE_DATE,UPDATE_BY,UODATE_DATE,REMARKS,DEL_FLAG) VALUES ('11', '10', '0,1,2,3,10,', '查看', null, null, null, '30', '0', 'sys:dict:view', '1', TO_DATE('2013-05-27 08:00:00','yyyy-MM-dd HH24:mi:ss'), '1', TO_DATE('2013-05-27 08:00:00','yyyy-MM-dd HH24:mi:ss'), null, '0');
INSERT INTO SYS_MENU(ID,PARENT_ID,PARENT_IDS,NAME,HREF,TARGET,ICON,SORT,IS_SHOW,PERMISSION,CREATE_BY,CREATE_DATE,UPDATE_BY,UODATE_DATE,REMARKS,DEL_FLAG) VALUES ('12', '10', '0,1,2,3,10,', '修改', null, null, null, '30', '0', 'sys:dict:edit', '1', TO_DATE('2013-05-27 08:00:00','yyyy-MM-dd HH24:mi:ss'), '1', TO_DATE('2013-05-27 08:00:00','yyyy-MM-dd HH24:mi:ss'), null, '0');
INSERT INTO SYS_MENU(ID,PARENT_ID,PARENT_IDS,NAME,HREF,TARGET,ICON,SORT,IS_SHOW,PERMISSION,CREATE_BY,CREATE_DATE,UPDATE_BY,UODATE_DATE,REMARKS,DEL_FLAG) VALUES ('13', '2', '0,1,2,', '机构用户', '', '', '', '970', '0', '', '1', TO_DATE('2013-05-27 08:00:00','yyyy-MM-dd HH24:mi:ss'), '1', TO_DATE('2013-05-27 08:00:00','yyyy-MM-dd HH24:mi:ss'), null, '1');
INSERT INTO SYS_MENU(ID,PARENT_ID,PARENT_IDS,NAME,HREF,TARGET,ICON,SORT,IS_SHOW,PERMISSION,CREATE_BY,CREATE_DATE,UPDATE_BY,UODATE_DATE,REMARKS,DEL_FLAG) VALUES ('14', '76', '0,1,76,', '区域管理', '/sys/area/', '', 'th', '50', '0', '', '1', TO_DATE('2013-05-27 08:00:00','yyyy-MM-dd HH24:mi:ss'), '1', TO_DATE('2013-05-27 08:00:00','yyyy-MM-dd HH24:mi:ss'), null, '0');
INSERT INTO SYS_MENU(ID,PARENT_ID,PARENT_IDS,NAME,HREF,TARGET,ICON,SORT,IS_SHOW,PERMISSION,CREATE_BY,CREATE_DATE,UPDATE_BY,UODATE_DATE,REMARKS,DEL_FLAG) VALUES ('15', '14', '0,1,76,14,', '查看', null, null, null, '30', '0', 'sys:area:view', '1', TO_DATE('2013-05-27 08:00:00','yyyy-MM-dd HH24:mi:ss'), '1', TO_DATE('2013-05-27 08:00:00','yyyy-MM-dd HH24:mi:ss'), null, '0');
INSERT INTO SYS_MENU(ID,PARENT_ID,PARENT_IDS,NAME,HREF,TARGET,ICON,SORT,IS_SHOW,PERMISSION,CREATE_BY,CREATE_DATE,UPDATE_BY,UODATE_DATE,REMARKS,DEL_FLAG) VALUES ('16', '14', '0,1,76,14,', '修改', null, null, null, '30', '0', 'sys:area:edit', '1', TO_DATE('2013-05-27 08:00:00','yyyy-MM-dd HH24:mi:ss'), '1', TO_DATE('2013-05-27 08:00:00','yyyy-MM-dd HH24:mi:ss'), null, '0');
INSERT INTO SYS_MENU(ID,PARENT_ID,PARENT_IDS,NAME,HREF,TARGET,ICON,SORT,IS_SHOW,PERMISSION,CREATE_BY,CREATE_DATE,UPDATE_BY,UODATE_DATE,REMARKS,DEL_FLAG) VALUES ('17', '76', '0,1,76,', '网点管理', '/sys/office/', '', 'th-large', '40', '0', '', '1', TO_DATE('2013-05-27 08:00:00','yyyy-MM-dd HH24:mi:ss'), '1', TO_DATE('2013-05-27 08:00:00','yyyy-MM-dd HH24:mi:ss'), null, '0');
INSERT INTO SYS_MENU(ID,PARENT_ID,PARENT_IDS,NAME,HREF,TARGET,ICON,SORT,IS_SHOW,PERMISSION,CREATE_BY,CREATE_DATE,UPDATE_BY,UODATE_DATE,REMARKS,DEL_FLAG) VALUES ('18', '17', '0,1,76,17,', '查看', null, null, null, '30', '0', 'sys:office:view', '1', TO_DATE('2013-05-27 08:00:00','yyyy-MM-dd HH24:mi:ss'), '1', TO_DATE('2013-05-27 08:00:00','yyyy-MM-dd HH24:mi:ss'), null, '0');
INSERT INTO SYS_MENU(ID,PARENT_ID,PARENT_IDS,NAME,HREF,TARGET,ICON,SORT,IS_SHOW,PERMISSION,CREATE_BY,CREATE_DATE,UPDATE_BY,UODATE_DATE,REMARKS,DEL_FLAG) VALUES ('19', '17', '0,1,76,17,', '修改', null, null, null, '30', '0', 'sys:office:edit', '1', TO_DATE('2013-05-27 08:00:00','yyyy-MM-dd HH24:mi:ss'), '1', TO_DATE('2013-05-27 08:00:00','yyyy-MM-dd HH24:mi:ss'), null, '0');
INSERT INTO SYS_MENU(ID,PARENT_ID,PARENT_IDS,NAME,HREF,TARGET,ICON,SORT,IS_SHOW,PERMISSION,CREATE_BY,CREATE_DATE,UPDATE_BY,UODATE_DATE,REMARKS,DEL_FLAG) VALUES ('20', '193', '0,1,2,193,', '管理员管理', '/sys/user/', '', 'user', '20', '1', '', '1', TO_DATE('2013-05-27 08:00:00','yyyy-MM-dd HH24:mi:ss'), '1', TO_DATE('2013-05-27 08:00:00','yyyy-MM-dd HH24:mi:ss'), null, '0');
INSERT INTO SYS_MENU(ID,PARENT_ID,PARENT_IDS,NAME,HREF,TARGET,ICON,SORT,IS_SHOW,PERMISSION,CREATE_BY,CREATE_DATE,UPDATE_BY,UODATE_DATE,REMARKS,DEL_FLAG) VALUES ('21', '20', '0,1,2,193,20,', '查看', null, null, null, '30', '0', 'sys:user:view', '1', TO_DATE('2013-05-27 08:00:00','yyyy-MM-dd HH24:mi:ss'), '1', TO_DATE('2013-05-27 08:00:00','yyyy-MM-dd HH24:mi:ss'), null, '0');
INSERT INTO SYS_MENU(ID,PARENT_ID,PARENT_IDS,NAME,HREF,TARGET,ICON,SORT,IS_SHOW,PERMISSION,CREATE_BY,CREATE_DATE,UPDATE_BY,UODATE_DATE,REMARKS,DEL_FLAG) VALUES ('22', '20', '0,1,2,193,20,', '修改', null, null, null, '30', '0', 'sys:user:edit', '1', TO_DATE('2013-05-27 08:00:00','yyyy-MM-dd HH24:mi:ss'), '1', TO_DATE('2013-05-27 08:00:00','yyyy-MM-dd HH24:mi:ss'), null, '0');
INSERT INTO SYS_MENU(ID,PARENT_ID,PARENT_IDS,NAME,HREF,TARGET,ICON,SORT,IS_SHOW,PERMISSION,CREATE_BY,CREATE_DATE,UPDATE_BY,UODATE_DATE,REMARKS,DEL_FLAG) VALUES ('27', '1', '0,1,', '我的面板', '', '', '', '100', '0', '', '1', TO_DATE('2013-05-27 08:00:00','yyyy-MM-dd HH24:mi:ss'), '1', TO_DATE('2013-05-27 08:00:00','yyyy-MM-dd HH24:mi:ss'), null, '0');
INSERT INTO SYS_MENU(ID,PARENT_ID,PARENT_IDS,NAME,HREF,TARGET,ICON,SORT,IS_SHOW,PERMISSION,CREATE_BY,CREATE_DATE,UPDATE_BY,UODATE_DATE,REMARKS,DEL_FLAG) VALUES ('28', '27', '0,1,27,', '个人信息', null, null, null, '990', '1', null, '1', TO_DATE('2013-05-27 08:00:00','yyyy-MM-dd HH24:mi:ss'), '1', TO_DATE('2013-05-27 08:00:00','yyyy-MM-dd HH24:mi:ss'), null, '0');
INSERT INTO SYS_MENU(ID,PARENT_ID,PARENT_IDS,NAME,HREF,TARGET,ICON,SORT,IS_SHOW,PERMISSION,CREATE_BY,CREATE_DATE,UPDATE_BY,UODATE_DATE,REMARKS,DEL_FLAG) VALUES ('29', '28', '0,1,27,28,', '个人信息', '/sys/user/info', null, 'user', '30', '1', null, '1', TO_DATE('2013-05-27 08:00:00','yyyy-MM-dd HH24:mi:ss'), '1', TO_DATE('2013-05-27 08:00:00','yyyy-MM-dd HH24:mi:ss'), null, '0');
INSERT INTO SYS_MENU(ID,PARENT_ID,PARENT_IDS,NAME,HREF,TARGET,ICON,SORT,IS_SHOW,PERMISSION,CREATE_BY,CREATE_DATE,UPDATE_BY,UODATE_DATE,REMARKS,DEL_FLAG) VALUES ('30', '28', '0,1,27,28,', '修改密码', '/sys/user/modifyPwd', null, 'lock', '40', '1', null, '1', TO_DATE('2013-05-27 08:00:00','yyyy-MM-dd HH24:mi:ss'), '1', TO_DATE('2013-05-27 08:00:00','yyyy-MM-dd HH24:mi:ss'), null, '0');
INSERT INTO SYS_MENU(ID,PARENT_ID,PARENT_IDS,NAME,HREF,TARGET,ICON,SORT,IS_SHOW,PERMISSION,CREATE_BY,CREATE_DATE,UPDATE_BY,UODATE_DATE,REMARKS,DEL_FLAG) VALUES ('31', '1', '0,1,', '内容管理', null, null, null, '500', '1', null, '1', TO_DATE('2013-05-27 08:00:00','yyyy-MM-dd HH24:mi:ss'), '1', TO_DATE('2013-05-27 08:00:00','yyyy-MM-dd HH24:mi:ss'), null, '1');
INSERT INTO SYS_MENU(ID,PARENT_ID,PARENT_IDS,NAME,HREF,TARGET,ICON,SORT,IS_SHOW,PERMISSION,CREATE_BY,CREATE_DATE,UPDATE_BY,UODATE_DATE,REMARKS,DEL_FLAG) VALUES ('32', '31', '0,1,31,', '栏目设置', null, null, null, '990', '1', null, '1', TO_DATE('2013-05-27 08:00:00','yyyy-MM-dd HH24:mi:ss'), '1', TO_DATE('2013-05-27 08:00:00','yyyy-MM-dd HH24:mi:ss'), null, '1');
INSERT INTO SYS_MENU(ID,PARENT_ID,PARENT_IDS,NAME,HREF,TARGET,ICON,SORT,IS_SHOW,PERMISSION,CREATE_BY,CREATE_DATE,UPDATE_BY,UODATE_DATE,REMARKS,DEL_FLAG) VALUES ('33', '32', '0,1,31,32,', '栏目管理', '/cms/category/', null, 'align-justify', '30', '1', null, '1', TO_DATE('2013-05-27 08:00:00','yyyy-MM-dd HH24:mi:ss'), '1', TO_DATE('2013-05-27 08:00:00','yyyy-MM-dd HH24:mi:ss'), null, '1');
INSERT INTO SYS_MENU(ID,PARENT_ID,PARENT_IDS,NAME,HREF,TARGET,ICON,SORT,IS_SHOW,PERMISSION,CREATE_BY,CREATE_DATE,UPDATE_BY,UODATE_DATE,REMARKS,DEL_FLAG) VALUES ('34', '33', '0,1,31,32,33,', '查看', null, null, null, '30', '0', 'cms:category:view', '1', TO_DATE('2013-05-27 08:00:00','yyyy-MM-dd HH24:mi:ss'), '1', TO_DATE('2013-05-27 08:00:00','yyyy-MM-dd HH24:mi:ss'), null, '1');
INSERT INTO SYS_MENU(ID,PARENT_ID,PARENT_IDS,NAME,HREF,TARGET,ICON,SORT,IS_SHOW,PERMISSION,CREATE_BY,CREATE_DATE,UPDATE_BY,UODATE_DATE,REMARKS,DEL_FLAG) VALUES ('35', '33', '0,1,31,32,33,', '修改', null, null, null, '30', '0', 'cms:category:edit', '1', TO_DATE('2013-05-27 08:00:00','yyyy-MM-dd HH24:mi:ss'), '1', TO_DATE('2013-05-27 08:00:00','yyyy-MM-dd HH24:mi:ss'), null, '1');
INSERT INTO SYS_MENU(ID,PARENT_ID,PARENT_IDS,NAME,HREF,TARGET,ICON,SORT,IS_SHOW,PERMISSION,CREATE_BY,CREATE_DATE,UPDATE_BY,UODATE_DATE,REMARKS,DEL_FLAG) VALUES ('36', '32', '0,1,31,32,', '站点设置', '/cms/site/', null, 'certificate', '40', '1', null, '1', TO_DATE('2013-05-27 08:00:00','yyyy-MM-dd HH24:mi:ss'), '1', TO_DATE('2013-05-27 08:00:00','yyyy-MM-dd HH24:mi:ss'), null, '1');
INSERT INTO SYS_MENU(ID,PARENT_ID,PARENT_IDS,NAME,HREF,TARGET,ICON,SORT,IS_SHOW,PERMISSION,CREATE_BY,CREATE_DATE,UPDATE_BY,UODATE_DATE,REMARKS,DEL_FLAG) VALUES ('37', '36', '0,1,31,32,36,', '查看', null, null, null, '30', '0', 'cms:site:view', '1', TO_DATE('2013-05-27 08:00:00','yyyy-MM-dd HH24:mi:ss'), '1', TO_DATE('2013-05-27 08:00:00','yyyy-MM-dd HH24:mi:ss'), null, '1');
INSERT INTO SYS_MENU(ID,PARENT_ID,PARENT_IDS,NAME,HREF,TARGET,ICON,SORT,IS_SHOW,PERMISSION,CREATE_BY,CREATE_DATE,UPDATE_BY,UODATE_DATE,REMARKS,DEL_FLAG) VALUES ('38', '36', '0,1,31,32,36,', '修改', null, null, null, '30', '0', 'cms:site:edit', '1', TO_DATE('2013-05-27 08:00:00','yyyy-MM-dd HH24:mi:ss'), '1', TO_DATE('2013-05-27 08:00:00','yyyy-MM-dd HH24:mi:ss'), null, '1');
INSERT INTO SYS_MENU(ID,PARENT_ID,PARENT_IDS,NAME,HREF,TARGET,ICON,SORT,IS_SHOW,PERMISSION,CREATE_BY,CREATE_DATE,UPDATE_BY,UODATE_DATE,REMARKS,DEL_FLAG) VALUES ('39', '32', '0,1,31,32,', '切换站点', '/cms/site/select', null, 'retweet', '50', '1', 'cms:site:select', '1', TO_DATE('2013-05-27 08:00:00','yyyy-MM-dd HH24:mi:ss'), '1', TO_DATE('2013-05-27 08:00:00','yyyy-MM-dd HH24:mi:ss'), null, '1');
INSERT INTO SYS_MENU(ID,PARENT_ID,PARENT_IDS,NAME,HREF,TARGET,ICON,SORT,IS_SHOW,PERMISSION,CREATE_BY,CREATE_DATE,UPDATE_BY,UODATE_DATE,REMARKS,DEL_FLAG) VALUES ('40', '31', '0,1,31,', '内容管理', null, null, null, '500', '1', 'cms:view', '1', TO_DATE('2013-05-27 08:00:00','yyyy-MM-dd HH24:mi:ss'), '1', TO_DATE('2013-05-27 08:00:00','yyyy-MM-dd HH24:mi:ss'), null, '1');
INSERT INTO SYS_MENU(ID,PARENT_ID,PARENT_IDS,NAME,HREF,TARGET,ICON,SORT,IS_SHOW,PERMISSION,CREATE_BY,CREATE_DATE,UPDATE_BY,UODATE_DATE,REMARKS,DEL_FLAG) VALUES ('41', '40', '0,1,31,40,', '内容发布', '/cms/', null, 'briefcase', '30', '1', null, '1', TO_DATE('2013-05-27 08:00:00','yyyy-MM-dd HH24:mi:ss'), '1', TO_DATE('2013-05-27 08:00:00','yyyy-MM-dd HH24:mi:ss'), null, '1');
INSERT INTO SYS_MENU(ID,PARENT_ID,PARENT_IDS,NAME,HREF,TARGET,ICON,SORT,IS_SHOW,PERMISSION,CREATE_BY,CREATE_DATE,UPDATE_BY,UODATE_DATE,REMARKS,DEL_FLAG) VALUES ('42', '41', '0,1,31,40,41,', '文章模型', '/cms/article/', null, 'file', '40', '0', null, '1', TO_DATE('2013-05-27 08:00:00','yyyy-MM-dd HH24:mi:ss'), '1', TO_DATE('2013-05-27 08:00:00','yyyy-MM-dd HH24:mi:ss'), null, '1');
INSERT INTO SYS_MENU(ID,PARENT_ID,PARENT_IDS,NAME,HREF,TARGET,ICON,SORT,IS_SHOW,PERMISSION,CREATE_BY,CREATE_DATE,UPDATE_BY,UODATE_DATE,REMARKS,DEL_FLAG) VALUES ('43', '42', '0,1,31,40,41,42,', '查看', null, null, null, '30', '0', 'cms:article:view', '1', TO_DATE('2013-05-27 08:00:00','yyyy-MM-dd HH24:mi:ss'), '1', TO_DATE('2013-05-27 08:00:00','yyyy-MM-dd HH24:mi:ss'), null, '1');
INSERT INTO SYS_MENU(ID,PARENT_ID,PARENT_IDS,NAME,HREF,TARGET,ICON,SORT,IS_SHOW,PERMISSION,CREATE_BY,CREATE_DATE,UPDATE_BY,UODATE_DATE,REMARKS,DEL_FLAG) VALUES ('44', '42', '0,1,31,40,41,42,', '修改', null, null, null, '30', '0', 'cms:article:edit', '1', TO_DATE('2013-05-27 08:00:00','yyyy-MM-dd HH24:mi:ss'), '1', TO_DATE('2013-05-27 08:00:00','yyyy-MM-dd HH24:mi:ss'), null, '1');
INSERT INTO SYS_MENU(ID,PARENT_ID,PARENT_IDS,NAME,HREF,TARGET,ICON,SORT,IS_SHOW,PERMISSION,CREATE_BY,CREATE_DATE,UPDATE_BY,UODATE_DATE,REMARKS,DEL_FLAG) VALUES ('45', '42', '0,1,31,40,41,42,', '审核', null, null, null, '30', '0', 'cms:article:audit', '1', TO_DATE('2013-05-27 08:00:00','yyyy-MM-dd HH24:mi:ss'), '1', TO_DATE('2013-05-27 08:00:00','yyyy-MM-dd HH24:mi:ss'), null, '1');
INSERT INTO SYS_MENU(ID,PARENT_ID,PARENT_IDS,NAME,HREF,TARGET,ICON,SORT,IS_SHOW,PERMISSION,CREATE_BY,CREATE_DATE,UPDATE_BY,UODATE_DATE,REMARKS,DEL_FLAG) VALUES ('46', '41', '0,1,31,40,41,', '链接模型', '/cms/link/', null, 'random', '60', '0', null, '1', TO_DATE('2013-05-27 08:00:00','yyyy-MM-dd HH24:mi:ss'), '1', TO_DATE('2013-05-27 08:00:00','yyyy-MM-dd HH24:mi:ss'), null, '1');
INSERT INTO SYS_MENU(ID,PARENT_ID,PARENT_IDS,NAME,HREF,TARGET,ICON,SORT,IS_SHOW,PERMISSION,CREATE_BY,CREATE_DATE,UPDATE_BY,UODATE_DATE,REMARKS,DEL_FLAG) VALUES ('47', '46', '0,1,31,40,41,46,', '查看', null, null, null, '30', '0', 'cms:link:view', '1', TO_DATE('2013-05-27 08:00:00','yyyy-MM-dd HH24:mi:ss'), '1', TO_DATE('2013-05-27 08:00:00','yyyy-MM-dd HH24:mi:ss'), null, '1');
INSERT INTO SYS_MENU(ID,PARENT_ID,PARENT_IDS,NAME,HREF,TARGET,ICON,SORT,IS_SHOW,PERMISSION,CREATE_BY,CREATE_DATE,UPDATE_BY,UODATE_DATE,REMARKS,DEL_FLAG) VALUES ('48', '46', '0,1,31,40,41,46,', '修改', null, null, null, '30', '0', 'cms:link:edit', '1', TO_DATE('2013-05-27 08:00:00','yyyy-MM-dd HH24:mi:ss'), '1', TO_DATE('2013-05-27 08:00:00','yyyy-MM-dd HH24:mi:ss'), null, '1');
INSERT INTO SYS_MENU(ID,PARENT_ID,PARENT_IDS,NAME,HREF,TARGET,ICON,SORT,IS_SHOW,PERMISSION,CREATE_BY,CREATE_DATE,UPDATE_BY,UODATE_DATE,REMARKS,DEL_FLAG) VALUES ('49', '46', '0,1,31,40,41,46,', '审核', null, null, null, '30', '0', 'cms:link:audit', '1', TO_DATE('2013-05-27 08:00:00','yyyy-MM-dd HH24:mi:ss'), '1', TO_DATE('2013-05-27 08:00:00','yyyy-MM-dd HH24:mi:ss'), null, '1');
INSERT INTO SYS_MENU(ID,PARENT_ID,PARENT_IDS,NAME,HREF,TARGET,ICON,SORT,IS_SHOW,PERMISSION,CREATE_BY,CREATE_DATE,UPDATE_BY,UODATE_DATE,REMARKS,DEL_FLAG) VALUES ('50', '40', '0,1,31,40,', '评论管理', '/cms/comment/?status=2', null, 'comment', '40', '1', null, '1', TO_DATE('2013-05-27 08:00:00','yyyy-MM-dd HH24:mi:ss'), '1', TO_DATE('2013-05-27 08:00:00','yyyy-MM-dd HH24:mi:ss'), null, '1');
INSERT INTO SYS_MENU(ID,PARENT_ID,PARENT_IDS,NAME,HREF,TARGET,ICON,SORT,IS_SHOW,PERMISSION,CREATE_BY,CREATE_DATE,UPDATE_BY,UODATE_DATE,REMARKS,DEL_FLAG) VALUES ('51', '50', '0,1,31,40,50,', '查看', null, null, null, '30', '0', 'cms:comment:view', '1', TO_DATE('2013-05-27 08:00:00','yyyy-MM-dd HH24:mi:ss'), '1', TO_DATE('2013-05-27 08:00:00','yyyy-MM-dd HH24:mi:ss'), null, '1');
INSERT INTO SYS_MENU(ID,PARENT_ID,PARENT_IDS,NAME,HREF,TARGET,ICON,SORT,IS_SHOW,PERMISSION,CREATE_BY,CREATE_DATE,UPDATE_BY,UODATE_DATE,REMARKS,DEL_FLAG) VALUES ('52', '50', '0,1,31,40,50,', '审核', null, null, null, '30', '0', 'cms:comment:edit', '1', TO_DATE('2013-05-27 08:00:00','yyyy-MM-dd HH24:mi:ss'), '1', TO_DATE('2013-05-27 08:00:00','yyyy-MM-dd HH24:mi:ss'), null, '1');
INSERT INTO SYS_MENU(ID,PARENT_ID,PARENT_IDS,NAME,HREF,TARGET,ICON,SORT,IS_SHOW,PERMISSION,CREATE_BY,CREATE_DATE,UPDATE_BY,UODATE_DATE,REMARKS,DEL_FLAG) VALUES ('53', '40', '0,1,31,40,', '公共留言', '/cms/guestbook/?status=2', null, 'glass', '80', '1', null, '1', TO_DATE('2013-05-27 08:00:00','yyyy-MM-dd HH24:mi:ss'), '1', TO_DATE('2013-05-27 08:00:00','yyyy-MM-dd HH24:mi:ss'), null, '1');
INSERT INTO SYS_MENU(ID,PARENT_ID,PARENT_IDS,NAME,HREF,TARGET,ICON,SORT,IS_SHOW,PERMISSION,CREATE_BY,CREATE_DATE,UPDATE_BY,UODATE_DATE,REMARKS,DEL_FLAG) VALUES ('54', '53', '0,1,31,40,53,', '查看', null, null, null, '30', '0', 'cms:guestbook:view', '1', TO_DATE('2013-05-27 08:00:00','yyyy-MM-dd HH24:mi:ss'), '1', TO_DATE('2013-05-27 08:00:00','yyyy-MM-dd HH24:mi:ss'), null, '1');
INSERT INTO SYS_MENU(ID,PARENT_ID,PARENT_IDS,NAME,HREF,TARGET,ICON,SORT,IS_SHOW,PERMISSION,CREATE_BY,CREATE_DATE,UPDATE_BY,UODATE_DATE,REMARKS,DEL_FLAG) VALUES ('55', '53', '0,1,31,40,53,', '审核', null, null, null, '30', '0', 'cms:guestbook:edit', '1', TO_DATE('2013-05-27 08:00:00','yyyy-MM-dd HH24:mi:ss'), '1', TO_DATE('2013-05-27 08:00:00','yyyy-MM-dd HH24:mi:ss'), null, '1');
INSERT INTO SYS_MENU(ID,PARENT_ID,PARENT_IDS,NAME,HREF,TARGET,ICON,SORT,IS_SHOW,PERMISSION,CREATE_BY,CREATE_DATE,UPDATE_BY,UODATE_DATE,REMARKS,DEL_FLAG) VALUES ('56', '40', '0,1,31,40,', '文件管理', '/../static/ckfinder/ckfinder.html', null, 'folder-open', '90', '1', null, '1', TO_DATE('2013-05-27 08:00:00','yyyy-MM-dd HH24:mi:ss'), '1', TO_DATE('2013-05-27 08:00:00','yyyy-MM-dd HH24:mi:ss'), null, '1');
INSERT INTO SYS_MENU(ID,PARENT_ID,PARENT_IDS,NAME,HREF,TARGET,ICON,SORT,IS_SHOW,PERMISSION,CREATE_BY,CREATE_DATE,UPDATE_BY,UODATE_DATE,REMARKS,DEL_FLAG) VALUES ('57', '56', '0,1,31,40,56,', '查看', null, null, null, '30', '0', 'cms:ckfinder:view', '1', TO_DATE('2013-05-27 08:00:00','yyyy-MM-dd HH24:mi:ss'), '1', TO_DATE('2013-05-27 08:00:00','yyyy-MM-dd HH24:mi:ss'), null, '1');
INSERT INTO SYS_MENU(ID,PARENT_ID,PARENT_IDS,NAME,HREF,TARGET,ICON,SORT,IS_SHOW,PERMISSION,CREATE_BY,CREATE_DATE,UPDATE_BY,UODATE_DATE,REMARKS,DEL_FLAG) VALUES ('58', '56', '0,1,31,40,56,', '上传', null, null, null, '30', '0', 'cms:ckfinder:upload', '1', TO_DATE('2013-05-27 08:00:00','yyyy-MM-dd HH24:mi:ss'), '1', TO_DATE('2013-05-27 08:00:00','yyyy-MM-dd HH24:mi:ss'), null, '1');
INSERT INTO SYS_MENU(ID,PARENT_ID,PARENT_IDS,NAME,HREF,TARGET,ICON,SORT,IS_SHOW,PERMISSION,CREATE_BY,CREATE_DATE,UPDATE_BY,UODATE_DATE,REMARKS,DEL_FLAG) VALUES ('59', '56', '0,1,31,40,56,', '修改', null, null, null, '30', '0', 'cms:ckfinder:edit', '1', TO_DATE('2013-05-27 08:00:00','yyyy-MM-dd HH24:mi:ss'), '1', TO_DATE('2013-05-27 08:00:00','yyyy-MM-dd HH24:mi:ss'), null, '1');
INSERT INTO SYS_MENU(ID,PARENT_ID,PARENT_IDS,NAME,HREF,TARGET,ICON,SORT,IS_SHOW,PERMISSION,CREATE_BY,CREATE_DATE,UPDATE_BY,UODATE_DATE,REMARKS,DEL_FLAG) VALUES ('60', '31', '0,1,31,', '统计分析', null, null, null, '600', '1', null, '1', TO_DATE('2013-05-27 08:00:00','yyyy-MM-dd HH24:mi:ss'), '1', TO_DATE('2013-05-27 08:00:00','yyyy-MM-dd HH24:mi:ss'), null, '1');
INSERT INTO SYS_MENU(ID,PARENT_ID,PARENT_IDS,NAME,HREF,TARGET,ICON,SORT,IS_SHOW,PERMISSION,CREATE_BY,CREATE_DATE,UPDATE_BY,UODATE_DATE,REMARKS,DEL_FLAG) VALUES ('61', '60', '0,1,31,60,', '信息量统计', '/cms/stats/article', null, 'tasks', '30', '1', 'cms:stats:article', '1', TO_DATE('2013-05-27 08:00:00','yyyy-MM-dd HH24:mi:ss'), '1', TO_DATE('2013-05-27 08:00:00','yyyy-MM-dd HH24:mi:ss'), null, '1');
INSERT INTO SYS_MENU(ID,PARENT_ID,PARENT_IDS,NAME,HREF,TARGET,ICON,SORT,IS_SHOW,PERMISSION,CREATE_BY,CREATE_DATE,UPDATE_BY,UODATE_DATE,REMARKS,DEL_FLAG) VALUES ('62', '1', '0,1,', '在线办公', null, null, null, '200', '1', null, '1', TO_DATE('2013-05-27 08:00:00','yyyy-MM-dd HH24:mi:ss'), '1', TO_DATE('2013-05-27 08:00:00','yyyy-MM-dd HH24:mi:ss'), null, '1');
INSERT INTO SYS_MENU(ID,PARENT_ID,PARENT_IDS,NAME,HREF,TARGET,ICON,SORT,IS_SHOW,PERMISSION,CREATE_BY,CREATE_DATE,UPDATE_BY,UODATE_DATE,REMARKS,DEL_FLAG) VALUES ('63', '62', '0,1,62,', '个人办公', null, null, null, '30', '1', null, '1', TO_DATE('2013-05-27 08:00:00','yyyy-MM-dd HH24:mi:ss'), '1', TO_DATE('2013-05-27 08:00:00','yyyy-MM-dd HH24:mi:ss'), null, '1');
INSERT INTO SYS_MENU(ID,PARENT_ID,PARENT_IDS,NAME,HREF,TARGET,ICON,SORT,IS_SHOW,PERMISSION,CREATE_BY,CREATE_DATE,UPDATE_BY,UODATE_DATE,REMARKS,DEL_FLAG) VALUES ('64', '63', '0,1,62,63,', '请假办理', '/oa/leave', null, 'leaf', '30', '1', null, '1', TO_DATE('2013-05-27 08:00:00','yyyy-MM-dd HH24:mi:ss'), '1', TO_DATE('2013-05-27 08:00:00','yyyy-MM-dd HH24:mi:ss'), null, '1');
INSERT INTO SYS_MENU(ID,PARENT_ID,PARENT_IDS,NAME,HREF,TARGET,ICON,SORT,IS_SHOW,PERMISSION,CREATE_BY,CREATE_DATE,UPDATE_BY,UODATE_DATE,REMARKS,DEL_FLAG) VALUES ('65', '64', '0,1,62,63,64,', '查看', null, null, null, '30', '0', 'oa:leave:view', '1', TO_DATE('2013-05-27 08:00:00','yyyy-MM-dd HH24:mi:ss'), '1', TO_DATE('2013-05-27 08:00:00','yyyy-MM-dd HH24:mi:ss'), null, '1');
INSERT INTO SYS_MENU(ID,PARENT_ID,PARENT_IDS,NAME,HREF,TARGET,ICON,SORT,IS_SHOW,PERMISSION,CREATE_BY,CREATE_DATE,UPDATE_BY,UODATE_DATE,REMARKS,DEL_FLAG) VALUES ('66', '64', '0,1,62,63,64,', '修改', null, null, null, '30', '0', 'oa:leave:edit', '1', TO_DATE('2013-05-27 08:00:00','yyyy-MM-dd HH24:mi:ss'), '1', TO_DATE('2013-05-27 08:00:00','yyyy-MM-dd HH24:mi:ss'), null, '1');
INSERT INTO SYS_MENU(ID,PARENT_ID,PARENT_IDS,NAME,HREF,TARGET,ICON,SORT,IS_SHOW,PERMISSION,CREATE_BY,CREATE_DATE,UPDATE_BY,UODATE_DATE,REMARKS,DEL_FLAG) VALUES ('67', '2', '0,1,2,', '日志查询', '', '', '', '985', '0', '', '1', TO_DATE('2013-05-27 08:00:00','yyyy-MM-dd HH24:mi:ss'), '1', TO_DATE('2013-05-27 08:00:00','yyyy-MM-dd HH24:mi:ss'), null, '1');
INSERT INTO SYS_MENU(ID,PARENT_ID,PARENT_IDS,NAME,HREF,TARGET,ICON,SORT,IS_SHOW,PERMISSION,CREATE_BY,CREATE_DATE,UPDATE_BY,UODATE_DATE,REMARKS,DEL_FLAG) VALUES ('68', '67', '0,1,2,67,', '日志查询', '/sys/log', null, 'pencil', '30', '1', 'sys:log:view', '1', TO_DATE('2013-05-27 08:00:00','yyyy-MM-dd HH24:mi:ss'), '1',TO_DATE('2013-05-27 08:00:00','yyyy-MM-dd HH24:mi:ss'), null, '1');
INSERT INTO SYS_MENU(ID,PARENT_ID,PARENT_IDS,NAME,HREF,TARGET,ICON,SORT,IS_SHOW,PERMISSION,CREATE_BY,CREATE_DATE,UPDATE_BY,UODATE_DATE,REMARKS,DEL_FLAG) VALUES ('69', '62', '0,1,62,', '流程管理', null, null, null, '300', '1', null, '1', TO_DATE('2013-05-27 08:00:00','yyyy-MM-dd HH24:mi:ss'), '1', TO_DATE('2013-05-27 08:00:00','yyyy-MM-dd HH24:mi:ss'), null, '1');
INSERT INTO SYS_MENU(ID,PARENT_ID,PARENT_IDS,NAME,HREF,TARGET,ICON,SORT,IS_SHOW,PERMISSION,CREATE_BY,CREATE_DATE,UPDATE_BY,UODATE_DATE,REMARKS,DEL_FLAG) VALUES ('70', '69', '0,1,62,69,', '流程管理', '/oa/workflow/processList', null, 'road', '300', '1', 'oa:workflow:edit', '1', TO_DATE('2013-05-27 08:00:00','yyyy-MM-dd HH24:mi:ss'), '1', TO_DATE('2013-05-27 08:00:00','yyyy-MM-dd HH24:mi:ss'), null, '1');
INSERT INTO SYS_MENU(ID,PARENT_ID,PARENT_IDS,NAME,HREF,TARGET,ICON,SORT,IS_SHOW,PERMISSION,CREATE_BY,CREATE_DATE,UPDATE_BY,UODATE_DATE,REMARKS,DEL_FLAG) VALUES ('71', '1', '0,1,', '测试demo', '', '', '', '30', '1', '', '1', TO_DATE('2013-05-27 08:00:00','yyyy-MM-dd HH24:mi:ss'), '1', TO_DATE('2013-05-27 08:00:00','yyyy-MM-dd HH24:mi:ss'), null, '1');
INSERT INTO SYS_MENU(ID,PARENT_ID,PARENT_IDS,NAME,HREF,TARGET,ICON,SORT,IS_SHOW,PERMISSION,CREATE_BY,CREATE_DATE,UPDATE_BY,UODATE_DATE,REMARKS,DEL_FLAG) VALUES ('72', '1', '0,1,', '测试demo', 'test', '', '', '30', '1', '', '1', TO_DATE('2013-05-27 08:00:00','yyyy-MM-dd HH24:mi:ss'), '1', TO_DATE('2013-05-27 08:00:00','yyyy-MM-dd HH24:mi:ss'), null, '1');
INSERT INTO SYS_MENU(ID,PARENT_ID,PARENT_IDS,NAME,HREF,TARGET,ICON,SORT,IS_SHOW,PERMISSION,CREATE_BY,CREATE_DATE,UPDATE_BY,UODATE_DATE,REMARKS,DEL_FLAG) VALUES ('73', '1', '0,1,', '12333', 'http://www.baidu.com', '', 'signal', '30', '1', '', '1', TO_DATE('2013-05-27 08:00:00','yyyy-MM-dd HH24:mi:ss'), '1', TO_DATE('2013-05-27 08:00:00','yyyy-MM-dd HH24:mi:ss'), null, '1');
INSERT INTO SYS_MENU(ID,PARENT_ID,PARENT_IDS,NAME,HREF,TARGET,ICON,SORT,IS_SHOW,PERMISSION,CREATE_BY,CREATE_DATE,UPDATE_BY,UODATE_DATE,REMARKS,DEL_FLAG) VALUES ('74', '27', '0,1,27,', 'yyyy', '', '', 'time', '30', '1', '', '1', TO_DATE('2013-05-27 08:00:00','yyyy-MM-dd HH24:mi:ss'), '1', TO_DATE('2013-05-27 08:00:00','yyyy-MM-dd HH24:mi:ss'), null, '1');
INSERT INTO SYS_MENU(ID,PARENT_ID,PARENT_IDS,NAME,HREF,TARGET,ICON,SORT,IS_SHOW,PERMISSION,CREATE_BY,CREATE_DATE,UPDATE_BY,UODATE_DATE,REMARKS,DEL_FLAG) VALUES ('75', '2', '0,1,2,', 'yyyyuuuuu', '', '', '', '30', '1', '', '1', TO_DATE('2013-05-27 08:00:00','yyyy-MM-dd HH24:mi:ss'), '1', TO_DATE('2013-05-27 08:00:00','yyyy-MM-dd HH24:mi:ss'), null, '1');
INSERT INTO SYS_MENU(ID,PARENT_ID,PARENT_IDS,NAME,HREF,TARGET,ICON,SORT,IS_SHOW,PERMISSION,CREATE_BY,CREATE_DATE,UPDATE_BY,UODATE_DATE,REMARKS,DEL_FLAG) VALUES ('76', '1', '0,1,', '业务配置', '', '', '', '901', '1', '', '1', TO_DATE('2013-05-27 08:00:00','yyyy-MM-dd HH24:mi:ss'), '1', TO_DATE('2013-05-27 08:00:00','yyyy-MM-dd HH24:mi:ss'), null, '0');
INSERT INTO SYS_MENU(ID,PARENT_ID,PARENT_IDS,NAME,HREF,TARGET,ICON,SORT,IS_SHOW,PERMISSION,CREATE_BY,CREATE_DATE,UPDATE_BY,UODATE_DATE,REMARKS,DEL_FLAG) VALUES ('77', '79', '0,1,76,79,', '应用设置', '/profile/configApp/list', '', 'film', '11', '1', 'profile:configApp:view', '1', TO_DATE('2013-05-27 08:00:00','yyyy-MM-dd HH24:mi:ss'), '1', TO_DATE('2013-05-27 08:00:00','yyyy-MM-dd HH24:mi:ss'), null, '0');
INSERT INTO SYS_MENU(ID,PARENT_ID,PARENT_IDS,NAME,HREF,TARGET,ICON,SORT,IS_SHOW,PERMISSION,CREATE_BY,CREATE_DATE,UPDATE_BY,UODATE_DATE,REMARKS,DEL_FLAG) VALUES ('78', '76', '0,1,76,', '应用编辑', '', '', '', '40', '0', 'profile:configApp:edit', '1', TO_DATE('2013-05-27 08:00:00','yyyy-MM-dd HH24:mi:ss'), '1', TO_DATE('2013-05-27 08:00:00','yyyy-MM-dd HH24:mi:ss'), null, '0');
INSERT INTO SYS_MENU(ID,PARENT_ID,PARENT_IDS,NAME,HREF,TARGET,ICON,SORT,IS_SHOW,PERMISSION,CREATE_BY,CREATE_DATE,UPDATE_BY,UODATE_DATE,REMARKS,DEL_FLAG) VALUES ('79', '76', '0,1,76,', '业务配置', '', '', '', '30', '1', '', '1', TO_DATE('2013-05-27 08:00:00','yyyy-MM-dd HH24:mi:ss'), '1', TO_DATE('2013-05-27 08:00:00','yyyy-MM-dd HH24:mi:ss'), null, '0');
INSERT INTO SYS_MENU(ID,PARENT_ID,PARENT_IDS,NAME,HREF,TARGET,ICON,SORT,IS_SHOW,PERMISSION,CREATE_BY,CREATE_DATE,UPDATE_BY,UODATE_DATE,REMARKS,DEL_FLAG) VALUES ('80', '2', '0,1,2,', '信任源管理', '', '', '', '982', '0', '', '1', TO_DATE('2013-05-27 08:00:00','yyyy-MM-dd HH24:mi:ss'), '1', TO_DATE('2013-05-27 08:00:00','yyyy-MM-dd HH24:mi:ss'), null, '1');
INSERT INTO SYS_MENU(ID,PARENT_ID,PARENT_IDS,NAME,HREF,TARGET,ICON,SORT,IS_SHOW,PERMISSION,CREATE_BY,CREATE_DATE,UPDATE_BY,UODATE_DATE,REMARKS,DEL_FLAG) VALUES ('81', '193', '0,1,2,193,', '信任源管理', '/itrust/crlcontext', '', 'th-list', '30', '1', 'sys:sysCrlContext:view', '1', TO_DATE('2013-05-27 08:00:00','yyyy-MM-dd HH24:mi:ss'), '1', TO_DATE('2013-05-27 08:00:00','yyyy-MM-dd HH24:mi:ss'), null, '0');
INSERT INTO SYS_MENU(ID,PARENT_ID,PARENT_IDS,NAME,HREF,TARGET,ICON,SORT,IS_SHOW,PERMISSION,CREATE_BY,CREATE_DATE,UPDATE_BY,UODATE_DATE,REMARKS,DEL_FLAG) VALUES ('82', '2', '0,1,2,', '邮件服务配置', '', '', '', '983', '0', '', '1', TO_DATE('2013-05-27 08:00:00','yyyy-MM-dd HH24:mi:ss'), '1', TO_DATE('2013-05-27 08:00:00','yyyy-MM-dd HH24:mi:ss'), null, '1');
INSERT INTO SYS_MENU(ID,PARENT_ID,PARENT_IDS,NAME,HREF,TARGET,ICON,SORT,IS_SHOW,PERMISSION,CREATE_BY,CREATE_DATE,UPDATE_BY,UODATE_DATE,REMARKS,DEL_FLAG) VALUES ('83', '193', '0,1,2,193,', '邮件服务配置', '/sys/sysConfig/form', '', '', '40', '1', 'sys:sysConfig:view', '1', TO_DATE('2013-05-27 08:00:00','yyyy-MM-dd HH24:mi:ss'), '1', TO_DATE('2013-05-27 08:00:00','yyyy-MM-dd HH24:mi:ss'), null, '0');
INSERT INTO SYS_MENU(ID,PARENT_ID,PARENT_IDS,NAME,HREF,TARGET,ICON,SORT,IS_SHOW,PERMISSION,CREATE_BY,CREATE_DATE,UPDATE_BY,UODATE_DATE,REMARKS,DEL_FLAG) VALUES ('84', '83', '0,1,2,193,83,', '邮件服务编辑', '', '', '', '30', '0', 'sys:sysConfig:edit', '1', TO_DATE('2013-05-27 08:00:00','yyyy-MM-dd HH24:mi:ss'), '1', TO_DATE('2013-05-27 08:00:00','yyyy-MM-dd HH24:mi:ss'), null, '0');
INSERT INTO SYS_MENU(ID,PARENT_ID,PARENT_IDS,NAME,HREF,TARGET,ICON,SORT,IS_SHOW,PERMISSION,CREATE_BY,CREATE_DATE,UPDATE_BY,UODATE_DATE,REMARKS,DEL_FLAG) VALUES ('85', '80', '0,1,2,80,', '信任源管理添加', '/sys/sysCrlContext/insertFrom', '', 'plus', '50', '1', 'sys:sysCrlContext:view', '1', TO_DATE('2013-05-27 08:00:00','yyyy-MM-dd HH24:mi:ss'), '1', TO_DATE('2013-05-27 08:00:00','yyyy-MM-dd HH24:mi:ss'), null, '1');
INSERT INTO SYS_MENU(ID,PARENT_ID,PARENT_IDS,NAME,HREF,TARGET,ICON,SORT,IS_SHOW,PERMISSION,CREATE_BY,CREATE_DATE,UPDATE_BY,UODATE_DATE,REMARKS,DEL_FLAG) VALUES ('86', '76', '0,1,76,', '引用产品', '', '', '', '21', '0', 'profile:configProduct:view', '1', TO_DATE('2013-05-27 08:00:00','yyyy-MM-dd HH24:mi:ss'), '1', TO_DATE('2013-05-27 08:00:00','yyyy-MM-dd HH24:mi:ss'), null, '1');
INSERT INTO SYS_MENU(ID,PARENT_ID,PARENT_IDS,NAME,HREF,TARGET,ICON,SORT,IS_SHOW,PERMISSION,CREATE_BY,CREATE_DATE,UPDATE_BY,UODATE_DATE,REMARKS,DEL_FLAG) VALUES ('87', '78', '0,1,76,78,', '应用产品', '', '', '', '20', '0', 'profile:configProduct:view', '1', TO_DATE('2013-05-27 08:00:00','yyyy-MM-dd HH24:mi:ss'), '1', TO_DATE('2013-05-27 08:00:00','yyyy-MM-dd HH24:mi:ss'), null, '1');
INSERT INTO SYS_MENU(ID,PARENT_ID,PARENT_IDS,NAME,HREF,TARGET,ICON,SORT,IS_SHOW,PERMISSION,CREATE_BY,CREATE_DATE,UPDATE_BY,UODATE_DATE,REMARKS,DEL_FLAG) VALUES ('88', '76', '0,1,76,', '应用产品', '', '', '', '40', '0', 'profile:configProduct:view', '1', TO_DATE('2013-05-27 08:00:00','yyyy-MM-dd HH24:mi:ss'), '1', TO_DATE('2013-05-27 08:00:00','yyyy-MM-dd HH24:mi:ss'), null, '0');
INSERT INTO SYS_MENU(ID,PARENT_ID,PARENT_IDS,NAME,HREF,TARGET,ICON,SORT,IS_SHOW,PERMISSION,CREATE_BY,CREATE_DATE,UPDATE_BY,UODATE_DATE,REMARKS,DEL_FLAG) VALUES ('89', '76', '0,1,76,', '产品编辑', '', '', '', '40', '0', 'profile:configProduct:edit', '1', TO_DATE('2013-05-27 08:00:00','yyyy-MM-dd HH24:mi:ss'), '1', TO_DATE('2013-05-27 08:00:00','yyyy-MM-dd HH24:mi:ss'), null, '0');
INSERT INTO SYS_MENU(ID,PARENT_ID,PARENT_IDS,NAME,HREF,TARGET,ICON,SORT,IS_SHOW,PERMISSION,CREATE_BY,CREATE_DATE,UPDATE_BY,UODATE_DATE,REMARKS,DEL_FLAG) VALUES ('90', '76', '0,1,76,', '供应商配置', '', '', '', '60', '1', '', '1', TO_DATE('2013-05-27 08:00:00','yyyy-MM-dd HH24:mi:ss'), '1', TO_DATE('2013-05-27 08:00:00','yyyy-MM-dd HH24:mi:ss'), null, '1');
INSERT INTO SYS_MENU(ID,PARENT_ID,PARENT_IDS,NAME,HREF,TARGET,ICON,SORT,IS_SHOW,PERMISSION,CREATE_BY,CREATE_DATE,UPDATE_BY,UODATE_DATE,REMARKS,DEL_FLAG) VALUES ('91', '90', '0,1,76,90,', '供应商配置', '/profile/configSupplier', '', '', '60', '1', 'profile:configSupplier:view', '1', TO_DATE('2013-05-27 08:00:00','yyyy-MM-dd HH24:mi:ss'), '1', TO_DATE('2013-05-27 08:00:00','yyyy-MM-dd HH24:mi:ss'), null, '1');
INSERT INTO SYS_MENU(ID,PARENT_ID,PARENT_IDS,NAME,HREF,TARGET,ICON,SORT,IS_SHOW,PERMISSION,CREATE_BY,CREATE_DATE,UPDATE_BY,UODATE_DATE,REMARKS,DEL_FLAG) VALUES ('92', '90', '0,1,76,90,', '供应商配置编辑', '', '', '', '30', '0', 'profile:configSupplier:edit', '1', null, '1', null, null, '1');
INSERT INTO SYS_MENU(ID,PARENT_ID,PARENT_IDS,NAME,HREF,TARGET,ICON,SORT,IS_SHOW,PERMISSION,CREATE_BY,CREATE_DATE,UPDATE_BY,UODATE_DATE,REMARKS,DEL_FLAG) VALUES ('93', '76', '0,1,76,', '产品修改', '', '', '', '20', '0', 'profile:configProduct:edit', '1', null, '1', null, null, '1');
INSERT INTO SYS_MENU(ID,PARENT_ID,PARENT_IDS,NAME,HREF,TARGET,ICON,SORT,IS_SHOW,PERMISSION,CREATE_BY,CREATE_DATE,UPDATE_BY,UODATE_DATE,REMARKS,DEL_FLAG) VALUES ('94', '76', '0,1,76,', 'RA配置查看', '', '', '', '40', '0', 'profile:configRaAccount:view', '1', null, '1', null, null, '0');
INSERT INTO SYS_MENU(ID,PARENT_ID,PARENT_IDS,NAME,HREF,TARGET,ICON,SORT,IS_SHOW,PERMISSION,CREATE_BY,CREATE_DATE,UPDATE_BY,UODATE_DATE,REMARKS,DEL_FLAG) VALUES ('95', '76', '0,1,76,', 'RA配置编辑', '', '', '', '40', '0', 'profile:configRaAccount:edit', '1', null, '1', null, null, '0');
INSERT INTO SYS_MENU(ID,PARENT_ID,PARENT_IDS,NAME,HREF,TARGET,ICON,SORT,IS_SHOW,PERMISSION,CREATE_BY,CREATE_DATE,UPDATE_BY,UODATE_DATE,REMARKS,DEL_FLAG) VALUES ('96', '76', '0,1,76,', '代理商设置', '', '', '', '50', '1', 'profile:configSupplier:view', '1', null, '1', null, null, '1');
INSERT INTO SYS_MENU(ID,PARENT_ID,PARENT_IDS,NAME,HREF,TARGET,ICON,SORT,IS_SHOW,PERMISSION,CREATE_BY,CREATE_DATE,UPDATE_BY,UODATE_DATE,REMARKS,DEL_FLAG) VALUES ('97', '96', '0,1,76,96,', '代理商设置', '/profile/configCommercialAgent/list', '', 'th-list', '30', '1', 'profile:configCommercialAgent:view', '1', null, '1', null, null, '1');
INSERT INTO SYS_MENU(ID,PARENT_ID,PARENT_IDS,NAME,HREF,TARGET,ICON,SORT,IS_SHOW,PERMISSION,CREATE_BY,CREATE_DATE,UPDATE_BY,UODATE_DATE,REMARKS,DEL_FLAG) VALUES ('98', '76', '0,1,76,', '计费策略', '', '', '', '70', '1', '', '1', null, '1', null, null, '1');
INSERT INTO SYS_MENU(ID,PARENT_ID,PARENT_IDS,NAME,HREF,TARGET,ICON,SORT,IS_SHOW,PERMISSION,CREATE_BY,CREATE_DATE,UPDATE_BY,UODATE_DATE,REMARKS,DEL_FLAG) VALUES ('99', '98', '0,1,76,98,', '供应商计费策略', '/profile/configSupplierProductRelation', '', '', '30', '1', 'profile:configSupplierProductRelation:view', '1', null, '1', null, null, '1');
INSERT INTO SYS_MENU(ID,PARENT_ID,PARENT_IDS,NAME,HREF,TARGET,ICON,SORT,IS_SHOW,PERMISSION,CREATE_BY,CREATE_DATE,UPDATE_BY,UODATE_DATE,REMARKS,DEL_FLAG) VALUES ('100', '98', '0,1,76,98,', '供应商计费策略编辑', '', '', '', '30', '0', 'profile:configSupplierProductRelation:edit', '1', null, '1', null, null, '1');
INSERT INTO SYS_MENU(ID,PARENT_ID,PARENT_IDS,NAME,HREF,TARGET,ICON,SORT,IS_SHOW,PERMISSION,CREATE_BY,CREATE_DATE,UPDATE_BY,UODATE_DATE,REMARKS,DEL_FLAG) VALUES ('101', '76', '0,1,76,', 'RA详细信息配置', '', '', '', '40', '0', 'profile:configRaAccountExtendInfo:edit', '1', null, '1', null, null, '0');
INSERT INTO SYS_MENU(ID,PARENT_ID,PARENT_IDS,NAME,HREF,TARGET,ICON,SORT,IS_SHOW,PERMISSION,CREATE_BY,CREATE_DATE,UPDATE_BY,UODATE_DATE,REMARKS,DEL_FLAG) VALUES ('102', '76', '0,1,76,', 'RA详细信息配置查看', '', '', '', '40', '0', 'profile:configRaAccountExtendInfo:view', '1', null, '1', null, null, '0');
INSERT INTO SYS_MENU(ID,PARENT_ID,PARENT_IDS,NAME,HREF,TARGET,ICON,SORT,IS_SHOW,PERMISSION,CREATE_BY,CREATE_DATE,UPDATE_BY,UODATE_DATE,REMARKS,DEL_FLAG) VALUES ('103', '1', '0,1,', '短信服务配置', '', '', '', '984', '1', '', '1', null, '1', null, null, '1');
INSERT INTO SYS_MENU(ID,PARENT_ID,PARENT_IDS,NAME,HREF,TARGET,ICON,SORT,IS_SHOW,PERMISSION,CREATE_BY,CREATE_DATE,UPDATE_BY,UODATE_DATE,REMARKS,DEL_FLAG) VALUES ('104', '1', '0,1,', '短信服务配置', '', '', '', '984', '1', '', '1', null, '1', null, null, '1');
INSERT INTO SYS_MENU(ID,PARENT_ID,PARENT_IDS,NAME,HREF,TARGET,ICON,SORT,IS_SHOW,PERMISSION,CREATE_BY,CREATE_DATE,UPDATE_BY,UODATE_DATE,REMARKS,DEL_FLAG) VALUES ('105', '2', '0,1,2,', '短信服务配置', '', '', '', '984', '0', '', '1', null, '1', null, null, '1');
INSERT INTO SYS_MENU(ID,PARENT_ID,PARENT_IDS,NAME,HREF,TARGET,ICON,SORT,IS_SHOW,PERMISSION,CREATE_BY,CREATE_DATE,UPDATE_BY,UODATE_DATE,REMARKS,DEL_FLAG) VALUES ('106', '193', '0,1,2,193,', '短信服务配置', '/sys/sysConfig/smsForm', '', 'list-alt', '50', '1', 'sys:sysConfig:view', '1', null, '1', null, null, '0');
INSERT INTO SYS_MENU(ID,PARENT_ID,PARENT_IDS,NAME,HREF,TARGET,ICON,SORT,IS_SHOW,PERMISSION,CREATE_BY,CREATE_DATE,UPDATE_BY,UODATE_DATE,REMARKS,DEL_FLAG) VALUES ('107', '98', '0,1,76,98,', '代理商计费策略', '/profile/configChargeAgent', '', '', '40', '1', 'profile:configChargeAgent:view', '1', null, '1', null, null, '1');
INSERT INTO SYS_MENU(ID,PARENT_ID,PARENT_IDS,NAME,HREF,TARGET,ICON,SORT,IS_SHOW,PERMISSION,CREATE_BY,CREATE_DATE,UPDATE_BY,UODATE_DATE,REMARKS,DEL_FLAG) VALUES ('108', '98', '0,1,76,98,', '代理商计费策略编辑', '', '', '', '30', '0', 'profile:configChargeAgent:edit', '1', null, '1', null, null, '1');
INSERT INTO SYS_MENU(ID,PARENT_ID,PARENT_IDS,NAME,HREF,TARGET,ICON,SORT,IS_SHOW,PERMISSION,CREATE_BY,CREATE_DATE,UPDATE_BY,UODATE_DATE,REMARKS,DEL_FLAG) VALUES ('109', '76', '0,1,76,', '网点配置', '', '', '', '20', '1', '', '1', null, '1', null, null, '1');
INSERT INTO SYS_MENU(ID,PARENT_ID,PARENT_IDS,NAME,HREF,TARGET,ICON,SORT,IS_SHOW,PERMISSION,CREATE_BY,CREATE_DATE,UPDATE_BY,UODATE_DATE,REMARKS,DEL_FLAG) VALUES ('110', '109', '0,1,76,109,', '区域配置', '/sys/area/', '', 'th', '30', '1', '', '1', null, '1', null, null, '1');
INSERT INTO SYS_MENU(ID,PARENT_ID,PARENT_IDS,NAME,HREF,TARGET,ICON,SORT,IS_SHOW,PERMISSION,CREATE_BY,CREATE_DATE,UPDATE_BY,UODATE_DATE,REMARKS,DEL_FLAG) VALUES ('111', '109', '0,1,76,109,', '网点配置', '/sys/office/', '', 'th-large', '40', '1', '', '1', null, '1', null, null, '1');
INSERT INTO SYS_MENU(ID,PARENT_ID,PARENT_IDS,NAME,HREF,TARGET,ICON,SORT,IS_SHOW,PERMISSION,CREATE_BY,CREATE_DATE,UPDATE_BY,UODATE_DATE,REMARKS,DEL_FLAG) VALUES ('112', '1', '0,1,', '财务管理', '', '', '', '903', '1', '', '1', null, '1', null, null, '0');
INSERT INTO SYS_MENU(ID,PARENT_ID,PARENT_IDS,NAME,HREF,TARGET,ICON,SORT,IS_SHOW,PERMISSION,CREATE_BY,CREATE_DATE,UPDATE_BY,UODATE_DATE,REMARKS,DEL_FLAG) VALUES ('113', '112', '0,1,112,', '支付信息维护', '', '', '', '30', '1', '', '1', null, '1', null, null, '0');
INSERT INTO SYS_MENU(ID,PARENT_ID,PARENT_IDS,NAME,HREF,TARGET,ICON,SORT,IS_SHOW,PERMISSION,CREATE_BY,CREATE_DATE,UPDATE_BY,UODATE_DATE,REMARKS,DEL_FLAG) VALUES ('114', '113', '0,1,112,113,', '支付信息维护', '/finance/financePaymentInfo/payList', '', 'play-circle', '21', '1', 'finance:financePaymentInfo:view', '1', null, '1', null, null, '0');
INSERT INTO SYS_MENU(ID,PARENT_ID,PARENT_IDS,NAME,HREF,TARGET,ICON,SORT,IS_SHOW,PERMISSION,CREATE_BY,CREATE_DATE,UPDATE_BY,UODATE_DATE,REMARKS,DEL_FLAG) VALUES ('115', '112', '0,1,112,', '支付信息修改', '', '', '', '40', '0', 'finance:financePaymentInfo:edit', '1', null, '1', null, null, '0');
INSERT INTO SYS_MENU(ID,PARENT_ID,PARENT_IDS,NAME,HREF,TARGET,ICON,SORT,IS_SHOW,PERMISSION,CREATE_BY,CREATE_DATE,UPDATE_BY,UODATE_DATE,REMARKS,DEL_FLAG) VALUES ('116', '79', '0,1,76,79,', '代理商设置', '/profile/configCommercialAgent/list', '', 'user', '12', '1', 'profile:configCommercialAgent:view', '1', null, '1', null, null, '0');
INSERT INTO SYS_MENU(ID,PARENT_ID,PARENT_IDS,NAME,HREF,TARGET,ICON,SORT,IS_SHOW,PERMISSION,CREATE_BY,CREATE_DATE,UPDATE_BY,UODATE_DATE,REMARKS,DEL_FLAG) VALUES ('117', '79', '0,1,76,79,', '供应商配置', '/profile/configSupplier', '', 'user', '13', '1', 'profile:configSupplier:view', '1', null, '1', null, null, '0');
INSERT INTO SYS_MENU(ID,PARENT_ID,PARENT_IDS,NAME,HREF,TARGET,ICON,SORT,IS_SHOW,PERMISSION,CREATE_BY,CREATE_DATE,UPDATE_BY,UODATE_DATE,REMARKS,DEL_FLAG) VALUES ('118', '79', '0,1,76,79,', '区域配置', '/sys/area/', '', '', '40', '1', '', '1', null, '1', null, null, '1');
INSERT INTO SYS_MENU(ID,PARENT_ID,PARENT_IDS,NAME,HREF,TARGET,ICON,SORT,IS_SHOW,PERMISSION,CREATE_BY,CREATE_DATE,UPDATE_BY,UODATE_DATE,REMARKS,DEL_FLAG) VALUES ('119', '76', '0,1,76,', '供应商配置编辑', '', '', '', '40', '0', 'profile:configSupplier:edit', '1', null, '1', null, null, '0');
INSERT INTO SYS_MENU(ID,PARENT_ID,PARENT_IDS,NAME,HREF,TARGET,ICON,SORT,IS_SHOW,PERMISSION,CREATE_BY,CREATE_DATE,UPDATE_BY,UODATE_DATE,REMARKS,DEL_FLAG) VALUES ('120', '79', '0,1,76,79,', '网点配置', '/sys/office/', '', 'signal', '10', '1', 'sys:office:view', '1', null, '1', null, null, '0');
INSERT INTO SYS_MENU(ID,PARENT_ID,PARENT_IDS,NAME,HREF,TARGET,ICON,SORT,IS_SHOW,PERMISSION,CREATE_BY,CREATE_DATE,UPDATE_BY,UODATE_DATE,REMARKS,DEL_FLAG) VALUES ('121', '79', '0,1,76,79,', '计费策略', '/profile/configChargeAgent', '', 'shopping-cart', '14', '1', 'profile:configChargeAgent:view', '1', null, '1', null, null, '0');
INSERT INTO SYS_MENU(ID,PARENT_ID,PARENT_IDS,NAME,HREF,TARGET,ICON,SORT,IS_SHOW,PERMISSION,CREATE_BY,CREATE_DATE,UPDATE_BY,UODATE_DATE,REMARKS,DEL_FLAG) VALUES ('122', '76', '0,1,76,', '供应商计费策略', '/profile/configSupplierProductRelation', '', '', '40', '0', 'profile:configSupplierProductRelation:view', '1', null, '1', '2014-08-06 14:40:53', null, '0');
INSERT INTO SYS_MENU(ID,PARENT_ID,PARENT_IDS,NAME,HREF,TARGET,ICON,SORT,IS_SHOW,PERMISSION,CREATE_BY,CREATE_DATE,UPDATE_BY,UODATE_DATE,REMARKS,DEL_FLAG) VALUES ('123', '76', '0,1,76,', '供应商计费策略编辑', '', '', '', '40', '0', 'profile:configSupplierProductRelation:edit', '1', null, '1', null, null, '0');
INSERT INTO SYS_MENU(ID,PARENT_ID,PARENT_IDS,NAME,HREF,TARGET,ICON,SORT,IS_SHOW,PERMISSION,CREATE_BY,CREATE_DATE,UPDATE_BY,UODATE_DATE,REMARKS,DEL_FLAG) VALUES ('124', '76', '0,1,76,', '代理商计费策略编辑', '', '', '', '40', '0', 'profile:configChargeAgent:edit', '1', null, '1', null, null, '0');
INSERT INTO SYS_MENU(ID,PARENT_ID,PARENT_IDS,NAME,HREF,TARGET,ICON,SORT,IS_SHOW,PERMISSION,CREATE_BY,CREATE_DATE,UPDATE_BY,UODATE_DATE,REMARKS,DEL_FLAG) VALUES ('125', '112', '0,1,112,', '企业信息查看', '', '', '', '40', '0', 'work:workCompany:view', '1', null, '1', null, null, '0');
INSERT INTO SYS_MENU(ID,PARENT_ID,PARENT_IDS,NAME,HREF,TARGET,ICON,SORT,IS_SHOW,PERMISSION,CREATE_BY,CREATE_DATE,UPDATE_BY,UODATE_DATE,REMARKS,DEL_FLAG) VALUES ('126', '79', '0,1,76,79,', '消息设置', '/profile/configMsg', '', 'envelope', '15', '1', 'profile:configMsg:view', '1', null, '1', null, null, '0');
INSERT INTO SYS_MENU(ID,PARENT_ID,PARENT_IDS,NAME,HREF,TARGET,ICON,SORT,IS_SHOW,PERMISSION,CREATE_BY,CREATE_DATE,UPDATE_BY,UODATE_DATE,REMARKS,DEL_FLAG) VALUES ('127', '76', '0,1,76,', '消息配置编辑', '', '', '', '40', '0', 'profile:configMsg:edit', '1', null, '1', null, null, '0');
INSERT INTO SYS_MENU(ID,PARENT_ID,PARENT_IDS,NAME,HREF,TARGET,ICON,SORT,IS_SHOW,PERMISSION,CREATE_BY,CREATE_DATE,UPDATE_BY,UODATE_DATE,REMARKS,DEL_FLAG) VALUES ('128', '1', '0,1,', '业务中心', '', '', '', '905', '1', '', '1', null, '1', null, null, '0');
INSERT INTO SYS_MENU(ID,PARENT_ID,PARENT_IDS,NAME,HREF,TARGET,ICON,SORT,IS_SHOW,PERMISSION,CREATE_BY,CREATE_DATE,UPDATE_BY,UODATE_DATE,REMARKS,DEL_FLAG) VALUES ('129', '128', '0,1,128,', '业务中心', '', '', '', '10', '1', '', '1', null, '1', null, null, '0');
INSERT INTO SYS_MENU(ID,PARENT_ID,PARENT_IDS,NAME,HREF,TARGET,ICON,SORT,IS_SHOW,PERMISSION,CREATE_BY,CREATE_DATE,UPDATE_BY,UODATE_DATE,REMARKS,DEL_FLAG) VALUES ('130', '1', '0,1,', '客服管理', '', '', '', '906', '1', '', '1', null, '1', null, null, '0');
INSERT INTO SYS_MENU(ID,PARENT_ID,PARENT_IDS,NAME,HREF,TARGET,ICON,SORT,IS_SHOW,PERMISSION,CREATE_BY,CREATE_DATE,UPDATE_BY,UODATE_DATE,REMARKS,DEL_FLAG) VALUES ('131', '130', '0,1,130,', '客服管理', '', '', '', '30', '1', '', '1', null, '1', null, null, '0');
INSERT INTO SYS_MENU(ID,PARENT_ID,PARENT_IDS,NAME,HREF,TARGET,ICON,SORT,IS_SHOW,PERMISSION,CREATE_BY,CREATE_DATE,UPDATE_BY,UODATE_DATE,REMARKS,DEL_FLAG) VALUES ('132', '130', '0,1,130,', '工作统计', '', '', 'pencil', '50', '1', '', '1', null, '1', null, null, '1');
INSERT INTO SYS_MENU(ID,PARENT_ID,PARENT_IDS,NAME,HREF,TARGET,ICON,SORT,IS_SHOW,PERMISSION,CREATE_BY,CREATE_DATE,UPDATE_BY,UODATE_DATE,REMARKS,DEL_FLAG) VALUES ('133', '130', '0,1,130,', '工作统计', '', '', 'pencil', '50', '1', '', '1', null, '1', null, null, '1');
INSERT INTO SYS_MENU(ID,PARENT_ID,PARENT_IDS,NAME,HREF,TARGET,ICON,SORT,IS_SHOW,PERMISSION,CREATE_BY,CREATE_DATE,UPDATE_BY,UODATE_DATE,REMARKS,DEL_FLAG) VALUES ('134', '129', '0,1,128,129,', '业务办理', '/work/workDealInfo', '', 'th', '10', '1', 'work:workDealInfo:view', '1', null, '1', null, null, '0');
INSERT INTO SYS_MENU(ID,PARENT_ID,PARENT_IDS,NAME,HREF,TARGET,ICON,SORT,IS_SHOW,PERMISSION,CREATE_BY,CREATE_DATE,UPDATE_BY,UODATE_DATE,REMARKS,DEL_FLAG) VALUES ('135', '128', '0,1,128,', '业务基本信息录入', '', '', '', '40', '0', 'work:workDealInfo:edit', '1', null, '1', null, null, '0');
INSERT INTO SYS_MENU(ID,PARENT_ID,PARENT_IDS,NAME,HREF,TARGET,ICON,SORT,IS_SHOW,PERMISSION,CREATE_BY,CREATE_DATE,UPDATE_BY,UODATE_DATE,REMARKS,DEL_FLAG) VALUES ('136', '128', '0,1,128,', '归档管理', '/work/workDealInfoFiling/list', '', 'align-justify', '90', '1', '', '1', null, '1', null, null, '1');
INSERT INTO SYS_MENU(ID,PARENT_ID,PARENT_IDS,NAME,HREF,TARGET,ICON,SORT,IS_SHOW,PERMISSION,CREATE_BY,CREATE_DATE,UPDATE_BY,UODATE_DATE,REMARKS,DEL_FLAG) VALUES ('137', '129', '0,1,128,129,', '归档管理', '/work/workUserFiling/list?status=1', '', 'align-justify', '90', '1', 'work:workUser:view', '1', null, '1', null, null, '1');
INSERT INTO SYS_MENU(ID,PARENT_ID,PARENT_IDS,NAME,HREF,TARGET,ICON,SORT,IS_SHOW,PERMISSION,CREATE_BY,CREATE_DATE,UPDATE_BY,UODATE_DATE,REMARKS,DEL_FLAG) VALUES ('138', '112', '0,1,112,', '统计报表', '', '', '', '31', '1', '', '1', null, '1', null, null, '0');
INSERT INTO SYS_MENU(ID,PARENT_ID,PARENT_IDS,NAME,HREF,TARGET,ICON,SORT,IS_SHOW,PERMISSION,CREATE_BY,CREATE_DATE,UPDATE_BY,UODATE_DATE,REMARKS,DEL_FLAG) VALUES ('139', '138', '0,1,112,138,', '支付款项统计', '/work/workFinancePayInfoRelation/statisticalList', '', 'bold', '30', '1', 'work:workFinancePayInfoRelation:view', '1', null, '1', null, null, '0');
INSERT INTO SYS_MENU(ID,PARENT_ID,PARENT_IDS,NAME,HREF,TARGET,ICON,SORT,IS_SHOW,PERMISSION,CREATE_BY,CREATE_DATE,UPDATE_BY,UODATE_DATE,REMARKS,DEL_FLAG) VALUES ('140', '129', '0,1,128,129,', '归档管理', '/work/workDealInfoFiling/list?status=1', '', 'book', '40', '1', 'work:workDealInfo:view', '1', null, '1', null, null, '0');
INSERT INTO SYS_MENU(ID,PARENT_ID,PARENT_IDS,NAME,HREF,TARGET,ICON,SORT,IS_SHOW,PERMISSION,CREATE_BY,CREATE_DATE,UPDATE_BY,UODATE_DATE,REMARKS,DEL_FLAG) VALUES ('141', '112', '0,1,112,', '统计报表', '', '', '', '30', '1', '', '1', null, '1', null, null, '1');
INSERT INTO SYS_MENU(ID,PARENT_ID,PARENT_IDS,NAME,HREF,TARGET,ICON,SORT,IS_SHOW,PERMISSION,CREATE_BY,CREATE_DATE,UPDATE_BY,UODATE_DATE,REMARKS,DEL_FLAG) VALUES ('142', '138', '0,1,112,138,', '业务款项统计', '/work/workDealInfo/StatisticalDealPayList', '', 'align-center', '31', '1', 'work:workDealInfo:view', '1', null, '1', null, null, '0');
INSERT INTO SYS_MENU(ID,PARENT_ID,PARENT_IDS,NAME,HREF,TARGET,ICON,SORT,IS_SHOW,PERMISSION,CREATE_BY,CREATE_DATE,UPDATE_BY,UODATE_DATE,REMARKS,DEL_FLAG) VALUES ('143', '129', '0,1,128,129,', '业务审核', '/work/workDealInfoAudit', '', 'zoom-out', '20', '1', 'work:workDealInfo:view', '1', null, '1', null, null, '0');
INSERT INTO SYS_MENU(ID,PARENT_ID,PARENT_IDS,NAME,HREF,TARGET,ICON,SORT,IS_SHOW,PERMISSION,CREATE_BY,CREATE_DATE,UPDATE_BY,UODATE_DATE,REMARKS,DEL_FLAG) VALUES ('144', '128', '0,1,128,', '业务缴费信息编辑', '', '', '', '40', '0', 'work:workPayInfo:edit', '1', null, '1', null, null, '0');
INSERT INTO SYS_MENU(ID,PARENT_ID,PARENT_IDS,NAME,HREF,TARGET,ICON,SORT,IS_SHOW,PERMISSION,CREATE_BY,CREATE_DATE,UPDATE_BY,UODATE_DATE,REMARKS,DEL_FLAG) VALUES ('145', '129', '0,1,128,129,', '解锁审批', '/userenroll/keyUnlock/list', '', '', '33', '1', 'userenroll:keyUnlock:view', '1', null, '1', null, null, '0');
INSERT INTO SYS_MENU(ID,PARENT_ID,PARENT_IDS,NAME,HREF,TARGET,ICON,SORT,IS_SHOW,PERMISSION,CREATE_BY,CREATE_DATE,UPDATE_BY,UODATE_DATE,REMARKS,DEL_FLAG) VALUES ('146', '145', '0,1,128,129,145,', 'key解锁审批', '', '', '', '40', '0', 'userenroll:keyUnlock:edit', '1', null, '1', null, null, '0');
INSERT INTO SYS_MENU(ID,PARENT_ID,PARENT_IDS,NAME,HREF,TARGET,ICON,SORT,IS_SHOW,PERMISSION,CREATE_BY,CREATE_DATE,UPDATE_BY,UODATE_DATE,REMARKS,DEL_FLAG) VALUES ('147', '1', '0,1,', 'KEY管理', '', '', '', '950', '1', '', '1', null, '1',null, null, '0');
INSERT INTO SYS_MENU(ID,PARENT_ID,PARENT_IDS,NAME,HREF,TARGET,ICON,SORT,IS_SHOW,PERMISSION,CREATE_BY,CREATE_DATE,UPDATE_BY,UODATE_DATE,REMARKS,DEL_FLAG) VALUES ('148', '147', '0,1,147,', 'KEY管理', '', '', '', '30', '1', '', '1', null, '1', null, null, '0');
INSERT INTO SYS_MENU(ID,PARENT_ID,PARENT_IDS,NAME,HREF,TARGET,ICON,SORT,IS_SHOW,PERMISSION,CREATE_BY,CREATE_DATE,UPDATE_BY,UODATE_DATE,REMARKS,DEL_FLAG) VALUES ('149', '148', '0,1,147,148,', '厂商管理', '/key/keyManufacturer/list', '', 'film', '10', '1', 'key:keyManufacturer:view', '1', null, '1', null, null, '0');
INSERT INTO SYS_MENU(ID,PARENT_ID,PARENT_IDS,NAME,HREF,TARGET,ICON,SORT,IS_SHOW,PERMISSION,CREATE_BY,CREATE_DATE,UPDATE_BY,UODATE_DATE,REMARKS,DEL_FLAG) VALUES ('150', '147', '0,1,147,', '厂商信息修改', '', '', '', '40', '0', 'key:keyManufacturer:edit', '1', null, '1', null, null, '0');
INSERT INTO SYS_MENU(ID,PARENT_ID,PARENT_IDS,NAME,HREF,TARGET,ICON,SORT,IS_SHOW,PERMISSION,CREATE_BY,CREATE_DATE,UPDATE_BY,UODATE_DATE,REMARKS,DEL_FLAG) VALUES ('151', '147', '0,1,147,', 'Key类型', '', '', '', '40', '0', 'key:keyGeneralInfo:view', '1', null, '1', null, null, '0');
INSERT INTO SYS_MENU(ID,PARENT_ID,PARENT_IDS,NAME,HREF,TARGET,ICON,SORT,IS_SHOW,PERMISSION,CREATE_BY,CREATE_DATE,UPDATE_BY,UODATE_DATE,REMARKS,DEL_FLAG) VALUES ('152', '147', '0,1,147,', 'Key类型修改', '', '', '', '40', '0', 'key:keyGeneralInfo:edit', '1', null, '1', null, null, '0');
INSERT INTO SYS_MENU(ID,PARENT_ID,PARENT_IDS,NAME,HREF,TARGET,ICON,SORT,IS_SHOW,PERMISSION,CREATE_BY,CREATE_DATE,UPDATE_BY,UODATE_DATE,REMARKS,DEL_FLAG) VALUES ('153', '131', '0,1,130,131,', '工作记录', '/work/customer/list?status=1', '', 'edit', '30', '1', 'work:workDealInfo:view', '1', null, '1', null, null, '0');
INSERT INTO SYS_MENU(ID,PARENT_ID,PARENT_IDS,NAME,HREF,TARGET,ICON,SORT,IS_SHOW,PERMISSION,CREATE_BY,CREATE_DATE,UPDATE_BY,UODATE_DATE,REMARKS,DEL_FLAG) VALUES ('154', '131', '0,1,130,131,', '工作统计', '/work/workLog/list', '', 'asterisk', '50', '1', 'work:workLog:view', '1', null, '1', null, null, '0');
INSERT INTO SYS_MENU(ID,PARENT_ID,PARENT_IDS,NAME,HREF,TARGET,ICON,SORT,IS_SHOW,PERMISSION,CREATE_BY,CREATE_DATE,UPDATE_BY,UODATE_DATE,REMARKS,DEL_FLAG) VALUES ('155', '147', '0,1,147,', '入库管理', '', '', '', '30', '1', '', '1', null, '1', null, null, '1');
INSERT INTO SYS_MENU(ID,PARENT_ID,PARENT_IDS,NAME,HREF,TARGET,ICON,SORT,IS_SHOW,PERMISSION,CREATE_BY,CREATE_DATE,UPDATE_BY,UODATE_DATE,REMARKS,DEL_FLAG) VALUES ('156', '148', '0,1,147,148,', '库存管理', '/key/keyUsbKeyDepot', '', 'th-large', '20', '1', 'key:keyUsbKeyDepot:view', '1', null, '1', null, null, '0');
INSERT INTO SYS_MENU(ID,PARENT_ID,PARENT_IDS,NAME,HREF,TARGET,ICON,SORT,IS_SHOW,PERMISSION,CREATE_BY,CREATE_DATE,UPDATE_BY,UODATE_DATE,REMARKS,DEL_FLAG) VALUES ('157', '147', '0,1,147,', '库存编辑', '', '', '', '40', '0', 'key:keyUsbKeyDepot:edit', '1', null, '1', null, null, '0');
INSERT INTO SYS_MENU(ID,PARENT_ID,PARENT_IDS,NAME,HREF,TARGET,ICON,SORT,IS_SHOW,PERMISSION,CREATE_BY,CREATE_DATE,UPDATE_BY,UODATE_DATE,REMARKS,DEL_FLAG) VALUES ('158', '147', '0,1,147,', '入库查看', '', '', '', '40', '0', 'key:keyUsbKey:view', '1', null, '1', null, null, '0');
INSERT INTO SYS_MENU(ID,PARENT_ID,PARENT_IDS,NAME,HREF,TARGET,ICON,SORT,IS_SHOW,PERMISSION,CREATE_BY,CREATE_DATE,UPDATE_BY,UODATE_DATE,REMARKS,DEL_FLAG) VALUES ('159', '147', '0,1,147,', '入库编辑', '', '', '', '40', '0', 'key:keyUsbKey:edit', '1', null, '1', null, null, '0');
INSERT INTO SYS_MENU(ID,PARENT_ID,PARENT_IDS,NAME,HREF,TARGET,ICON,SORT,IS_SHOW,PERMISSION,CREATE_BY,CREATE_DATE,UPDATE_BY,UODATE_DATE,REMARKS,DEL_FLAG) VALUES ('160', '148', '0,1,147,148,', '调拨申请', '/key/keyAllocateApply/list', '', 'list-alt', '30', '1', 'key:keyAllocateApply:view', '1', null, '1', null, null, '0');
INSERT INTO SYS_MENU(ID,PARENT_ID,PARENT_IDS,NAME,HREF,TARGET,ICON,SORT,IS_SHOW,PERMISSION,CREATE_BY,CREATE_DATE,UPDATE_BY,UODATE_DATE,REMARKS,DEL_FLAG) VALUES ('161', '147', '0,1,147,', '出库查看', '', '', '', '40', '0', 'key:keyUsbKeyInvoice:view', '1', null, '1', null, null, '0');
INSERT INTO SYS_MENU(ID,PARENT_ID,PARENT_IDS,NAME,HREF,TARGET,ICON,SORT,IS_SHOW,PERMISSION,CREATE_BY,CREATE_DATE,UPDATE_BY,UODATE_DATE,REMARKS,DEL_FLAG) VALUES ('162', '147', '0,1,147,', '出库编辑', '', '', '', '40', '0', 'key:keyUsbKeyInvoice:edit', '1', null, '1', null, null, '0');
INSERT INTO SYS_MENU(ID,PARENT_ID,PARENT_IDS,NAME,HREF,TARGET,ICON,SORT,IS_SHOW,PERMISSION,CREATE_BY,CREATE_DATE,UPDATE_BY,UODATE_DATE,REMARKS,DEL_FLAG) VALUES ('163', '148', '0,1,147,148,', '出库编辑', '', '', '', '67', '0', 'key:keyUsbKeyInvoice:edit', '1', null, '1', null, null, '1');
INSERT INTO SYS_MENU(ID,PARENT_ID,PARENT_IDS,NAME,HREF,TARGET,ICON,SORT,IS_SHOW,PERMISSION,CREATE_BY,CREATE_DATE,UPDATE_BY,UODATE_DATE,REMARKS,DEL_FLAG) VALUES ('164', '147', '0,1,147,', '调拨编辑', '', '', '', '40', '0', 'key:keyAllocateApply:edit', '1', null, '1', null, null, '0');
INSERT INTO SYS_MENU(ID,PARENT_ID,PARENT_IDS,NAME,HREF,TARGET,ICON,SORT,IS_SHOW,PERMISSION,CREATE_BY,CREATE_DATE,UPDATE_BY,UODATE_DATE,REMARKS,DEL_FLAG) VALUES ('165', '148', '0,1,147,148,', '库存统计', '/key/keyUsbKeyDepot/listCount', '', 'bell', '60', '1', 'key:keyUsbKeyDepot:view', '1', null, '1', null, null, '0');
INSERT INTO SYS_MENU(ID,PARENT_ID,PARENT_IDS,NAME,HREF,TARGET,ICON,SORT,IS_SHOW,PERMISSION,CREATE_BY,CREATE_DATE,UPDATE_BY,UODATE_DATE,REMARKS,DEL_FLAG) VALUES ('166', '147', '0,1,147,', '库存查看', '/key/keyUsbKeyDepot/check', '', '', '40', '0', 'key:keyUsbKeyDepot:view', '1', null, '1', null, null, '0');
INSERT INTO SYS_MENU(ID,PARENT_ID,PARENT_IDS,NAME,HREF,TARGET,ICON,SORT,IS_SHOW,PERMISSION,CREATE_BY,CREATE_DATE,UPDATE_BY,UODATE_DATE,REMARKS,DEL_FLAG) VALUES ('167', '27', '0,1,27,', '发票管理', '', '', '', '960', '1', '', '1', null, '1', null, null, '1');
INSERT INTO SYS_MENU(ID,PARENT_ID,PARENT_IDS,NAME,HREF,TARGET,ICON,SORT,IS_SHOW,PERMISSION,CREATE_BY,CREATE_DATE,UPDATE_BY,UODATE_DATE,REMARKS,DEL_FLAG) VALUES ('168', '1', '0,1,', '发票管理', '', '', '', '955', '1', '', '1', null, '1', null, null, '0');
INSERT INTO SYS_MENU(ID,PARENT_ID,PARENT_IDS,NAME,HREF,TARGET,ICON,SORT,IS_SHOW,PERMISSION,CREATE_BY,CREATE_DATE,UPDATE_BY,UODATE_DATE,REMARKS,DEL_FLAG) VALUES ('169', '168', '0,1,168,', '发票管理', '', '', '', '30', '1', '', '1', null, '1', null, null, '0');
INSERT INTO SYS_MENU(ID,PARENT_ID,PARENT_IDS,NAME,HREF,TARGET,ICON,SORT,IS_SHOW,PERMISSION,CREATE_BY,CREATE_DATE,UPDATE_BY,UODATE_DATE,REMARKS,DEL_FLAG) VALUES ('170', '169', '0,1,168,169,', '库存管理', '/receipt/receiptDepotInfo/list', '', 'retweet', '30', '1', 'receipt:receiptDepotInfo:view', '1', null, '1', null, null, '0');
INSERT INTO SYS_MENU(ID,PARENT_ID,PARENT_IDS,NAME,HREF,TARGET,ICON,SORT,IS_SHOW,PERMISSION,CREATE_BY,CREATE_DATE,UPDATE_BY,UODATE_DATE,REMARKS,DEL_FLAG) VALUES ('171', '169', '0,1,168,169,', '调拨申请', '/receipt/receiptAllocateApply/list', '', 'repeat', '40', '1', 'receipt:receiptAllocateApply:view', '1', null, '1', null, null, '0');
INSERT INTO SYS_MENU(ID,PARENT_ID,PARENT_IDS,NAME,HREF,TARGET,ICON,SORT,IS_SHOW,PERMISSION,CREATE_BY,CREATE_DATE,UPDATE_BY,UODATE_DATE,REMARKS,DEL_FLAG) VALUES ('172', '169', '0,1,168,169,', '盘点管理', '/receipt/receiptCheckLog/li', '', 'random', '50', '1', 'receipt:receiptCheckLog:view', '1', null, '1', null, null, '0');
INSERT INTO SYS_MENU(ID,PARENT_ID,PARENT_IDS,NAME,HREF,TARGET,ICON,SORT,IS_SHOW,PERMISSION,CREATE_BY,CREATE_DATE,UPDATE_BY,UODATE_DATE,REMARKS,DEL_FLAG) VALUES ('173', '169', '0,1,168,169,', '发票统计', '/receipt/tong/listTJ', '', 'list', '70', '1', '', '1', null, '1', null, null, '0');
INSERT INTO SYS_MENU(ID,PARENT_ID,PARENT_IDS,NAME,HREF,TARGET,ICON,SORT,IS_SHOW,PERMISSION,CREATE_BY,CREATE_DATE,UPDATE_BY,UODATE_DATE,REMARKS,DEL_FLAG) VALUES ('174', '131', '0,1,130,131,', '消息发布', '/itrust/dynamicmsg', '', 'time', '60', '1', '', '1', null, '1', null, null, '0');
INSERT INTO SYS_MENU(ID,PARENT_ID,PARENT_IDS,NAME,HREF,TARGET,ICON,SORT,IS_SHOW,PERMISSION,CREATE_BY,CREATE_DATE,UPDATE_BY,UODATE_DATE,REMARKS,DEL_FLAG) VALUES ('175', '1', '0,1,', '统计管理', '', '', '', '961', '1', '', '1', null, '1', null, null, '0');
INSERT INTO SYS_MENU(ID,PARENT_ID,PARENT_IDS,NAME,HREF,TARGET,ICON,SORT,IS_SHOW,PERMISSION,CREATE_BY,CREATE_DATE,UPDATE_BY,UODATE_DATE,REMARKS,DEL_FLAG) VALUES ('176', '175', '0,1,175,', '统计管理', '', '', '', '30', '1', '', '1', null, '1', null, null, '0');
INSERT INTO SYS_MENU(ID,PARENT_ID,PARENT_IDS,NAME,HREF,TARGET,ICON,SORT,IS_SHOW,PERMISSION,CREATE_BY,CREATE_DATE,UPDATE_BY,UODATE_DATE,REMARKS,DEL_FLAG) VALUES ('177', '176', '0,1,175,176,', '业务查询', '/work/workDealInfo/businessQuery', '', 'indent-left', '10', '1', 'work:workDealInfo:view', '1', null, '1', null, null, '0');
INSERT INTO SYS_MENU(ID,PARENT_ID,PARENT_IDS,NAME,HREF,TARGET,ICON,SORT,IS_SHOW,PERMISSION,CREATE_BY,CREATE_DATE,UPDATE_BY,UODATE_DATE,REMARKS,DEL_FLAG) VALUES ('178', '1', '0,1,', '日志管理', '', '', '', '962', '1', '', '1', null, '1', null, null, '0');
INSERT INTO SYS_MENU(ID,PARENT_ID,PARENT_IDS,NAME,HREF,TARGET,ICON,SORT,IS_SHOW,PERMISSION,CREATE_BY,CREATE_DATE,UPDATE_BY,UODATE_DATE,REMARKS,DEL_FLAG) VALUES ('179', '178', '0,1,178,', '日志管理', '', '', '', '30', '1', '', '1', null, '1', null, null, '0');
INSERT INTO SYS_MENU(ID,PARENT_ID,PARENT_IDS,NAME,HREF,TARGET,ICON,SORT,IS_SHOW,PERMISSION,CREATE_BY,CREATE_DATE,UPDATE_BY,UODATE_DATE,REMARKS,DEL_FLAG) VALUES ('180', '179', '0,1,178,179,', '前台日志', '/log/terminalLog/list', '', 'repeat', '30', '1', 'log:terminalLog:view', '1', null, '1', null, null, '0');
INSERT INTO SYS_MENU(ID,PARENT_ID,PARENT_IDS,NAME,HREF,TARGET,ICON,SORT,IS_SHOW,PERMISSION,CREATE_BY,CREATE_DATE,UPDATE_BY,UODATE_DATE,REMARKS,DEL_FLAG) VALUES ('181', '179', '0,1,178,179,', '后台日志', '/log/sysLog/list', '', 'headphones', '31', '1', 'log:sysLog:view', '1', null, '1', null, null, '0');
INSERT INTO SYS_MENU(ID,PARENT_ID,PARENT_IDS,NAME,HREF,TARGET,ICON,SORT,IS_SHOW,PERMISSION,CREATE_BY,CREATE_DATE,UPDATE_BY,UODATE_DATE,REMARKS,DEL_FLAG) VALUES ('182', '148', '0,1,147,148,', '盘点管理', '/key/keyCheckLog/', '', 'download', '50', '1', 'key:keyCheckLog:view', '1', null, '1',null, null, '0');
INSERT INTO SYS_MENU(ID,PARENT_ID,PARENT_IDS,NAME,HREF,TARGET,ICON,SORT,IS_SHOW,PERMISSION,CREATE_BY,CREATE_DATE,UPDATE_BY,UODATE_DATE,REMARKS,DEL_FLAG) VALUES ('183', '147', '0,1,147,', '盘点操作', '', '', '', '40', '0', 'key:keyCheckLog:edit', '1', null, '1', null, null, '0');
INSERT INTO SYS_MENU(ID,PARENT_ID,PARENT_IDS,NAME,HREF,TARGET,ICON,SORT,IS_SHOW,PERMISSION,CREATE_BY,CREATE_DATE,UPDATE_BY,UODATE_DATE,REMARKS,DEL_FLAG) VALUES ('184', '1', '0,1,', '结算管理', '', '', '', '957', '1', '', '1', null, '1', null, null, '0');
INSERT INTO SYS_MENU(ID,PARENT_ID,PARENT_IDS,NAME,HREF,TARGET,ICON,SORT,IS_SHOW,PERMISSION,CREATE_BY,CREATE_DATE,UPDATE_BY,UODATE_DATE,REMARKS,DEL_FLAG) VALUES ('185', '184', '0,1,184,', '结算管理', '', '', '', '30', '1', '', '1', null, '1', null, null, '0');
INSERT INTO SYS_MENU(ID,PARENT_ID,PARENT_IDS,NAME,HREF,TARGET,ICON,SORT,IS_SHOW,PERMISSION,CREATE_BY,CREATE_DATE,UPDATE_BY,UODATE_DATE,REMARKS,DEL_FLAG) VALUES ('186', '185', '0,1,184,185,', '代理商结算', '/settle/agentSettle/list', '', 'folder-open', '30', '1', 'profile:configCommercialAgent:view', '1', null, '1', null, null, '0');
INSERT INTO SYS_MENU(ID,PARENT_ID,PARENT_IDS,NAME,HREF,TARGET,ICON,SORT,IS_SHOW,PERMISSION,CREATE_BY,CREATE_DATE,UPDATE_BY,UODATE_DATE,REMARKS,DEL_FLAG) VALUES ('187', '186', '0,1,184,185,186,', '供应商结算', '', '', 'folder-open', '40', '1', '', '1', null, '1', null, null, '1');
INSERT INTO SYS_MENU(ID,PARENT_ID,PARENT_IDS,NAME,HREF,TARGET,ICON,SORT,IS_SHOW,PERMISSION,CREATE_BY,CREATE_DATE,UPDATE_BY,UODATE_DATE,REMARKS,DEL_FLAG) VALUES ('188', '185', '0,1,184,185,', '供应商结算', '/settle/supplierSettle/showTableF', '', 'folder-close', '40', '1', '', '1', null, '1', null, null, '0');
INSERT INTO SYS_MENU(ID,PARENT_ID,PARENT_IDS,NAME,HREF,TARGET,ICON,SORT,IS_SHOW,PERMISSION,CREATE_BY,CREATE_DATE,UPDATE_BY,UODATE_DATE,REMARKS,DEL_FLAG) VALUES ('189', '177', '0,1,175,176,177,', '日经营统计', '/statistic/StatisticDayData', '', '', '30', '1', 'statistic:StatisticDayData:view', '1', null, '1', null, null, '1');
INSERT INTO SYS_MENU(ID,PARENT_ID,PARENT_IDS,NAME,HREF,TARGET,ICON,SORT,IS_SHOW,PERMISSION,CREATE_BY,CREATE_DATE,UPDATE_BY,UODATE_DATE,REMARKS,DEL_FLAG) VALUES ('190', '176', '0,1,175,176,', '日经营统计', '/statistic/StatisticDayData/list', '', 'circle-arrow-up', '30', '1', 'statistic:StatisticDayData:view', '1', null, '1', null, null, '0');
INSERT INTO SYS_MENU(ID,PARENT_ID,PARENT_IDS,NAME,HREF,TARGET,ICON,SORT,IS_SHOW,PERMISSION,CREATE_BY,CREATE_DATE,UPDATE_BY,UODATE_DATE,REMARKS,DEL_FLAG) VALUES ('191', '160', '0,1,147,148,160,', '调拨申请', '', '', '', '30', '0', '', '1', null, '1', null, null, '1');
INSERT INTO SYS_MENU(ID,PARENT_ID,PARENT_IDS,NAME,HREF,TARGET,ICON,SORT,IS_SHOW,PERMISSION,CREATE_BY,CREATE_DATE,UPDATE_BY,UODATE_DATE,REMARKS,DEL_FLAG) VALUES ('192', '148', '0,1,147,148,', '调拨审批', '/key/keyAllocateApply/assessmentList', '', 'headphones', '40', '1', 'key:keyAllocateApply:approval', '1', null, '1', null, null, '0');
INSERT INTO SYS_MENU(ID,PARENT_ID,PARENT_IDS,NAME,HREF,TARGET,ICON,SORT,IS_SHOW,PERMISSION,CREATE_BY,CREATE_DATE,UPDATE_BY,UODATE_DATE,REMARKS,DEL_FLAG) VALUES ('193', '2', '0,1,2,', '系统管理', '', '', '', '30', '1', '', '1', null, '1', null, null, '0');
INSERT INTO SYS_MENU(ID,PARENT_ID,PARENT_IDS,NAME,HREF,TARGET,ICON,SORT,IS_SHOW,PERMISSION,CREATE_BY,CREATE_DATE,UPDATE_BY,UODATE_DATE,REMARKS,DEL_FLAG) VALUES ('194', '1', '0,1,', '前台服务', '', '', '', '999', '0', '', '1', null, '1', null, null, '1');
INSERT INTO SYS_MENU(ID,PARENT_ID,PARENT_IDS,NAME,HREF,TARGET,ICON,SORT,IS_SHOW,PERMISSION,CREATE_BY,CREATE_DATE,UPDATE_BY,UODATE_DATE,REMARKS,DEL_FLAG) VALUES ('195', '196', '0,1,194,196,', '更新服务', '/enroll/gxfw1form', '', '', '30', '1', '', '1', null, '1', null, null, '1');
INSERT INTO SYS_MENU(ID,PARENT_ID,PARENT_IDS,NAME,HREF,TARGET,ICON,SORT,IS_SHOW,PERMISSION,CREATE_BY,CREATE_DATE,UPDATE_BY,UODATE_DATE,REMARKS,DEL_FLAG) VALUES ('196', '194', '0,1,194,', '前台服务', '', '', '', '30', '1', '', '1', null, '1', null, null, '1');
INSERT INTO SYS_MENU(ID,PARENT_ID,PARENT_IDS,NAME,HREF,TARGET,ICON,SORT,IS_SHOW,PERMISSION,CREATE_BY,CREATE_DATE,UPDATE_BY,UODATE_DATE,REMARKS,DEL_FLAG) VALUES ('197', '196', '0,1,194,196,', '补办服务', '/enroll/bbfw1form', '', 'ok', '31', '1', '', '1', null, '1', null, null, '1');
INSERT INTO SYS_MENU(ID,PARENT_ID,PARENT_IDS,NAME,HREF,TARGET,ICON,SORT,IS_SHOW,PERMISSION,CREATE_BY,CREATE_DATE,UPDATE_BY,UODATE_DATE,REMARKS,DEL_FLAG) VALUES ('198', '196', '0,1,194,196,', '变更服务', '/enroll/bzfw1form', '', '', '32', '1', '', '1', null, '1', null, null, '1');
INSERT INTO SYS_MENU(ID,PARENT_ID,PARENT_IDS,NAME,HREF,TARGET,ICON,SORT,IS_SHOW,PERMISSION,CREATE_BY,CREATE_DATE,UPDATE_BY,UODATE_DATE,REMARKS,DEL_FLAG) VALUES ('199', '196', '0,1,194,196,', '吊销服务', '/enroll/dxfw1form', '', 'headphones', '35', '1', '', '1', null, '1', null, null, '1');
INSERT INTO SYS_MENU(ID,PARENT_ID,PARENT_IDS,NAME,HREF,TARGET,ICON,SORT,IS_SHOW,PERMISSION,CREATE_BY,CREATE_DATE,UPDATE_BY,UODATE_DATE,REMARKS,DEL_FLAG) VALUES ('200', '196', '0,1,194,196,', '申请可信设备', '/enroll/ktydsb1form', '', 'home', '37', '1', '', '1', null, '1', null, null, '1');
INSERT INTO SYS_MENU(ID,PARENT_ID,PARENT_IDS,NAME,HREF,TARGET,ICON,SORT,IS_SHOW,PERMISSION,CREATE_BY,CREATE_DATE,UPDATE_BY,UODATE_DATE,REMARKS,DEL_FLAG) VALUES ('201', '196', '0,1,194,196,', '解锁服务', '/enroll/jsfw1form', '', 'download-alt', '30', '1', '', '1', null, '1', null, null, '1');
INSERT INTO SYS_MENU(ID,PARENT_ID,PARENT_IDS,NAME,HREF,TARGET,ICON,SORT,IS_SHOW,PERMISSION,CREATE_BY,CREATE_DATE,UPDATE_BY,UODATE_DATE,REMARKS,DEL_FLAG) VALUES ('202', '148', '0,1,147,148,', '复位管理', '', '', '', '40', '0', 'key:keyCheckLog:reset', '1', null, '1', null, null, '1');
INSERT INTO SYS_MENU(ID,PARENT_ID,PARENT_IDS,NAME,HREF,TARGET,ICON,SORT,IS_SHOW,PERMISSION,CREATE_BY,CREATE_DATE,UPDATE_BY,UODATE_DATE,REMARKS,DEL_FLAG) VALUES ('203', '147', '0,1,147,', '复位', '', '', '', '40', '0', 'key:keyCheckLog:reset', '1', null, '1', null, null, '0');
INSERT INTO SYS_MENU(ID,PARENT_ID,PARENT_IDS,NAME,HREF,TARGET,ICON,SORT,IS_SHOW,PERMISSION,CREATE_BY,CREATE_DATE,UPDATE_BY,UODATE_DATE,REMARKS,DEL_FLAG) VALUES ('204', '79', '0,1,76,79,', '应用导航管理', '/itrust/apps', '', 'repeat', '16', '1', '', '1', null, '1', null, null, '0');
INSERT INTO SYS_MENU(ID,PARENT_ID,PARENT_IDS,NAME,HREF,TARGET,ICON,SORT,IS_SHOW,PERMISSION,CREATE_BY,CREATE_DATE,UPDATE_BY,UODATE_DATE,REMARKS,DEL_FLAG) VALUES ('205', '129', '0,1,128,129,', '主身份管理', '/itrust/mastermanage', '', 'barcode', '999', '1', '', '1', null, '1', null, null, '0');
INSERT INTO SYS_MENU(ID,PARENT_ID,PARENT_IDS,NAME,HREF,TARGET,ICON,SORT,IS_SHOW,PERMISSION,CREATE_BY,CREATE_DATE,UPDATE_BY,UODATE_DATE,REMARKS,DEL_FLAG) VALUES ('206', '129', '0,1,128,129,', '设备管理', '/itrust/devicemanage', '', 'th-list', '1001', '1', '', '1', null, '1', null, null, '0');
INSERT INTO SYS_MENU(ID,PARENT_ID,PARENT_IDS,NAME,HREF,TARGET,ICON,SORT,IS_SHOW,PERMISSION,CREATE_BY,CREATE_DATE,UPDATE_BY,UODATE_DATE,REMARKS,DEL_FLAG) VALUES ('207', '169', '0,1,168,169,', '调拨审批', '/receipt/receiptAllocateApply/listT', '', 'file', '41', '1', 'receipt:receiptAllocateApply:edit', '1', null, '1', null, null, '0');
INSERT INTO SYS_MENU(ID,PARENT_ID,PARENT_IDS,NAME,HREF,TARGET,ICON,SORT,IS_SHOW,PERMISSION,CREATE_BY,CREATE_DATE,UPDATE_BY,UODATE_DATE,REMARKS,DEL_FLAG) VALUES ('208', '168', '0,1,168,', '添加库房', '/receipt/receiptDepotInfo/form', '', '', '40', '0', 'receipt:receiptDepotInfo:addKF', '1', null, '1', null, null, '0');
INSERT INTO SYS_MENU(ID,PARENT_ID,PARENT_IDS,NAME,HREF,TARGET,ICON,SORT,IS_SHOW,PERMISSION,CREATE_BY,CREATE_DATE,UPDATE_BY,UODATE_DATE,REMARKS,DEL_FLAG) VALUES ('209', '168', '0,1,168,', '入库管理', '/receipt/receiptDepotInfo/rukuList', '', '', '40', '0', 'receipt:receiptDepotInfo:view', '1', null, '1', null, null, '0');
INSERT INTO SYS_MENU(ID,PARENT_ID,PARENT_IDS,NAME,HREF,TARGET,ICON,SORT,IS_SHOW,PERMISSION,CREATE_BY,CREATE_DATE,UPDATE_BY,UODATE_DATE,REMARKS,DEL_FLAG) VALUES ('210', '168', '0,1,168,', '入库操作', '/receipt/receiptDepotInfo/rukuFrom', '', '', '40', '0', 'receipt:receiptDepotInfo:show', '1', null, '1', null, null, '0');
INSERT INTO SYS_MENU(ID,PARENT_ID,PARENT_IDS,NAME,HREF,TARGET,ICON,SORT,IS_SHOW,PERMISSION,CREATE_BY,CREATE_DATE,UPDATE_BY,UODATE_DATE,REMARKS,DEL_FLAG) VALUES ('211', '176', '0,1,175,176,', '月经营统计', '/statistic/StatisticDayData/listMonth', '', 'bullhorn', '40', '1', 'statistic:StatisticDayData:view', '1', null, '1', null, null, '0');
INSERT INTO SYS_MENU(ID,PARENT_ID,PARENT_IDS,NAME,HREF,TARGET,ICON,SORT,IS_SHOW,PERMISSION,CREATE_BY,CREATE_DATE,UPDATE_BY,UODATE_DATE,REMARKS,DEL_FLAG) VALUES ('212', '176', '0,1,175,176,', '证书发放统计', '/statistic/statisticCertDataProduct/', '', 'hand-left', '20', '1', 'statistic:statisticCertDataProduct:view', '1', null, '1', null, null, '0');
INSERT INTO SYS_MENU(ID,PARENT_ID,PARENT_IDS,NAME,HREF,TARGET,ICON,SORT,IS_SHOW,PERMISSION,CREATE_BY,CREATE_DATE,UPDATE_BY,UODATE_DATE,REMARKS,DEL_FLAG) VALUES ('213', '128', '0,1,128,', '审核移动设备数量', '', '', '', '40', '0', 'userenroll:trustdevice:audit', '1', null, '1', null, null, '0');
INSERT INTO SYS_MENU(ID,PARENT_ID,PARENT_IDS,NAME,HREF,TARGET,ICON,SORT,IS_SHOW,PERMISSION,CREATE_BY,CREATE_DATE,UPDATE_BY,UODATE_DATE,REMARKS,DEL_FLAG) VALUES ('214', '153', '0,1,130,131,153,', '新增客服记录', '', '', '', '30', '0', 'work:customer:addKFJL', '1', null, '1', null, null, '1');
INSERT INTO SYS_MENU(ID,PARENT_ID,PARENT_IDS,NAME,HREF,TARGET,ICON,SORT,IS_SHOW,PERMISSION,CREATE_BY,CREATE_DATE,UPDATE_BY,UODATE_DATE,REMARKS,DEL_FLAG) VALUES ('215', '131', '0,1,130,131,', '咨询类用户', '/work/workDealInfoFiling/ulist', '', 'th', '40', '1', 'work:workDealInfo:view', '1', null, '1', null, null, '0');
INSERT INTO SYS_MENU(ID,PARENT_ID,PARENT_IDS,NAME,HREF,TARGET,ICON,SORT,IS_SHOW,PERMISSION,CREATE_BY,CREATE_DATE,UPDATE_BY,UODATE_DATE,REMARKS,DEL_FLAG) VALUES ('216', '153', '0,1,130,131,153,', '查看客服记录', '', '', '', '30', '0', '', '1', TO_DATE('2013-05-27 08:00:00','yyyy-MM-dd HH24:mi:ss'), '1', TO_DATE('2013-05-27 08:00:00','yyyy-MM-dd HH24:mi:ss'), null, '0');
INSERT INTO SYS_MENU(ID,PARENT_ID,PARENT_IDS,NAME,HREF,TARGET,ICON,SORT,IS_SHOW,PERMISSION,CREATE_BY,CREATE_DATE,UPDATE_BY,UODATE_DATE,REMARKS,DEL_FLAG) VALUES ('217', '216', '0,1,130,131,153,216,', '新增客服记录', '', '', '', '30', '0', 'work:customer:addKFJL', '1', TO_DATE('2013-05-27 08:00:00','yyyy-MM-dd HH24:mi:ss'), '1', TO_DATE('2013-05-27 08:00:00','yyyy-MM-dd HH24:mi:ss'), null, '0');
INSERT INTO SYS_MENU(ID,PARENT_ID,PARENT_IDS,NAME,HREF,TARGET,ICON,SORT,IS_SHOW,PERMISSION,CREATE_BY,CREATE_DATE,UPDATE_BY,UODATE_DATE,REMARKS,DEL_FLAG) VALUES ('218', '168', '0,1,168,', '盘点', '', '', '', '40', '0', 'receipt:receiptCheckLog:pand', '1', TO_DATE('2013-05-27 08:00:00','yyyy-MM-dd HH24:mi:ss'), '1', TO_DATE('2013-05-27 08:00:00','yyyy-MM-dd HH24:mi:ss'), null, '0');
INSERT INTO SYS_MENU(ID,PARENT_ID,PARENT_IDS,NAME,HREF,TARGET,ICON,SORT,IS_SHOW,PERMISSION,CREATE_BY,CREATE_DATE,UPDATE_BY,UODATE_DATE,REMARKS,DEL_FLAG) VALUES ('219', '168', '0,1,168,', '复位', '', '', '', '30', '0', 'receipt:receiptCheckLog:success', '1', TO_DATE('2013-05-27 08:00:00','yyyy-MM-dd HH24:mi:ss'), '1', TO_DATE('2013-05-27 08:00:00','yyyy-MM-dd HH24:mi:ss'), null, '1');
INSERT INTO SYS_MENU(ID,PARENT_ID,PARENT_IDS,NAME,HREF,TARGET,ICON,SORT,IS_SHOW,PERMISSION,CREATE_BY,CREATE_DATE,UPDATE_BY,UODATE_DATE,REMARKS,DEL_FLAG) VALUES ('220', '168', '0,1,168,', '复位', '', '', '', '40', '0', 'receipt:receiptCheckLog:success', '1', TO_DATE('2013-05-27 08:00:00','yyyy-MM-dd HH24:mi:ss'), '1', TO_DATE('2013-05-27 08:00:00','yyyy-MM-dd HH24:mi:ss'), null, '0');
INSERT INTO SYS_MENU(ID,PARENT_ID,PARENT_IDS,NAME,HREF,TARGET,ICON,SORT,IS_SHOW,PERMISSION,CREATE_BY,CREATE_DATE,UPDATE_BY,UODATE_DATE,REMARKS,DEL_FLAG) VALUES ('221', '153', '0,1,130,131,153,', '客服记录', '/work/workLog/kflist', '', 'flag', '35', '1', 'work:workLog:view', '1', TO_DATE('2013-05-27 08:00:00','yyyy-MM-dd HH24:mi:ss'), '1', TO_DATE('2013-05-27 08:00:00','yyyy-MM-dd HH24:mi:ss'), null, '0');
INSERT INTO SYS_MENU(ID,PARENT_ID,PARENT_IDS,NAME,HREF,TARGET,ICON,SORT,IS_SHOW,PERMISSION,CREATE_BY,CREATE_DATE,UPDATE_BY,UODATE_DATE,REMARKS,DEL_FLAG) VALUES ('222', '131', '0,1,130,131,', '客服记录', '/work/workLog/kflist', '', 'signal', '35', '1', 'work:workLog:view', '1', TO_DATE('2013-05-27 08:00:00','yyyy-MM-dd HH24:mi:ss'), '1', TO_DATE('2013-05-27 08:00:00','yyyy-MM-dd HH24:mi:ss'), null, '0');
INSERT INTO SYS_MENU(ID,PARENT_ID,PARENT_IDS,NAME,HREF,TARGET,ICON,SORT,IS_SHOW,PERMISSION,CREATE_BY,CREATE_DATE,UPDATE_BY,UODATE_DATE,REMARKS,DEL_FLAG) VALUES ('223', '114', '0,1,112,113,114,', '客服/鉴证支付信息维护', '', '', '', '30', '0', 'finance:financePaymentInfo:editForm', '1', TO_DATE('2013-05-27 08:00:00','yyyy-MM-dd HH24:mi:ss'), '1', TO_DATE('2013-05-27 08:00:00','yyyy-MM-dd HH24:mi:ss'), null, '0');
INSERT INTO SYS_MENU(ID,PARENT_ID,PARENT_IDS,NAME,HREF,TARGET,ICON,SORT,IS_SHOW,PERMISSION,CREATE_BY,CREATE_DATE,UPDATE_BY,UODATE_DATE,REMARKS,DEL_FLAG) VALUES ('224', '114', '0,1,112,113,114,', '鉴证客服支付信息编辑', '', '', '', '30', '0', 'finance:financePaymentInfo:editSave', '1', TO_DATE('2013-05-27 08:00:00','yyyy-MM-dd HH24:mi:ss'), '1', TO_DATE('2013-05-27 08:00:00','yyyy-MM-dd HH24:mi:ss'), null, '0');


-- ----------------------------
-- Records of sys_office
-- ----------------------------
INSERT INTO SYS_OFFICE(ID,PARENT_ID,PARENT_IDS,AREA_ID,CODE,NAME,TYPE,GRADE,ADDRESS,ZIP_CODE,MASTER,PHONE,FAX,EMAIL,CREATE_BY,CREATE_DATE,UPDATE_BY,UPDATE_DATE,REMARKS,DEL_FLAG,ONFOUS,AREA_NAME) VALUES ('1', '1', '0,', '2', '100000', '四川CA', '1', '1', '123123123123', '', '', '12321321321321', '', '', '1', TO_DATE('2013-05-27 08:00:00','yyyy-MM-dd HH24:mi:ss'), '1', TO_DATE('2013-05-27 08:00:00','yyyy-MM-dd HH24:mi:ss'), '', '0', '0', '公司领导');
INSERT INTO SYS_OFFICE(ID,PARENT_ID,PARENT_IDS,AREA_ID,CODE,NAME,TYPE,GRADE,ADDRESS,ZIP_CODE,MASTER,PHONE,FAX,EMAIL,CREATE_BY,CREATE_DATE,UPDATE_BY,UPDATE_DATE,REMARKS,DEL_FLAG,ONFOUS,AREA_NAME) VALUES ('34', '1', '0,33', null, '100000', '四川CA网点', '2', '1', '五马路', '1', '1', '1', '1', '1', '1', TO_DATE('2013-05-27 08:00:00','yyyy-MM-dd HH24:mi:ss'), '1', TO_DATE('2013-05-27 08:00:00','yyyy-MM-dd HH24:mi:ss'), '1', '0', '0', '总区域');


-- ----------------------------
-- Records of sys_operate_log
-- ----------------------------
INSERT INTO SYS_OPERATE_LOG(ID,CREATE_DATE,DEL_FLAG,REMARKS,UPDATE_DATE,EXCEPTION,METHOD,PARAMS,REMOTE_ADDR,REQUEST_URI,TYPE,USER_AGENT,CREATE_BY,UPDATE_BY) VALUES ('116', TO_DATE('2013-05-27 08:00:00','yyyy-MM-dd HH24:mi:ss'), '0', '更新系统管理员角色成功', TO_DATE('2013-05-27 08:00:00','yyyy-MM-dd HH24:mi:ss'), null, null, null, null, null, '系统管理', null, '1', '1');
INSERT INTO SYS_OPERATE_LOG(ID,CREATE_DATE,DEL_FLAG,REMARKS,UPDATE_DATE,EXCEPTION,METHOD,PARAMS,REMOTE_ADDR,REQUEST_URI,TYPE,USER_AGENT,CREATE_BY,UPDATE_BY) VALUES ('117', TO_DATE('2013-05-27 08:00:00','yyyy-MM-dd HH24:mi:ss'), '0', '更新解锁审批菜单成功', TO_DATE('2013-05-27 08:00:00','yyyy-MM-dd HH24:mi:ss'), null, null, null, null, null, '系统设置', null, '1', '1');
INSERT INTO SYS_OPERATE_LOG(ID,CREATE_DATE,DEL_FLAG,REMARKS,UPDATE_DATE,EXCEPTION,METHOD,PARAMS,REMOTE_ADDR,REQUEST_URI,TYPE,USER_AGENT,CREATE_BY,UPDATE_BY) VALUES ('118', TO_DATE('2013-05-27 08:00:00','yyyy-MM-dd HH24:mi:ss'), '0', '更新系统管理员角色成功', TO_DATE('2013-05-27 08:00:00','yyyy-MM-dd HH24:mi:ss'), null, null, null, null, null, '系统管理', null, '1', '1');

-- ----------------------------
-- Records of sys_push_setting
-- ----------------------------
INSERT INTO SYS_PUSH_SETTING(ID,MO_PUSH_URL,STATUS_PUSH_URL,USER_ID) VALUES ('1', 'http://www.baidu.com', 'http://www.baidu.com', null);
INSERT INTO SYS_PUSH_SETTING(ID,MO_PUSH_URL,STATUS_PUSH_URL,USER_ID) VALUES ('2', 'http://www.baidu.com', 'http://www.baidu.com', null);
INSERT INTO SYS_PUSH_SETTING(ID,MO_PUSH_URL,STATUS_PUSH_URL,USER_ID) VALUES ('3', 'http://www.baidu.com', 'http://www.baidu.com', null);
INSERT INTO SYS_PUSH_SETTING(ID,MO_PUSH_URL,STATUS_PUSH_URL,USER_ID) VALUES ('4', 'http://www.baidu.com', 'http://www.baidu.com', null);
INSERT INTO SYS_PUSH_SETTING(ID,MO_PUSH_URL,STATUS_PUSH_URL,USER_ID) VALUES ('5', 'http://www.baidu.com', 'http://www.baidu.com', null);
INSERT INTO SYS_PUSH_SETTING(ID,MO_PUSH_URL,STATUS_PUSH_URL,USER_ID) VALUES ('6', 'http://www.baidu.com', 'http://www.baidu.com', '1');


-- ----------------------------
-- Records of sys_role
-- ----------------------------
INSERT INTO SYS_ROLE(ID,OFFICE_ID,NAME,ENNAME,ROLE_TYPE,DATA_SCOPE,CREATE_BY,CREATE_DATE,UPDATE_BY,UPDATE_DATE,REMARKS,DEL_FLAG) VALUES ('1', '1', '系统管理员', '6724de64-b1c1-454a-a21f-c4b40d00e950', '5819e882-03ac-4701-8671-ae754f4f266f', '1', '1', TO_DATE('2013-05-27 08:00:00','yyyy-MM-dd HH24:mi:ss'), '1', TO_DATE('2013-05-27 08:00:00','yyyy-MM-dd HH24:mi:ss'), null, '0');

-- ----------------------------
-- Records of sys_role_menu
-- ----------------------------
INSERT INTO SYS_ROLE_MENU(ROLE_ID,MENU_ID) VALUES ('1', '1');
INSERT INTO SYS_ROLE_MENU(ROLE_ID,MENU_ID) VALUES ('1', '2');
INSERT INTO SYS_ROLE_MENU(ROLE_ID,MENU_ID) VALUES ('1', '3');
INSERT INTO SYS_ROLE_MENU(ROLE_ID,MENU_ID) VALUES ('1', '4');
INSERT INTO SYS_ROLE_MENU(ROLE_ID,MENU_ID) VALUES ('1', '5');
INSERT INTO SYS_ROLE_MENU(ROLE_ID,MENU_ID) VALUES ('1', '6');
INSERT INTO SYS_ROLE_MENU(ROLE_ID,MENU_ID) VALUES ('1', '7');
INSERT INTO SYS_ROLE_MENU(ROLE_ID,MENU_ID) VALUES ('1', '8');
INSERT INTO SYS_ROLE_MENU(ROLE_ID,MENU_ID) VALUES ('1', '9');
INSERT INTO SYS_ROLE_MENU(ROLE_ID,MENU_ID) VALUES ('1', '10');
INSERT INTO SYS_ROLE_MENU(ROLE_ID,MENU_ID) VALUES ('1', '11');
INSERT INTO SYS_ROLE_MENU(ROLE_ID,MENU_ID) VALUES ('1', '12');
INSERT INTO SYS_ROLE_MENU(ROLE_ID,MENU_ID) VALUES ('1', '20');
INSERT INTO SYS_ROLE_MENU(ROLE_ID,MENU_ID) VALUES ('1', '21');
INSERT INTO SYS_ROLE_MENU(ROLE_ID,MENU_ID) VALUES ('1', '22');
INSERT INTO SYS_ROLE_MENU(ROLE_ID,MENU_ID) VALUES ('1', '27');
INSERT INTO SYS_ROLE_MENU(ROLE_ID,MENU_ID) VALUES ('1', '28');
INSERT INTO SYS_ROLE_MENU(ROLE_ID,MENU_ID) VALUES ('1', '29');
INSERT INTO SYS_ROLE_MENU(ROLE_ID,MENU_ID) VALUES ('1', '30');
INSERT INTO SYS_ROLE_MENU(ROLE_ID,MENU_ID) VALUES ('1', '81');
INSERT INTO SYS_ROLE_MENU(ROLE_ID,MENU_ID) VALUES ('1', '83');
INSERT INTO SYS_ROLE_MENU(ROLE_ID,MENU_ID) VALUES ('1', '84');
INSERT INTO SYS_ROLE_MENU(ROLE_ID,MENU_ID) VALUES ('1', '106');
INSERT INTO SYS_ROLE_MENU(ROLE_ID,MENU_ID) VALUES ('1', '193');

-- ----------------------------
-- Records of sys_role_office
-- ----------------------------
INSERT INTO SYS_ROLE_OFFICE(ROLE_ID,OFFICE_ID) VALUES ('1', '34');

-- ----------------------------
-- Records of sys_user
-- ----------------------------
INSERT INTO SYS_USER(ID,COMPANY_ID,OFFICE_ID,LOGIN_NAME,PASSWORD,NO,NAME,EMAIL,PHONE,MOBILE,USER_TYPE,LOGIN_IP,LOGIN_DATE,CREATE_BY,CREATE_DATE,UPDATE_BY,UPDATE_DATE,REMARKS,DEL_FLAG,BALANCE_TYPE,CLASSIFICATIOND,COMPANY_ADDRESS,COMPAY,CP_TYPE,DESCRIPTION,DISCP_ID,IM,IS_REPORT,IS_SPLIT,MSG_TYPE,PARENT_ID,PID,SEND_AREA,SIGN,USER_AREA,WHITE_CNT) VALUES ('1', '1', '34', 'admin', '02a3f0772fcca9f415adc990734b45c6f059c7d33ee28362c4852032', 'ccae91f2-4384-4dd8-a7df-53825129a869', 'SCCA', 'scca@scca.com', '18666666666', '18666666666', '3', '0:0:0:0:0:0:0:1', '2014-09-01 09:50:23', '1', TO_DATE('2013-05-27 08:00:00','yyyy-MM-dd HH24:mi:ss'), '1', TO_DATE('2013-05-27 08:00:00','yyyy-MM-dd HH24:mi:ss'), '最高管理员', '0', null, null, null, null, null, null, null, null, null, null, null, null, null, null, null, null, null);

-- ----------------------------
-- Records of sys_user_channel_info
-- ----------------------------
INSERT INTO SYS_USER_CHANNEL_INFO(ID,USER_ID,CHANNEL_ID,AMOUNT,CREATE_DATE,DEL_FLAG,REMARKS,UPDATE_DATE,CREATE_BY,UPDATE_BY,GATEWAY_ID,RETURNRPT) VALUES ('1', '1', '1', '99999999', null, null, null, null, null, '1', '1', null);
INSERT INTO SYS_USER_CHANNEL_INFO(ID,USER_ID,CHANNEL_ID,AMOUNT,CREATE_DATE,DEL_FLAG,REMARKS,UPDATE_DATE,CREATE_BY,UPDATE_BY,GATEWAY_ID,RETURNRPT) VALUES ('3', '1', '1', '999999999', null, null, null, null, null, null, '2', null);
INSERT INTO SYS_USER_CHANNEL_INFO(ID,USER_ID,CHANNEL_ID,AMOUNT,CREATE_DATE,DEL_FLAG,REMARKS,UPDATE_DATE,CREATE_BY,UPDATE_BY,GATEWAY_ID,RETURNRPT) VALUES ('4', '1', '1', '999999999', TO_DATE('2013-05-27 08:00:00','yyyy-MM-dd HH24:mi:ss'), null, null, null, null, null, '3', null);
INSERT INTO SYS_USER_CHANNEL_INFO(ID,USER_ID,CHANNEL_ID,AMOUNT,CREATE_DATE,DEL_FLAG,REMARKS,UPDATE_DATE,CREATE_BY,UPDATE_BY,GATEWAY_ID,RETURNRPT) VALUES ('5', '70', '1', '0', null, null, null, null, null, null, '1', null);
INSERT INTO SYS_USER_CHANNEL_INFO(ID,USER_ID,CHANNEL_ID,AMOUNT,CREATE_DATE,DEL_FLAG,REMARKS,UPDATE_DATE,CREATE_BY,UPDATE_BY,GATEWAY_ID,RETURNRPT) VALUES ('6', '72', '1', '0', null, null, null, null, null, null, '1', null);
INSERT INTO SYS_USER_CHANNEL_INFO(ID,USER_ID,CHANNEL_ID,AMOUNT,CREATE_DATE,DEL_FLAG,REMARKS,UPDATE_DATE,CREATE_BY,UPDATE_BY,GATEWAY_ID,RETURNRPT) VALUES ('7', '50', '1', '24', TO_DATE('2013-05-27 08:00:00','yyyy-MM-dd HH24:mi:ss'), '0', null, TO_DATE('2013-05-27 08:00:00','yyyy-MM-dd HH24:mi:ss'), '1', '1', '1', null);
INSERT INTO SYS_USER_CHANNEL_INFO(ID,USER_ID,CHANNEL_ID,AMOUNT,CREATE_DATE,DEL_FLAG,REMARKS,UPDATE_DATE,CREATE_BY,UPDATE_BY,GATEWAY_ID,RETURNRPT) VALUES ('8', '76', '1', '0', TO_DATE('2013-05-27 08:00:00','yyyy-MM-dd HH24:mi:ss'), '0', null, TO_DATE('2013-05-27 08:00:00','yyyy-MM-dd HH24:mi:ss'), '1', '1', '1', null);
INSERT INTO SYS_USER_CHANNEL_INFO(ID,USER_ID,CHANNEL_ID,AMOUNT,CREATE_DATE,DEL_FLAG,REMARKS,UPDATE_DATE,CREATE_BY,UPDATE_BY,GATEWAY_ID,RETURNRPT) VALUES ('9', '77', '1', '1000000', TO_DATE('2013-05-27 08:00:00','yyyy-MM-dd HH24:mi:ss'), '0', '', TO_DATE('2013-05-27 08:00:00','yyyy-MM-dd HH24:mi:ss'), '1', '1', '1', null);
INSERT INTO SYS_USER_CHANNEL_INFO(ID,USER_ID,CHANNEL_ID,AMOUNT,CREATE_DATE,DEL_FLAG,REMARKS,UPDATE_DATE,CREATE_BY,UPDATE_BY,GATEWAY_ID,RETURNRPT) VALUES ('10', '77', '1', '222277', TO_DATE('2013-05-27 08:00:00','yyyy-MM-dd HH24:mi:ss'), '0', '', TO_DATE('2013-05-27 08:00:00','yyyy-MM-dd HH24:mi:ss'), '1', '78', '2', null);
INSERT INTO SYS_USER_CHANNEL_INFO(ID,USER_ID,CHANNEL_ID,AMOUNT,CREATE_DATE,DEL_FLAG,REMARKS,UPDATE_DATE,CREATE_BY,UPDATE_BY,GATEWAY_ID,RETURNRPT) VALUES ('11', '77', '1', '999', TO_DATE('2013-05-27 08:00:00','yyyy-MM-dd HH24:mi:ss'), '0', '', TO_DATE('2013-05-27 08:00:00','yyyy-MM-dd HH24:mi:ss'), '1', null, '3', null);
INSERT INTO SYS_USER_CHANNEL_INFO(ID,USER_ID,CHANNEL_ID,AMOUNT,CREATE_DATE,DEL_FLAG,REMARKS,UPDATE_DATE,CREATE_BY,UPDATE_BY,GATEWAY_ID,RETURNRPT) VALUES ('12', '77', '1', '0', TO_DATE('2013-05-27 08:00:00','yyyy-MM-dd HH24:mi:ss'), '0', '', TO_DATE('2013-05-27 08:00:00','yyyy-MM-dd HH24:mi:ss'), '1', null, '4', null);

-- ----------------------------
-- Records of sys_user_role
-- ----------------------------
INSERT INTO SYS_USER_ROLE(USER_ID,ROLE_ID) VALUES ('1', '1');
